Compilación iniciada a las 07/03/2026 06.11.35.
El nivel de detalle de registro está establecido en Detailed.     0>Proceso: "C:\Program Files\dotnet\dotnet.exe"
       Ruta de acceso al ejecutable de MSBuild: "C:\Program Files\dotnet\sdk\10.0.103\MSBuild.dll"
       Argumentos de la línea de comandos: "C:\Program Files\dotnet\sdk\10.0.103\MSBuild.dll -maxcpucount --verbosity:m -tlp:default=auto --property:NuGetInteractive=true --restoreProperty:NuGetInteractive=true --restoreProperty:EnableDefaultCompileItems=false --restoreProperty:EnableDefaultEmbeddedResourceItems=false --restoreProperty:EnableDefaultNoneItems=false --target:Rebuild e:\Documentos\Proyectos\Spherikal\Spherical\src\Spherical\Spherical.csproj -flp:logfile=build2.log -consoleloggerparameters:Summary -restore -distributedlogger:Microsoft.DotNet.Cli.Commands.MSBuild.MSBuildLogger,C:\Program Files\dotnet\sdk\10.0.103\dotnet.dll*Microsoft.DotNet.Cli.Commands.MSBuild.MSBuildForwardingLogger,C:\Program Files\dotnet\sdk\10.0.103\dotnet.dll -nologo"
       Directorio actual: "E:\Documentos\Proyectos\Spherikal\Spherical\src\Spherical"
       Versión de MSBuild: "18.0.11+c2435c3e0"
       De acuerdo con la clave del Registro de Windows LongPathsEnabled, la característica LongPaths está habilitada.
       Según la clave del Registro de Windows VerifiedAndReputablePolicyState, estado SAC = 0: desactivado.
       El SDK "Microsoft.NET.Sdk.Web" se resolvió correctamente mediante el resolvedor "DefaultSdkResolver" a la ubicación "C:\Program Files\dotnet\sdk\10.0.103\Sdks\Microsoft.NET.Sdk.Web\Sdk" y la versión "".
       Ensamblado cargado durante Evaluation: NuGet.Frameworks, Version=7.0.2.0, Culture=neutral, PublicKeyToken=31bf3856ad364e35(ubicación: C:\Program Files\dotnet\sdk\10.0.103\NuGet.Frameworks.dll, MVID: 1b7b49ca-9945-4cfa-824f-5d73c248e8d6, AssemblyLoadContext: Assembly.LoadFile(C:\Program Files\dotnet\sdk\10.0.103\NuGet.Frameworks.dll))
       El SDK "Microsoft.NET.Sdk" se resolvió correctamente mediante el resolvedor "DefaultSdkResolver" a la ubicación "C:\Program Files\dotnet\sdk\10.0.103\Sdks\Microsoft.NET.Sdk\Sdk" y la versión "".
       C:\Program Files\dotnet\sdk\10.0.103\Sdks\Microsoft.NET.Sdk\Sdk\Sdk.props(49,11): message : Propiedad "MSBuildExtensionsPath" con el valor "C:\Program Files\dotnet\sdk\10.0.103\" expandido desde el entorno.
       C:\Program Files\dotnet\sdk\10.0.103\Current\Microsoft.Common.props(60,5): message : Reasignación de propiedad: $(MSBuildProjectExtensionsPath)="e:\Documentos\Proyectos\Spherikal\Spherical\src\Spherical\obj\" (valor anterior: "obj\") en C:\Program Files\dotnet\sdk\10.0.103\Current\Microsoft.Common.props (60,5)
       C:\Program Files\dotnet\sdk\10.0.103\Current\Microsoft.Common.props(84,119): message : Propiedad "MSBuildUserExtensionsPath" con el valor "D:\Usuarios\german.alvarez\AppData\Local\Microsoft\MSBuild" expandido desde el entorno.
       Ensamblado cargado durante Evaluation: System.Threading.Tasks.Parallel, Version=10.0.0.0, Culture=neutral, PublicKeyToken=b03f5f7f11d50a3a(ubicación: C:\Program Files\dotnet\shared\Microsoft.NETCore.App\10.0.3\System.Threading.Tasks.Parallel.dll, MVID: 484bafc2-9f0e-4e62-8af6-e65d5cd71f84, AssemblyLoadContext: Default)
       C:\Program Files\dotnet\sdk\10.0.103\Sdks\Microsoft.NET.Sdk\targets\Microsoft.NET.Sdk.props(90,5): message : Reasignación de propiedad: $(AssemblySearchPaths)="{CandidateAssemblyFiles};{HintPathFromItem}" (valor anterior: "{CandidateAssemblyFiles}") en C:\Program Files\dotnet\sdk\10.0.103\Sdks\Microsoft.NET.Sdk\targets\Microsoft.NET.Sdk.props (90,5)
       C:\Program Files\dotnet\sdk\10.0.103\Sdks\Microsoft.NET.Sdk\targets\Microsoft.NET.Sdk.props(91,5): message : Reasignación de propiedad: $(AssemblySearchPaths)="{CandidateAssemblyFiles};{HintPathFromItem};{TargetFrameworkDirectory}" (valor anterior: "{CandidateAssemblyFiles};{HintPathFromItem}") en C:\Program Files\dotnet\sdk\10.0.103\Sdks\Microsoft.NET.Sdk\targets\Microsoft.NET.Sdk.props (91,5)
       C:\Program Files\dotnet\sdk\10.0.103\Sdks\Microsoft.NET.Sdk\targets\Microsoft.NET.Sdk.props(92,5): message : Reasignación de propiedad: $(AssemblySearchPaths)="{CandidateAssemblyFiles};{HintPathFromItem};{TargetFrameworkDirectory};{RawFileName}" (valor anterior: "{CandidateAssemblyFiles};{HintPathFromItem};{TargetFrameworkDirectory}") en C:\Program Files\dotnet\sdk\10.0.103\Sdks\Microsoft.NET.Sdk\targets\Microsoft.NET.Sdk.props (92,5)
       El resolvedor "DefaultSdkResolver" intentó resolver el SDK "Microsoft.NET.SDK.WorkloadAutoImportPropsLocator".
       Advertencias: null
       Errores: MSB4276: La resolución predeterminada del SDK no pudo resolver el SDK "Microsoft.NET.SDK.WorkloadAutoImportPropsLocator" porque el directorio "C:\Program Files\dotnet\sdk\10.0.103\Sdks\Microsoft.NET.SDK.WorkloadAutoImportPropsLocator\Sdk" no existía.
       Ensamblado cargado durante Evaluation: Microsoft.Build.NuGetSdkResolver, Version=7.0.2.0, Culture=neutral, PublicKeyToken=31bf3856ad364e35(ubicación: C:\Program Files\dotnet\sdk\10.0.103\Microsoft.Build.NuGetSdkResolver.dll, MVID: db6aefef-493b-4de6-a593-ae519e8edd6f, AssemblyLoadContext: MSBuild plugin C:\Program Files\dotnet\sdk\10.0.103\Microsoft.Build.NuGetSdkResolver.dll)
       Ensamblado cargado durante Evaluation: NuGet.Common, Version=7.0.2.0, Culture=neutral, PublicKeyToken=31bf3856ad364e35(ubicación: C:\Program Files\dotnet\sdk\10.0.103\NuGet.Common.dll, MVID: 9a75e9a2-ebcf-4c20-863c-86b8d21a910c, AssemblyLoadContext: MSBuild plugin C:\Program Files\dotnet\sdk\10.0.103\Microsoft.Build.NuGetSdkResolver.dll)
       Ensamblado cargado durante Evaluation: Microsoft.NET.Sdk.WorkloadMSBuildSdkResolver, Version=10.0.103.0, Culture=neutral, PublicKeyToken=31bf3856ad364e35(ubicación: C:\Program Files\dotnet\sdk\10.0.103\Microsoft.NET.Sdk.WorkloadMSBuildSdkResolver.dll, MVID: 32d497b5-3f90-4858-91ed-bef3ae025be9, AssemblyLoadContext: MSBuild plugin C:\Program Files\dotnet\sdk\10.0.103\Microsoft.NET.Sdk.WorkloadMSBuildSdkResolver.dll)
       Ensamblado cargado durante Evaluation: Microsoft.DotNet.Cli.Utils, Version=10.0.103.0, Culture=neutral, PublicKeyToken=adb9793829ddae60(ubicación: C:\Program Files\dotnet\sdk\10.0.103\Microsoft.DotNet.Cli.Utils.dll, MVID: 0c51fd09-7ce3-414f-b142-ef79f42ae85b, AssemblyLoadContext: MSBuild plugin C:\Program Files\dotnet\sdk\10.0.103\Microsoft.NET.Sdk.WorkloadMSBuildSdkResolver.dll)
       Ensamblado cargado durante Evaluation: Microsoft.NET.Sdk.WorkloadManifestReader, Version=10.0.103.0, Culture=neutral, PublicKeyToken=adb9793829ddae60(ubicación: C:\Program Files\dotnet\sdk\10.0.103\Microsoft.NET.Sdk.WorkloadManifestReader.dll, MVID: 4fc5b50b-0d78-444c-9b7f-2f8a62d0eac5, AssemblyLoadContext: MSBuild plugin C:\Program Files\dotnet\sdk\10.0.103\Microsoft.NET.Sdk.WorkloadMSBuildSdkResolver.dll)
       Ensamblado cargado durante Evaluation: Microsoft.Deployment.DotNet.Releases, Version=2.0.0.0, Culture=neutral, PublicKeyToken=31bf3856ad364e35(ubicación: C:\Program Files\dotnet\sdk\10.0.103\Microsoft.Deployment.DotNet.Releases.dll, MVID: ea43f8b8-b27f-4976-9d85-2b4f42217a94, AssemblyLoadContext: MSBuild plugin C:\Program Files\dotnet\sdk\10.0.103\Microsoft.NET.Sdk.WorkloadMSBuildSdkResolver.dll)
       El SDK "Microsoft.NET.SDK.WorkloadAutoImportPropsLocator" se resolvió correctamente mediante el resolvedor "Microsoft.DotNet.MSBuildWorkloadSdkResolver" a la ubicación "C:\Program Files\dotnet\packs\Microsoft.Android.Sdk.Windows\36.1.2\Sdk" y la versión "null".
       El SDK "Microsoft.NET.Sdk.Razor" se resolvió correctamente mediante el resolvedor "DefaultSdkResolver" a la ubicación "C:\Program Files\dotnet\sdk\10.0.103\Sdks\Microsoft.NET.Sdk.Razor\Sdk" y la versión "".
       El SDK "Microsoft.NET.Sdk.StaticWebAssets" se resolvió correctamente mediante el resolvedor "DefaultSdkResolver" a la ubicación "C:\Program Files\dotnet\sdk\10.0.103\Sdks\Microsoft.NET.Sdk.StaticWebAssets\Sdk" y la versión "".
       C:\Program Files\dotnet\sdk\10.0.103\Sdks\Microsoft.NET.Sdk.StaticWebAssets\Sdk\Sdk.StaticWebAssets.StaticAssets.ProjectSystem.props(23,5): message : Reasignación de propiedad: $(DefaultItemExcludes)=";**\node_modules\**;node_modules\**;**\jspm_packages\**;jspm_packages\**" (valor anterior: ";**\node_modules\**;node_modules\**") en C:\Program Files\dotnet\sdk\10.0.103\Sdks\Microsoft.NET.Sdk.StaticWebAssets\Sdk\Sdk.StaticWebAssets.StaticAssets.ProjectSystem.props (23,5)
       C:\Program Files\dotnet\sdk\10.0.103\Sdks\Microsoft.NET.Sdk.StaticWebAssets\Sdk\Sdk.StaticWebAssets.StaticAssets.ProjectSystem.props(24,5): message : Reasignación de propiedad: $(DefaultItemExcludes)=";**\node_modules\**;node_modules\**;**\jspm_packages\**;jspm_packages\**;**\bower_components\**;bower_components\**" (valor anterior: ";**\node_modules\**;node_modules\**;**\jspm_packages\**;jspm_packages\**") en C:\Program Files\dotnet\sdk\10.0.103\Sdks\Microsoft.NET.Sdk.StaticWebAssets\Sdk\Sdk.StaticWebAssets.StaticAssets.ProjectSystem.props (24,5)
       C:\Program Files\dotnet\sdk\10.0.103\Sdks\Microsoft.NET.Sdk.StaticWebAssets\Sdk\Sdk.StaticWebAssets.StaticAssets.ProjectSystem.props(25,5): message : Reasignación de propiedad: $(DefaultItemExcludes)=";**\node_modules\**;node_modules\**;**\jspm_packages\**;jspm_packages\**;**\bower_components\**;bower_components\**;**\packages.lock.json" (valor anterior: ";**\node_modules\**;node_modules\**;**\jspm_packages\**;jspm_packages\**;**\bower_components\**;bower_components\**") en C:\Program Files\dotnet\sdk\10.0.103\Sdks\Microsoft.NET.Sdk.StaticWebAssets\Sdk\Sdk.StaticWebAssets.StaticAssets.ProjectSystem.props (25,5)
       El SDK "Microsoft.NET.Sdk.Web.ProjectSystem" se resolvió correctamente mediante el resolvedor "DefaultSdkResolver" a la ubicación "C:\Program Files\dotnet\sdk\10.0.103\Sdks\Microsoft.NET.Sdk.Web.ProjectSystem\Sdk" y la versión "".
       C:\Program Files\dotnet\sdk\10.0.103\Sdks\Microsoft.NET.Sdk.Web.ProjectSystem\targets\Microsoft.NET.Sdk.Web.ProjectSystem.props(16,5): message : Reasignación de propiedad: $(OutputType)="Exe" (valor anterior: "Library") en C:\Program Files\dotnet\sdk\10.0.103\Sdks\Microsoft.NET.Sdk.Web.ProjectSystem\targets\Microsoft.NET.Sdk.Web.ProjectSystem.props (16,5)
       El SDK "Microsoft.NET.Sdk.Publish" se resolvió correctamente mediante el resolvedor "DefaultSdkResolver" a la ubicación "C:\Program Files\dotnet\sdk\10.0.103\Sdks\Microsoft.NET.Sdk.Publish\Sdk" y la versión "".
       C:\Program Files\dotnet\sdk\10.0.103\Sdks\Microsoft.NET.Sdk\targets\Microsoft.NET.Sdk.ImportPublishProfile.targets(28,5): message : Reasignación de propiedad: $(PublishProfileImported)="false" (valor anterior: "true") en C:\Program Files\dotnet\sdk\10.0.103\Sdks\Microsoft.NET.Sdk\targets\Microsoft.NET.Sdk.ImportPublishProfile.targets (28,5)
       C:\Program Files\dotnet\sdk\10.0.103\Sdks\Microsoft.NET.Sdk\targets\Microsoft.NET.TargetFrameworkInference.targets(81,5): message : Reasignación de propiedad: $(TargetPlatformVersion)="" (valor anterior: "0.0") en C:\Program Files\dotnet\sdk\10.0.103\Sdks\Microsoft.NET.Sdk\targets\Microsoft.NET.TargetFrameworkInference.targets (81,5)
       C:\Program Files\dotnet\sdk\10.0.103\Sdks\Microsoft.NET.Sdk\targets\Microsoft.NET.DefaultOutputPaths.targets(126,5): message : Reasignación de propiedad: $(DefaultItemExcludes)=";**\node_modules\**;node_modules\**;**\jspm_packages\**;jspm_packages\**;**\bower_components\**;bower_components\**;**\packages.lock.json;bin\Debug\/**" (valor anterior: ";**\node_modules\**;node_modules\**;**\jspm_packages\**;jspm_packages\**;**\bower_components\**;bower_components\**;**\packages.lock.json") en C:\Program Files\dotnet\sdk\10.0.103\Sdks\Microsoft.NET.Sdk\targets\Microsoft.NET.DefaultOutputPaths.targets (126,5)
       C:\Program Files\dotnet\sdk\10.0.103\Sdks\Microsoft.NET.Sdk\targets\Microsoft.NET.DefaultOutputPaths.targets(127,5): message : Reasignación de propiedad: $(DefaultItemExcludes)=";**\node_modules\**;node_modules\**;**\jspm_packages\**;jspm_packages\**;**\bower_components\**;bower_components\**;**\packages.lock.json;bin\Debug\/**;obj\Debug\/**" (valor anterior: ";**\node_modules\**;node_modules\**;**\jspm_packages\**;jspm_packages\**;**\bower_components\**;bower_components\**;**\packages.lock.json;bin\Debug\/**") en C:\Program Files\dotnet\sdk\10.0.103\Sdks\Microsoft.NET.Sdk\targets\Microsoft.NET.DefaultOutputPaths.targets (127,5)
       C:\Program Files\dotnet\sdk\10.0.103\Sdks\Microsoft.NET.Sdk\targets\Microsoft.NET.DefaultOutputPaths.targets(142,5): message : Reasignación de propiedad: $(OutputPath)="bin\Debug\net10.0\" (valor anterior: "bin\Debug\") en C:\Program Files\dotnet\sdk\10.0.103\Sdks\Microsoft.NET.Sdk\targets\Microsoft.NET.DefaultOutputPaths.targets (142,5)
       C:\Program Files\dotnet\sdk\10.0.103\Sdks\Microsoft.NET.Sdk\targets\Microsoft.NET.DefaultOutputPaths.targets(147,5): message : Reasignación de propiedad: $(IntermediateOutputPath)="obj\Debug\net10.0\" (valor anterior: "obj\Debug\") en C:\Program Files\dotnet\sdk\10.0.103\Sdks\Microsoft.NET.Sdk\targets\Microsoft.NET.DefaultOutputPaths.targets (147,5)
       El resolvedor "DefaultSdkResolver" intentó resolver el SDK "Microsoft.NET.SDK.WorkloadManifestTargetsLocator".
       Advertencias: null
       Errores: MSB4276: La resolución predeterminada del SDK no pudo resolver el SDK "Microsoft.NET.SDK.WorkloadManifestTargetsLocator" porque el directorio "C:\Program Files\dotnet\sdk\10.0.103\Sdks\Microsoft.NET.SDK.WorkloadManifestTargetsLocator\Sdk" no existía.
       El SDK "Microsoft.NET.SDK.WorkloadManifestTargetsLocator" se resolvió correctamente mediante el resolvedor "Microsoft.DotNet.MSBuildWorkloadSdkResolver" a la ubicación "C:\Program Files\dotnet\sdk-manifests\10.0.100\microsoft.net.sdk.android\36.1.2" y la versión "null".
       C:\Program Files\dotnet\sdk\10.0.103\Sdks\Microsoft.NET.Sdk\targets\Microsoft.NET.Sdk.BeforeCommon.targets(371,5): message : Reasignación de propiedad: $(RoslynTargetsPath)="C:\Program Files\dotnet\sdk\10.0.103\Sdks\Microsoft.NET.Sdk\targets\..\..\..\Roslyn" (valor anterior: "C:\Program Files\dotnet\sdk\10.0.103\Roslyn") en C:\Program Files\dotnet\sdk\10.0.103\Sdks\Microsoft.NET.Sdk\targets\Microsoft.NET.Sdk.BeforeCommon.targets (371,5)
       C:\Program Files\dotnet\sdk\10.0.103\Roslyn\Microsoft.Managed.Core.targets(6,5): message : Reasignación de propiedad: $(_BuildTasksDirectory)="C:\Program Files\dotnet\sdk\10.0.103\Sdks\Microsoft.NET.Sdk\targets\..\..\..\Roslyn\" (valor anterior: "C:\Program Files\dotnet\sdk\10.0.103\Roslyn\") en C:\Program Files\dotnet\sdk\10.0.103\Roslyn\Microsoft.Managed.Core.targets (6,5)
       C:\Program Files\dotnet\sdk\10.0.103\Roslyn\Microsoft.CSharp.Core.targets(200,5): message : Reasignación de propiedad: $(CommandLineArgsForDesignTimeEvaluation)="-langversion:14.0 -define:TRACE" (valor anterior: "-langversion:14.0") en C:\Program Files\dotnet\sdk\10.0.103\Roslyn\Microsoft.CSharp.Core.targets (200,5)
       Ensamblado cargado durante Evaluation: Microsoft.Build.Utilities.Core, Version=15.1.0.0, Culture=neutral, PublicKeyToken=b03f5f7f11d50a3a(ubicación: C:\Program Files\dotnet\sdk\10.0.103\Microsoft.Build.Utilities.Core.dll, MVID: f1451a5e-5f7f-4573-9f12-a7d129e87106, AssemblyLoadContext: Default)
       C:\Program Files\dotnet\sdk\10.0.103\Microsoft.Common.CurrentVersion.targets(175,5): message : Reasignación de propiedad: $(_DebugSymbolsProduced)="true" (valor anterior: "false") en C:\Program Files\dotnet\sdk\10.0.103\Microsoft.Common.CurrentVersion.targets (175,5)
       C:\Program Files\dotnet\sdk\10.0.103\Microsoft.Common.CurrentVersion.targets(185,5): message : Reasignación de propiedad: $(_DocumentationFileProduced)="false" (valor anterior: "true") en C:\Program Files\dotnet\sdk\10.0.103\Microsoft.Common.CurrentVersion.targets (185,5)
       C:\Program Files\dotnet\sdk\10.0.103\Microsoft.Common.CurrentVersion.targets(393,5): message : Reasignación de propiedad: $(MSBuildCopyMarkerName)="Spherical.csproj.Up2Date" (valor anterior: "Spherical.csproj") en C:\Program Files\dotnet\sdk\10.0.103\Microsoft.Common.CurrentVersion.targets (393,5)
       C:\Program Files\dotnet\sdk\10.0.103\Microsoft.Common.CurrentVersion.targets(541,5): message : Reasignación de propiedad: $(ProcessorArchitecture)="msil" (valor anterior: "") en C:\Program Files\dotnet\sdk\10.0.103\Microsoft.Common.CurrentVersion.targets (541,5)
       C:\Program Files\dotnet\sdk\10.0.103\Microsoft.Common.CurrentVersion.targets(580,5): message : Reasignación de propiedad: $(DelaySign)="" (valor anterior: "false") en C:\Program Files\dotnet\sdk\10.0.103\Microsoft.Common.CurrentVersion.targets (580,5)
       C:\Program Files\dotnet\sdk\10.0.103\Microsoft.Common.CurrentVersion.targets(2606,5): message : Propiedad "LOCALAPPDATA" con el valor "D:\Usuarios\german.alvarez\AppData\Local" expandido desde el entorno.
       C:\Program Files\dotnet\sdk\10.0.103\Microsoft.Common.CurrentVersion.targets(3934,5): message : Reasignación de propiedad: $(_SGenGenerateSerializationAssembliesConfig)="Auto" (valor anterior: "") en C:\Program Files\dotnet\sdk\10.0.103\Microsoft.Common.CurrentVersion.targets (3934,5)
       C:\Program Files\dotnet\sdk\10.0.103\Microsoft.Common.CurrentVersion.targets(3935,5): message : Reasignación de propiedad: $(_SGenGenerateSerializationAssembliesConfig)="Off" (valor anterior: "Auto") en C:\Program Files\dotnet\sdk\10.0.103\Microsoft.Common.CurrentVersion.targets (3935,5)
       C:\Program Files\dotnet\sdk\10.0.103\Microsoft.Common.CurrentVersion.targets(5146,5): message : Reasignación de propiedad: $(_TargetsThatPrepareProjectReferences)="
       C:\Program Files\dotnet\sdk\10.0.103\Microsoft.Common.CurrentVersion.targets(5146,5): message :       AssignProjectConfiguration;
       C:\Program Files\dotnet\sdk\10.0.103\Microsoft.Common.CurrentVersion.targets(5146,5): message :       _SplitProjectReferencesByFileExistence
       C:\Program Files\dotnet\sdk\10.0.103\Microsoft.Common.CurrentVersion.targets(5146,5): message :     " (valor anterior: "_SplitProjectReferencesByFileExistence") en C:\Program Files\dotnet\sdk\10.0.103\Microsoft.Common.CurrentVersion.targets (5146,5)
       C:\Program Files\dotnet\sdk\10.0.103\Microsoft.Common.CurrentVersion.targets(6959,5): message : Propiedad "MSBuildExtensionsPath32" con el valor "C:\Program Files\dotnet\sdk\10.0.103" expandido desde el entorno.
       La propiedad "NuGetInteractive" es global y no se puede modificar.
       C:\Program Files\dotnet\sdk\10.0.103\Sdks\Microsoft.NET.Sdk\targets\Microsoft.PackageDependencyResolution.targets(24,5): message : Reasignación de propiedad: $(ProjectAssetsFile)="e:\Documentos\Proyectos\Spherikal\Spherical\src\Spherical\obj\project.assets.json" (valor anterior: "e:\Documentos\Proyectos\Spherikal\Spherical\src\Spherical\obj\/project.assets.json") en C:\Program Files\dotnet\sdk\10.0.103\Sdks\Microsoft.NET.Sdk\targets\Microsoft.PackageDependencyResolution.targets (24,5)
       C:\Program Files\dotnet\sdk\10.0.103\Sdks\Microsoft.NET.Sdk\targets\Microsoft.PackageDependencyResolution.targets(29,5): message : Reasignación de propiedad: $(ProjectAssetsCacheFile)="e:\Documentos\Proyectos\Spherikal\Spherical\src\Spherical\obj\Debug\net10.0\Spherical.assets.cache" (valor anterior: "obj\Debug\net10.0\Spherical.assets.cache") en C:\Program Files\dotnet\sdk\10.0.103\Sdks\Microsoft.NET.Sdk\targets\Microsoft.PackageDependencyResolution.targets (29,5)
       C:\Program Files\dotnet\sdk\10.0.103\Sdks\Microsoft.NET.Sdk\targets\Microsoft.PackageDependencyResolution.targets(80,5): message : Reasignación de propiedad: $(ResolveAssemblyReferencesDependsOn)="
       C:\Program Files\dotnet\sdk\10.0.103\Sdks\Microsoft.NET.Sdk\targets\Microsoft.PackageDependencyResolution.targets(80,5): message :       
       C:\Program Files\dotnet\sdk\10.0.103\Sdks\Microsoft.NET.Sdk\targets\Microsoft.PackageDependencyResolution.targets(80,5): message :       ResolveProjectReferences;
       C:\Program Files\dotnet\sdk\10.0.103\Sdks\Microsoft.NET.Sdk\targets\Microsoft.PackageDependencyResolution.targets(80,5): message :       FindInvalidProjectReferences;
       C:\Program Files\dotnet\sdk\10.0.103\Sdks\Microsoft.NET.Sdk\targets\Microsoft.PackageDependencyResolution.targets(80,5): message :       GetFrameworkPaths;
       C:\Program Files\dotnet\sdk\10.0.103\Sdks\Microsoft.NET.Sdk\targets\Microsoft.PackageDependencyResolution.targets(80,5): message :       GetReferenceAssemblyPaths;
       C:\Program Files\dotnet\sdk\10.0.103\Sdks\Microsoft.NET.Sdk\targets\Microsoft.PackageDependencyResolution.targets(80,5): message :       PrepareForBuild;
       C:\Program Files\dotnet\sdk\10.0.103\Sdks\Microsoft.NET.Sdk\targets\Microsoft.PackageDependencyResolution.targets(80,5): message :       ResolveSDKReferences;
       C:\Program Files\dotnet\sdk\10.0.103\Sdks\Microsoft.NET.Sdk\targets\Microsoft.PackageDependencyResolution.targets(80,5): message :       ExpandSDKReferences;
       C:\Program Files\dotnet\sdk\10.0.103\Sdks\Microsoft.NET.Sdk\targets\Microsoft.PackageDependencyResolution.targets(80,5): message :     ;
       C:\Program Files\dotnet\sdk\10.0.103\Sdks\Microsoft.NET.Sdk\targets\Microsoft.PackageDependencyResolution.targets(80,5): message :       ResolvePackageDependenciesForBuild;
       C:\Program Files\dotnet\sdk\10.0.103\Sdks\Microsoft.NET.Sdk\targets\Microsoft.PackageDependencyResolution.targets(80,5): message :       _HandlePackageFileConflicts;
       C:\Program Files\dotnet\sdk\10.0.103\Sdks\Microsoft.NET.Sdk\targets\Microsoft.PackageDependencyResolution.targets(80,5): message :     " (valor anterior: "
       C:\Program Files\dotnet\sdk\10.0.103\Sdks\Microsoft.NET.Sdk\targets\Microsoft.PackageDependencyResolution.targets(80,5): message :       ResolveProjectReferences;
       C:\Program Files\dotnet\sdk\10.0.103\Sdks\Microsoft.NET.Sdk\targets\Microsoft.PackageDependencyResolution.targets(80,5): message :       FindInvalidProjectReferences;
       C:\Program Files\dotnet\sdk\10.0.103\Sdks\Microsoft.NET.Sdk\targets\Microsoft.PackageDependencyResolution.targets(80,5): message :       GetFrameworkPaths;
       C:\Program Files\dotnet\sdk\10.0.103\Sdks\Microsoft.NET.Sdk\targets\Microsoft.PackageDependencyResolution.targets(80,5): message :       GetReferenceAssemblyPaths;
       C:\Program Files\dotnet\sdk\10.0.103\Sdks\Microsoft.NET.Sdk\targets\Microsoft.PackageDependencyResolution.targets(80,5): message :       PrepareForBuild;
       C:\Program Files\dotnet\sdk\10.0.103\Sdks\Microsoft.NET.Sdk\targets\Microsoft.PackageDependencyResolution.targets(80,5): message :       ResolveSDKReferences;
       C:\Program Files\dotnet\sdk\10.0.103\Sdks\Microsoft.NET.Sdk\targets\Microsoft.PackageDependencyResolution.targets(80,5): message :       ExpandSDKReferences;
       C:\Program Files\dotnet\sdk\10.0.103\Sdks\Microsoft.NET.Sdk\targets\Microsoft.PackageDependencyResolution.targets(80,5): message :     ") en C:\Program Files\dotnet\sdk\10.0.103\Sdks\Microsoft.NET.Sdk\targets\Microsoft.PackageDependencyResolution.targets (80,5)
       C:\Program Files\dotnet\sdk\10.0.103\Sdks\Microsoft.NET.Sdk\targets\Microsoft.PackageDependencyResolution.targets(86,5): message : Reasignación de propiedad: $(PrepareResourcesDependsOn)="
       C:\Program Files\dotnet\sdk\10.0.103\Sdks\Microsoft.NET.Sdk\targets\Microsoft.PackageDependencyResolution.targets(86,5): message :       ResolvePackageDependenciesForBuild;
       C:\Program Files\dotnet\sdk\10.0.103\Sdks\Microsoft.NET.Sdk\targets\Microsoft.PackageDependencyResolution.targets(86,5): message :       _HandlePackageFileConflicts;
       C:\Program Files\dotnet\sdk\10.0.103\Sdks\Microsoft.NET.Sdk\targets\Microsoft.PackageDependencyResolution.targets(86,5): message :       
       C:\Program Files\dotnet\sdk\10.0.103\Sdks\Microsoft.NET.Sdk\targets\Microsoft.PackageDependencyResolution.targets(86,5): message :       ;
       C:\Program Files\dotnet\sdk\10.0.103\Sdks\Microsoft.NET.Sdk\targets\Microsoft.PackageDependencyResolution.targets(86,5): message :       PrepareResourceNames;
       C:\Program Files\dotnet\sdk\10.0.103\Sdks\Microsoft.NET.Sdk\targets\Microsoft.PackageDependencyResolution.targets(86,5): message :       ResGen;
       C:\Program Files\dotnet\sdk\10.0.103\Sdks\Microsoft.NET.Sdk\targets\Microsoft.PackageDependencyResolution.targets(86,5): message :       CompileLicxFiles
       C:\Program Files\dotnet\sdk\10.0.103\Sdks\Microsoft.NET.Sdk\targets\Microsoft.PackageDependencyResolution.targets(86,5): message :     
       C:\Program Files\dotnet\sdk\10.0.103\Sdks\Microsoft.NET.Sdk\targets\Microsoft.PackageDependencyResolution.targets(86,5): message :     " (valor anterior: "
       C:\Program Files\dotnet\sdk\10.0.103\Sdks\Microsoft.NET.Sdk\targets\Microsoft.PackageDependencyResolution.targets(86,5): message :       ;
       C:\Program Files\dotnet\sdk\10.0.103\Sdks\Microsoft.NET.Sdk\targets\Microsoft.PackageDependencyResolution.targets(86,5): message :       PrepareResourceNames;
       C:\Program Files\dotnet\sdk\10.0.103\Sdks\Microsoft.NET.Sdk\targets\Microsoft.PackageDependencyResolution.targets(86,5): message :       ResGen;
       C:\Program Files\dotnet\sdk\10.0.103\Sdks\Microsoft.NET.Sdk\targets\Microsoft.PackageDependencyResolution.targets(86,5): message :       CompileLicxFiles
       C:\Program Files\dotnet\sdk\10.0.103\Sdks\Microsoft.NET.Sdk\targets\Microsoft.PackageDependencyResolution.targets(86,5): message :     ") en C:\Program Files\dotnet\sdk\10.0.103\Sdks\Microsoft.NET.Sdk\targets\Microsoft.PackageDependencyResolution.targets (86,5)
       La propiedad "EnableDefaultCompileItems" es global y no se puede modificar.
       La propiedad "EnableDefaultEmbeddedResourceItems" es global y no se puede modificar.
       La propiedad "EnableDefaultNoneItems" es global y no se puede modificar.
       C:\Program Files\dotnet\sdk\10.0.103\Sdks\Microsoft.NET.Sdk\targets\Microsoft.NET.Sdk.DefaultItems.targets(35,5): message : Reasignación de propiedad: $(DefaultItemExcludes)=";**\node_modules\**;node_modules\**;**\jspm_packages\**;jspm_packages\**;**\bower_components\**;bower_components\**;**\packages.lock.json;bin\Debug\/**;obj\Debug\/**;bin\/**" (valor anterior: ";**\node_modules\**;node_modules\**;**\jspm_packages\**;jspm_packages\**;**\bower_components\**;bower_components\**;**\packages.lock.json;bin\Debug\/**;obj\Debug\/**") en C:\Program Files\dotnet\sdk\10.0.103\Sdks\Microsoft.NET.Sdk\targets\Microsoft.NET.Sdk.DefaultItems.targets (35,5)
       C:\Program Files\dotnet\sdk\10.0.103\Sdks\Microsoft.NET.Sdk\targets\Microsoft.NET.Sdk.DefaultItems.targets(37,5): message : Reasignación de propiedad: $(DefaultItemExcludes)=";**\node_modules\**;node_modules\**;**\jspm_packages\**;jspm_packages\**;**\bower_components\**;bower_components\**;**\packages.lock.json;bin\Debug\/**;obj\Debug\/**;bin\/**;obj\/**" (valor anterior: ";**\node_modules\**;node_modules\**;**\jspm_packages\**;jspm_packages\**;**\bower_components\**;bower_components\**;**\packages.lock.json;bin\Debug\/**;obj\Debug\/**;bin\/**") en C:\Program Files\dotnet\sdk\10.0.103\Sdks\Microsoft.NET.Sdk\targets\Microsoft.NET.Sdk.DefaultItems.targets (37,5)
       C:\Program Files\dotnet\sdk\10.0.103\Sdks\Microsoft.NET.Sdk\targets\Microsoft.NET.Sdk.DefaultItems.targets(40,5): message : Reasignación de propiedad: $(DefaultItemExcludes)=";**\node_modules\**;node_modules\**;**\jspm_packages\**;jspm_packages\**;**\bower_components\**;bower_components\**;**\packages.lock.json;bin\Debug\/**;obj\Debug\/**;bin\/**;obj\/**;**/*.user" (valor anterior: ";**\node_modules\**;node_modules\**;**\jspm_packages\**;jspm_packages\**;**\bower_components\**;bower_components\**;**\packages.lock.json;bin\Debug\/**;obj\Debug\/**;bin\/**;obj\/**") en C:\Program Files\dotnet\sdk\10.0.103\Sdks\Microsoft.NET.Sdk\targets\Microsoft.NET.Sdk.DefaultItems.targets (40,5)
       C:\Program Files\dotnet\sdk\10.0.103\Sdks\Microsoft.NET.Sdk\targets\Microsoft.NET.Sdk.DefaultItems.targets(41,5): message : Reasignación de propiedad: $(DefaultItemExcludes)=";**\node_modules\**;node_modules\**;**\jspm_packages\**;jspm_packages\**;**\bower_components\**;bower_components\**;**\packages.lock.json;bin\Debug\/**;obj\Debug\/**;bin\/**;obj\/**;**/*.user;**/*.*proj" (valor anterior: ";**\node_modules\**;node_modules\**;**\jspm_packages\**;jspm_packages\**;**\bower_components\**;bower_components\**;**\packages.lock.json;bin\Debug\/**;obj\Debug\/**;bin\/**;obj\/**;**/*.user") en C:\Program Files\dotnet\sdk\10.0.103\Sdks\Microsoft.NET.Sdk\targets\Microsoft.NET.Sdk.DefaultItems.targets (41,5)
       C:\Program Files\dotnet\sdk\10.0.103\Sdks\Microsoft.NET.Sdk\targets\Microsoft.NET.Sdk.DefaultItems.targets(42,5): message : Reasignación de propiedad: $(DefaultItemExcludes)=";**\node_modules\**;node_modules\**;**\jspm_packages\**;jspm_packages\**;**\bower_components\**;bower_components\**;**\packages.lock.json;bin\Debug\/**;obj\Debug\/**;bin\/**;obj\/**;**/*.user;**/*.*proj;**/*.sln" (valor anterior: ";**\node_modules\**;node_modules\**;**\jspm_packages\**;jspm_packages\**;**\bower_components\**;bower_components\**;**\packages.lock.json;bin\Debug\/**;obj\Debug\/**;bin\/**;obj\/**;**/*.user;**/*.*proj") en C:\Program Files\dotnet\sdk\10.0.103\Sdks\Microsoft.NET.Sdk\targets\Microsoft.NET.Sdk.DefaultItems.targets (42,5)
       C:\Program Files\dotnet\sdk\10.0.103\Sdks\Microsoft.NET.Sdk\targets\Microsoft.NET.Sdk.DefaultItems.targets(43,5): message : Reasignación de propiedad: $(DefaultItemExcludes)=";**\node_modules\**;node_modules\**;**\jspm_packages\**;jspm_packages\**;**\bower_components\**;bower_components\**;**\packages.lock.json;bin\Debug\/**;obj\Debug\/**;bin\/**;obj\/**;**/*.user;**/*.*proj;**/*.sln;**/*.slnx" (valor anterior: ";**\node_modules\**;node_modules\**;**\jspm_packages\**;jspm_packages\**;**\bower_components\**;bower_components\**;**\packages.lock.json;bin\Debug\/**;obj\Debug\/**;bin\/**;obj\/**;**/*.user;**/*.*proj;**/*.sln") en C:\Program Files\dotnet\sdk\10.0.103\Sdks\Microsoft.NET.Sdk\targets\Microsoft.NET.Sdk.DefaultItems.targets (43,5)
       C:\Program Files\dotnet\sdk\10.0.103\Sdks\Microsoft.NET.Sdk\targets\Microsoft.NET.Sdk.DefaultItems.targets(44,5): message : Reasignación de propiedad: $(DefaultItemExcludes)=";**\node_modules\**;node_modules\**;**\jspm_packages\**;jspm_packages\**;**\bower_components\**;bower_components\**;**\packages.lock.json;bin\Debug\/**;obj\Debug\/**;bin\/**;obj\/**;**/*.user;**/*.*proj;**/*.sln;**/*.slnx;**/*.vssscc" (valor anterior: ";**\node_modules\**;node_modules\**;**\jspm_packages\**;jspm_packages\**;**\bower_components\**;bower_components\**;**\packages.lock.json;bin\Debug\/**;obj\Debug\/**;bin\/**;obj\/**;**/*.user;**/*.*proj;**/*.sln;**/*.slnx") en C:\Program Files\dotnet\sdk\10.0.103\Sdks\Microsoft.NET.Sdk\targets\Microsoft.NET.Sdk.DefaultItems.targets (44,5)
       C:\Program Files\dotnet\sdk\10.0.103\Sdks\Microsoft.NET.Sdk\targets\Microsoft.NET.Sdk.DefaultItems.targets(45,5): message : Reasignación de propiedad: $(DefaultItemExcludes)=";**\node_modules\**;node_modules\**;**\jspm_packages\**;jspm_packages\**;**\bower_components\**;bower_components\**;**\packages.lock.json;bin\Debug\/**;obj\Debug\/**;bin\/**;obj\/**;**/*.user;**/*.*proj;**/*.sln;**/*.slnx;**/*.vssscc;**/.DS_Store" (valor anterior: ";**\node_modules\**;node_modules\**;**\jspm_packages\**;jspm_packages\**;**\bower_components\**;bower_components\**;**\packages.lock.json;bin\Debug\/**;obj\Debug\/**;bin\/**;obj\/**;**/*.user;**/*.*proj;**/*.sln;**/*.slnx;**/*.vssscc") en C:\Program Files\dotnet\sdk\10.0.103\Sdks\Microsoft.NET.Sdk\targets\Microsoft.NET.Sdk.DefaultItems.targets (45,5)
       C:\Program Files\dotnet\sdk\10.0.103\Sdks\Microsoft.NET.Sdk\targets\Microsoft.NET.Sdk.FrameworkReferenceResolution.targets(14,5): message : Reasignación de propiedad: $(ResolveAssemblyReferencesDependsOn)="
       C:\Program Files\dotnet\sdk\10.0.103\Sdks\Microsoft.NET.Sdk\targets\Microsoft.NET.Sdk.FrameworkReferenceResolution.targets(14,5): message :       
       C:\Program Files\dotnet\sdk\10.0.103\Sdks\Microsoft.NET.Sdk\targets\Microsoft.NET.Sdk.FrameworkReferenceResolution.targets(14,5): message :       
       C:\Program Files\dotnet\sdk\10.0.103\Sdks\Microsoft.NET.Sdk\targets\Microsoft.NET.Sdk.FrameworkReferenceResolution.targets(14,5): message :       ResolveProjectReferences;
       C:\Program Files\dotnet\sdk\10.0.103\Sdks\Microsoft.NET.Sdk\targets\Microsoft.NET.Sdk.FrameworkReferenceResolution.targets(14,5): message :       FindInvalidProjectReferences;
       C:\Program Files\dotnet\sdk\10.0.103\Sdks\Microsoft.NET.Sdk\targets\Microsoft.NET.Sdk.FrameworkReferenceResolution.targets(14,5): message :       GetFrameworkPaths;
       C:\Program Files\dotnet\sdk\10.0.103\Sdks\Microsoft.NET.Sdk\targets\Microsoft.NET.Sdk.FrameworkReferenceResolution.targets(14,5): message :       GetReferenceAssemblyPaths;
       C:\Program Files\dotnet\sdk\10.0.103\Sdks\Microsoft.NET.Sdk\targets\Microsoft.NET.Sdk.FrameworkReferenceResolution.targets(14,5): message :       PrepareForBuild;
       C:\Program Files\dotnet\sdk\10.0.103\Sdks\Microsoft.NET.Sdk\targets\Microsoft.NET.Sdk.FrameworkReferenceResolution.targets(14,5): message :       ResolveSDKReferences;
       C:\Program Files\dotnet\sdk\10.0.103\Sdks\Microsoft.NET.Sdk\targets\Microsoft.NET.Sdk.FrameworkReferenceResolution.targets(14,5): message :       ExpandSDKReferences;
       C:\Program Files\dotnet\sdk\10.0.103\Sdks\Microsoft.NET.Sdk\targets\Microsoft.NET.Sdk.FrameworkReferenceResolution.targets(14,5): message :     ;
       C:\Program Files\dotnet\sdk\10.0.103\Sdks\Microsoft.NET.Sdk\targets\Microsoft.NET.Sdk.FrameworkReferenceResolution.targets(14,5): message :       ResolvePackageDependenciesForBuild;
       C:\Program Files\dotnet\sdk\10.0.103\Sdks\Microsoft.NET.Sdk\targets\Microsoft.NET.Sdk.FrameworkReferenceResolution.targets(14,5): message :       _HandlePackageFileConflicts;
       C:\Program Files\dotnet\sdk\10.0.103\Sdks\Microsoft.NET.Sdk\targets\Microsoft.NET.Sdk.FrameworkReferenceResolution.targets(14,5): message :     ;
       C:\Program Files\dotnet\sdk\10.0.103\Sdks\Microsoft.NET.Sdk\targets\Microsoft.NET.Sdk.FrameworkReferenceResolution.targets(14,5): message :       ResolveTargetingPackAssets;
       C:\Program Files\dotnet\sdk\10.0.103\Sdks\Microsoft.NET.Sdk\targets\Microsoft.NET.Sdk.FrameworkReferenceResolution.targets(14,5): message :     " (valor anterior: "
       C:\Program Files\dotnet\sdk\10.0.103\Sdks\Microsoft.NET.Sdk\targets\Microsoft.NET.Sdk.FrameworkReferenceResolution.targets(14,5): message :       
       C:\Program Files\dotnet\sdk\10.0.103\Sdks\Microsoft.NET.Sdk\targets\Microsoft.NET.Sdk.FrameworkReferenceResolution.targets(14,5): message :       ResolveProjectReferences;
       C:\Program Files\dotnet\sdk\10.0.103\Sdks\Microsoft.NET.Sdk\targets\Microsoft.NET.Sdk.FrameworkReferenceResolution.targets(14,5): message :       FindInvalidProjectReferences;
       C:\Program Files\dotnet\sdk\10.0.103\Sdks\Microsoft.NET.Sdk\targets\Microsoft.NET.Sdk.FrameworkReferenceResolution.targets(14,5): message :       GetFrameworkPaths;
       C:\Program Files\dotnet\sdk\10.0.103\Sdks\Microsoft.NET.Sdk\targets\Microsoft.NET.Sdk.FrameworkReferenceResolution.targets(14,5): message :       GetReferenceAssemblyPaths;
       C:\Program Files\dotnet\sdk\10.0.103\Sdks\Microsoft.NET.Sdk\targets\Microsoft.NET.Sdk.FrameworkReferenceResolution.targets(14,5): message :       PrepareForBuild;
       C:\Program Files\dotnet\sdk\10.0.103\Sdks\Microsoft.NET.Sdk\targets\Microsoft.NET.Sdk.FrameworkReferenceResolution.targets(14,5): message :       ResolveSDKReferences;
       C:\Program Files\dotnet\sdk\10.0.103\Sdks\Microsoft.NET.Sdk\targets\Microsoft.NET.Sdk.FrameworkReferenceResolution.targets(14,5): message :       ExpandSDKReferences;
       C:\Program Files\dotnet\sdk\10.0.103\Sdks\Microsoft.NET.Sdk\targets\Microsoft.NET.Sdk.FrameworkReferenceResolution.targets(14,5): message :     ;
       C:\Program Files\dotnet\sdk\10.0.103\Sdks\Microsoft.NET.Sdk\targets\Microsoft.NET.Sdk.FrameworkReferenceResolution.targets(14,5): message :       ResolvePackageDependenciesForBuild;
       C:\Program Files\dotnet\sdk\10.0.103\Sdks\Microsoft.NET.Sdk\targets\Microsoft.NET.Sdk.FrameworkReferenceResolution.targets(14,5): message :       _HandlePackageFileConflicts;
       C:\Program Files\dotnet\sdk\10.0.103\Sdks\Microsoft.NET.Sdk\targets\Microsoft.NET.Sdk.FrameworkReferenceResolution.targets(14,5): message :     ") en C:\Program Files\dotnet\sdk\10.0.103\Sdks\Microsoft.NET.Sdk\targets\Microsoft.NET.Sdk.FrameworkReferenceResolution.targets (14,5)
       C:\Program Files\dotnet\sdk\10.0.103\Sdks\Microsoft.NET.Sdk\targets\Microsoft.NET.Sdk.targets(44,5): message : Reasignación de propiedad: $(_GenerateRuntimeConfigurationPropertyInputsCache)="e:\Documentos\Proyectos\Spherikal\Spherical\src\Spherical\obj\Debug\net10.0\Spherical.genruntimeconfig.cache" (valor anterior: "obj\Debug\net10.0\Spherical.genruntimeconfig.cache") en C:\Program Files\dotnet\sdk\10.0.103\Sdks\Microsoft.NET.Sdk\targets\Microsoft.NET.Sdk.targets (44,5)
       C:\Program Files\dotnet\sdk\10.0.103\Sdks\Microsoft.NET.Sdk\targets\Microsoft.NET.Sdk.targets(46,5): message : Reasignación de propiedad: $(_GeneratePublishDependencyFilePropertyInputsCache)="e:\Documentos\Proyectos\Spherikal\Spherical\src\Spherical\obj\Debug\net10.0\Spherical.genpublishdeps.cache" (valor anterior: "obj\Debug\net10.0\Spherical.genpublishdeps.cache") en C:\Program Files\dotnet\sdk\10.0.103\Sdks\Microsoft.NET.Sdk\targets\Microsoft.NET.Sdk.targets (46,5)
       C:\Program Files\dotnet\sdk\10.0.103\Sdks\Microsoft.NET.Sdk\targets\Microsoft.NET.Sdk.targets(48,5): message : Reasignación de propiedad: $(_GenerateSingleFileBundlePropertyInputsCache)="e:\Documentos\Proyectos\Spherikal\Spherical\src\Spherical\obj\Debug\net10.0\Spherical.genbundle.cache" (valor anterior: "obj\Debug\net10.0\Spherical.genbundle.cache") en C:\Program Files\dotnet\sdk\10.0.103\Sdks\Microsoft.NET.Sdk\targets\Microsoft.NET.Sdk.targets (48,5)
       C:\Program Files\dotnet\sdk\10.0.103\Sdks\Microsoft.NET.Sdk\targets\Microsoft.NET.Sdk.targets(81,5): message : Reasignación de propiedad: $(GenerateRuntimeConfigDevFile)="false" (valor anterior: "true") en C:\Program Files\dotnet\sdk\10.0.103\Sdks\Microsoft.NET.Sdk\targets\Microsoft.NET.Sdk.targets (81,5)
       C:\Program Files\dotnet\sdk\10.0.103\Sdks\Microsoft.NET.Sdk\targets\Microsoft.NET.Sdk.targets(97,5): message : Propiedad "HOME" con el valor "D:\Usuarios\german.alvarez" expandido desde el entorno.
       C:\Program Files\dotnet\sdk\10.0.103\Sdks\Microsoft.NET.Sdk\targets\Microsoft.NET.Sdk.targets(98,5): message : Propiedad "USERPROFILE" con el valor "D:\Usuarios\german.alvarez" expandido desde el entorno.
       C:\Program Files\dotnet\sdk\10.0.103\Sdks\Microsoft.NET.Sdk\targets\Microsoft.NET.Sdk.targets(99,5): message : Reasignación de propiedad: $(_DefaultUserProfileRuntimeStorePath)="D:\Usuarios\german.alvarez\.dotnet\store" (valor anterior: "D:\Usuarios\german.alvarez") en C:\Program Files\dotnet\sdk\10.0.103\Sdks\Microsoft.NET.Sdk\targets\Microsoft.NET.Sdk.targets (99,5)
       C:\Program Files\dotnet\sdk\10.0.103\Sdks\Microsoft.NET.Sdk\targets\Microsoft.NET.Sdk.targets(144,5): message : Reasignación de propiedad: $(AvailablePlatforms)="Any CPU,x86,x64,ARM32" (valor anterior: "Any CPU,x86,x64") en C:\Program Files\dotnet\sdk\10.0.103\Sdks\Microsoft.NET.Sdk\targets\Microsoft.NET.Sdk.targets (144,5)
       C:\Program Files\dotnet\sdk\10.0.103\Sdks\Microsoft.NET.Sdk\targets\Microsoft.NET.Sdk.targets(148,5): message : Reasignación de propiedad: $(AvailablePlatforms)="Any CPU,x86,x64,ARM32,ARM64" (valor anterior: "Any CPU,x86,x64,ARM32") en C:\Program Files\dotnet\sdk\10.0.103\Sdks\Microsoft.NET.Sdk\targets\Microsoft.NET.Sdk.targets (148,5)
       C:\Program Files\dotnet\sdk\10.0.103\Sdks\Microsoft.NET.Sdk\targets\Microsoft.NET.Sdk.targets(204,5): message : Reasignación de propiedad: $(CoreBuildDependsOn)="
       C:\Program Files\dotnet\sdk\10.0.103\Sdks\Microsoft.NET.Sdk\targets\Microsoft.NET.Sdk.targets(204,5): message :       _CheckForBuildWithNoBuild;
       C:\Program Files\dotnet\sdk\10.0.103\Sdks\Microsoft.NET.Sdk\targets\Microsoft.NET.Sdk.targets(204,5): message :       
       C:\Program Files\dotnet\sdk\10.0.103\Sdks\Microsoft.NET.Sdk\targets\Microsoft.NET.Sdk.targets(204,5): message :       BuildOnlySettings;
       C:\Program Files\dotnet\sdk\10.0.103\Sdks\Microsoft.NET.Sdk\targets\Microsoft.NET.Sdk.targets(204,5): message :       PrepareForBuild;
       C:\Program Files\dotnet\sdk\10.0.103\Sdks\Microsoft.NET.Sdk\targets\Microsoft.NET.Sdk.targets(204,5): message :       PreBuildEvent;
       C:\Program Files\dotnet\sdk\10.0.103\Sdks\Microsoft.NET.Sdk\targets\Microsoft.NET.Sdk.targets(204,5): message :       ResolveReferences;
       C:\Program Files\dotnet\sdk\10.0.103\Sdks\Microsoft.NET.Sdk\targets\Microsoft.NET.Sdk.targets(204,5): message :       PrepareResources;
       C:\Program Files\dotnet\sdk\10.0.103\Sdks\Microsoft.NET.Sdk\targets\Microsoft.NET.Sdk.targets(204,5): message :       ResolveKeySource;
       C:\Program Files\dotnet\sdk\10.0.103\Sdks\Microsoft.NET.Sdk\targets\Microsoft.NET.Sdk.targets(204,5): message :       Compile;
       C:\Program Files\dotnet\sdk\10.0.103\Sdks\Microsoft.NET.Sdk\targets\Microsoft.NET.Sdk.targets(204,5): message :       ExportWindowsMDFile;
       C:\Program Files\dotnet\sdk\10.0.103\Sdks\Microsoft.NET.Sdk\targets\Microsoft.NET.Sdk.targets(204,5): message :       UnmanagedUnregistration;
       C:\Program Files\dotnet\sdk\10.0.103\Sdks\Microsoft.NET.Sdk\targets\Microsoft.NET.Sdk.targets(204,5): message :       GenerateSerializationAssemblies;
       C:\Program Files\dotnet\sdk\10.0.103\Sdks\Microsoft.NET.Sdk\targets\Microsoft.NET.Sdk.targets(204,5): message :       CreateSatelliteAssemblies;
       C:\Program Files\dotnet\sdk\10.0.103\Sdks\Microsoft.NET.Sdk\targets\Microsoft.NET.Sdk.targets(204,5): message :       GenerateManifests;
       C:\Program Files\dotnet\sdk\10.0.103\Sdks\Microsoft.NET.Sdk\targets\Microsoft.NET.Sdk.targets(204,5): message :       GetTargetPath;
       C:\Program Files\dotnet\sdk\10.0.103\Sdks\Microsoft.NET.Sdk\targets\Microsoft.NET.Sdk.targets(204,5): message :       PrepareForRun;
       C:\Program Files\dotnet\sdk\10.0.103\Sdks\Microsoft.NET.Sdk\targets\Microsoft.NET.Sdk.targets(204,5): message :       UnmanagedRegistration;
       C:\Program Files\dotnet\sdk\10.0.103\Sdks\Microsoft.NET.Sdk\targets\Microsoft.NET.Sdk.targets(204,5): message :       IncrementalClean;
       C:\Program Files\dotnet\sdk\10.0.103\Sdks\Microsoft.NET.Sdk\targets\Microsoft.NET.Sdk.targets(204,5): message :       PostBuildEvent
       C:\Program Files\dotnet\sdk\10.0.103\Sdks\Microsoft.NET.Sdk\targets\Microsoft.NET.Sdk.targets(204,5): message :     ;
       C:\Program Files\dotnet\sdk\10.0.103\Sdks\Microsoft.NET.Sdk\targets\Microsoft.NET.Sdk.targets(204,5): message :       GenerateBuildDependencyFile;
       C:\Program Files\dotnet\sdk\10.0.103\Sdks\Microsoft.NET.Sdk\targets\Microsoft.NET.Sdk.targets(204,5): message :       GenerateBuildRuntimeConfigurationFiles
       C:\Program Files\dotnet\sdk\10.0.103\Sdks\Microsoft.NET.Sdk\targets\Microsoft.NET.Sdk.targets(204,5): message :     " (valor anterior: "
       C:\Program Files\dotnet\sdk\10.0.103\Sdks\Microsoft.NET.Sdk\targets\Microsoft.NET.Sdk.targets(204,5): message :       BuildOnlySettings;
       C:\Program Files\dotnet\sdk\10.0.103\Sdks\Microsoft.NET.Sdk\targets\Microsoft.NET.Sdk.targets(204,5): message :       PrepareForBuild;
       C:\Program Files\dotnet\sdk\10.0.103\Sdks\Microsoft.NET.Sdk\targets\Microsoft.NET.Sdk.targets(204,5): message :       PreBuildEvent;
       C:\Program Files\dotnet\sdk\10.0.103\Sdks\Microsoft.NET.Sdk\targets\Microsoft.NET.Sdk.targets(204,5): message :       ResolveReferences;
       C:\Program Files\dotnet\sdk\10.0.103\Sdks\Microsoft.NET.Sdk\targets\Microsoft.NET.Sdk.targets(204,5): message :       PrepareResources;
       C:\Program Files\dotnet\sdk\10.0.103\Sdks\Microsoft.NET.Sdk\targets\Microsoft.NET.Sdk.targets(204,5): message :       ResolveKeySource;
       C:\Program Files\dotnet\sdk\10.0.103\Sdks\Microsoft.NET.Sdk\targets\Microsoft.NET.Sdk.targets(204,5): message :       Compile;
       C:\Program Files\dotnet\sdk\10.0.103\Sdks\Microsoft.NET.Sdk\targets\Microsoft.NET.Sdk.targets(204,5): message :       ExportWindowsMDFile;
       C:\Program Files\dotnet\sdk\10.0.103\Sdks\Microsoft.NET.Sdk\targets\Microsoft.NET.Sdk.targets(204,5): message :       UnmanagedUnregistration;
       C:\Program Files\dotnet\sdk\10.0.103\Sdks\Microsoft.NET.Sdk\targets\Microsoft.NET.Sdk.targets(204,5): message :       GenerateSerializationAssemblies;
       C:\Program Files\dotnet\sdk\10.0.103\Sdks\Microsoft.NET.Sdk\targets\Microsoft.NET.Sdk.targets(204,5): message :       CreateSatelliteAssemblies;
       C:\Program Files\dotnet\sdk\10.0.103\Sdks\Microsoft.NET.Sdk\targets\Microsoft.NET.Sdk.targets(204,5): message :       GenerateManifests;
       C:\Program Files\dotnet\sdk\10.0.103\Sdks\Microsoft.NET.Sdk\targets\Microsoft.NET.Sdk.targets(204,5): message :       GetTargetPath;
       C:\Program Files\dotnet\sdk\10.0.103\Sdks\Microsoft.NET.Sdk\targets\Microsoft.NET.Sdk.targets(204,5): message :       PrepareForRun;
       C:\Program Files\dotnet\sdk\10.0.103\Sdks\Microsoft.NET.Sdk\targets\Microsoft.NET.Sdk.targets(204,5): message :       UnmanagedRegistration;
       C:\Program Files\dotnet\sdk\10.0.103\Sdks\Microsoft.NET.Sdk\targets\Microsoft.NET.Sdk.targets(204,5): message :       IncrementalClean;
       C:\Program Files\dotnet\sdk\10.0.103\Sdks\Microsoft.NET.Sdk\targets\Microsoft.NET.Sdk.targets(204,5): message :       PostBuildEvent
       C:\Program Files\dotnet\sdk\10.0.103\Sdks\Microsoft.NET.Sdk\targets\Microsoft.NET.Sdk.targets(204,5): message :     ") en C:\Program Files\dotnet\sdk\10.0.103\Sdks\Microsoft.NET.Sdk\targets\Microsoft.NET.Sdk.targets (204,5)
       C:\Program Files\dotnet\sdk\10.0.103\Sdks\Microsoft.NET.Sdk\targets\Microsoft.NET.Sdk.targets(213,5): message : Reasignación de propiedad: $(CoreCleanDependsOn)="
       C:\Program Files\dotnet\sdk\10.0.103\Sdks\Microsoft.NET.Sdk\targets\Microsoft.NET.Sdk.targets(213,5): message :       _SdkBeforeClean;
       C:\Program Files\dotnet\sdk\10.0.103\Sdks\Microsoft.NET.Sdk\targets\Microsoft.NET.Sdk.targets(213,5): message :       
       C:\Program Files\dotnet\sdk\10.0.103\Sdks\Microsoft.NET.Sdk\targets\Microsoft.NET.Sdk.targets(213,5): message :     " (valor anterior: "") en C:\Program Files\dotnet\sdk\10.0.103\Sdks\Microsoft.NET.Sdk\targets\Microsoft.NET.Sdk.targets (213,5)
       C:\Program Files\dotnet\sdk\10.0.103\Sdks\Microsoft.NET.Sdk\targets\Microsoft.NET.Sdk.targets(220,5): message : Reasignación de propiedad: $(RebuildDependsOn)="
       C:\Program Files\dotnet\sdk\10.0.103\Sdks\Microsoft.NET.Sdk\targets\Microsoft.NET.Sdk.targets(220,5): message :       _SdkBeforeRebuild;
       C:\Program Files\dotnet\sdk\10.0.103\Sdks\Microsoft.NET.Sdk\targets\Microsoft.NET.Sdk.targets(220,5): message :       
       C:\Program Files\dotnet\sdk\10.0.103\Sdks\Microsoft.NET.Sdk\targets\Microsoft.NET.Sdk.targets(220,5): message :       BeforeRebuild;
       C:\Program Files\dotnet\sdk\10.0.103\Sdks\Microsoft.NET.Sdk\targets\Microsoft.NET.Sdk.targets(220,5): message :       Clean;
       C:\Program Files\dotnet\sdk\10.0.103\Sdks\Microsoft.NET.Sdk\targets\Microsoft.NET.Sdk.targets(220,5): message :       Build;
       C:\Program Files\dotnet\sdk\10.0.103\Sdks\Microsoft.NET.Sdk\targets\Microsoft.NET.Sdk.targets(220,5): message :       AfterRebuild;
       C:\Program Files\dotnet\sdk\10.0.103\Sdks\Microsoft.NET.Sdk\targets\Microsoft.NET.Sdk.targets(220,5): message :     
       C:\Program Files\dotnet\sdk\10.0.103\Sdks\Microsoft.NET.Sdk\targets\Microsoft.NET.Sdk.targets(220,5): message :     " (valor anterior: "
       C:\Program Files\dotnet\sdk\10.0.103\Sdks\Microsoft.NET.Sdk\targets\Microsoft.NET.Sdk.targets(220,5): message :       BeforeRebuild;
       C:\Program Files\dotnet\sdk\10.0.103\Sdks\Microsoft.NET.Sdk\targets\Microsoft.NET.Sdk.targets(220,5): message :       Clean;
       C:\Program Files\dotnet\sdk\10.0.103\Sdks\Microsoft.NET.Sdk\targets\Microsoft.NET.Sdk.targets(220,5): message :       Build;
       C:\Program Files\dotnet\sdk\10.0.103\Sdks\Microsoft.NET.Sdk\targets\Microsoft.NET.Sdk.targets(220,5): message :       AfterRebuild;
       C:\Program Files\dotnet\sdk\10.0.103\Sdks\Microsoft.NET.Sdk\targets\Microsoft.NET.Sdk.targets(220,5): message :     ") en C:\Program Files\dotnet\sdk\10.0.103\Sdks\Microsoft.NET.Sdk\targets\Microsoft.NET.Sdk.targets (220,5)
       C:\Program Files\dotnet\sdk\10.0.103\Sdks\Microsoft.NET.Sdk\targets\Microsoft.NET.Sdk.targets(799,5): message : Reasignación de propiedad: $(CompileDependsOn)="
       C:\Program Files\dotnet\sdk\10.0.103\Sdks\Microsoft.NET.Sdk\targets\Microsoft.NET.Sdk.targets(799,5): message :       
       C:\Program Files\dotnet\sdk\10.0.103\Sdks\Microsoft.NET.Sdk\targets\Microsoft.NET.Sdk.targets(799,5): message :       ResolveReferences;
       C:\Program Files\dotnet\sdk\10.0.103\Sdks\Microsoft.NET.Sdk\targets\Microsoft.NET.Sdk.targets(799,5): message :       ResolveKeySource;
       C:\Program Files\dotnet\sdk\10.0.103\Sdks\Microsoft.NET.Sdk\targets\Microsoft.NET.Sdk.targets(799,5): message :       SetWin32ManifestProperties;
       C:\Program Files\dotnet\sdk\10.0.103\Sdks\Microsoft.NET.Sdk\targets\Microsoft.NET.Sdk.targets(799,5): message :       _SetPreferNativeArm64Win32ManifestProperties;
       C:\Program Files\dotnet\sdk\10.0.103\Sdks\Microsoft.NET.Sdk\targets\Microsoft.NET.Sdk.targets(799,5): message :       FindReferenceAssembliesForReferences;
       C:\Program Files\dotnet\sdk\10.0.103\Sdks\Microsoft.NET.Sdk\targets\Microsoft.NET.Sdk.targets(799,5): message :       _GenerateCompileInputs;
       C:\Program Files\dotnet\sdk\10.0.103\Sdks\Microsoft.NET.Sdk\targets\Microsoft.NET.Sdk.targets(799,5): message :       BeforeCompile;
       C:\Program Files\dotnet\sdk\10.0.103\Sdks\Microsoft.NET.Sdk\targets\Microsoft.NET.Sdk.targets(799,5): message :       _TimeStampBeforeCompile;
       C:\Program Files\dotnet\sdk\10.0.103\Sdks\Microsoft.NET.Sdk\targets\Microsoft.NET.Sdk.targets(799,5): message :       _GenerateCompileDependencyCache;
       C:\Program Files\dotnet\sdk\10.0.103\Sdks\Microsoft.NET.Sdk\targets\Microsoft.NET.Sdk.targets(799,5): message :       CoreCompile;
       C:\Program Files\dotnet\sdk\10.0.103\Sdks\Microsoft.NET.Sdk\targets\Microsoft.NET.Sdk.targets(799,5): message :       _TimeStampAfterCompile;
       C:\Program Files\dotnet\sdk\10.0.103\Sdks\Microsoft.NET.Sdk\targets\Microsoft.NET.Sdk.targets(799,5): message :       AfterCompile;
       C:\Program Files\dotnet\sdk\10.0.103\Sdks\Microsoft.NET.Sdk\targets\Microsoft.NET.Sdk.targets(799,5): message :     ;
       C:\Program Files\dotnet\sdk\10.0.103\Sdks\Microsoft.NET.Sdk\targets\Microsoft.NET.Sdk.targets(799,5): message :       _CreateAppHost;
       C:\Program Files\dotnet\sdk\10.0.103\Sdks\Microsoft.NET.Sdk\targets\Microsoft.NET.Sdk.targets(799,5): message :       _CreateComHost;
       C:\Program Files\dotnet\sdk\10.0.103\Sdks\Microsoft.NET.Sdk\targets\Microsoft.NET.Sdk.targets(799,5): message :       _GetIjwHostPaths;
       C:\Program Files\dotnet\sdk\10.0.103\Sdks\Microsoft.NET.Sdk\targets\Microsoft.NET.Sdk.targets(799,5): message :     " (valor anterior: "
       C:\Program Files\dotnet\sdk\10.0.103\Sdks\Microsoft.NET.Sdk\targets\Microsoft.NET.Sdk.targets(799,5): message :       ResolveReferences;
       C:\Program Files\dotnet\sdk\10.0.103\Sdks\Microsoft.NET.Sdk\targets\Microsoft.NET.Sdk.targets(799,5): message :       ResolveKeySource;
       C:\Program Files\dotnet\sdk\10.0.103\Sdks\Microsoft.NET.Sdk\targets\Microsoft.NET.Sdk.targets(799,5): message :       SetWin32ManifestProperties;
       C:\Program Files\dotnet\sdk\10.0.103\Sdks\Microsoft.NET.Sdk\targets\Microsoft.NET.Sdk.targets(799,5): message :       _SetPreferNativeArm64Win32ManifestProperties;
       C:\Program Files\dotnet\sdk\10.0.103\Sdks\Microsoft.NET.Sdk\targets\Microsoft.NET.Sdk.targets(799,5): message :       FindReferenceAssembliesForReferences;
       C:\Program Files\dotnet\sdk\10.0.103\Sdks\Microsoft.NET.Sdk\targets\Microsoft.NET.Sdk.targets(799,5): message :       _GenerateCompileInputs;
       C:\Program Files\dotnet\sdk\10.0.103\Sdks\Microsoft.NET.Sdk\targets\Microsoft.NET.Sdk.targets(799,5): message :       BeforeCompile;
       C:\Program Files\dotnet\sdk\10.0.103\Sdks\Microsoft.NET.Sdk\targets\Microsoft.NET.Sdk.targets(799,5): message :       _TimeStampBeforeCompile;
       C:\Program Files\dotnet\sdk\10.0.103\Sdks\Microsoft.NET.Sdk\targets\Microsoft.NET.Sdk.targets(799,5): message :       _GenerateCompileDependencyCache;
       C:\Program Files\dotnet\sdk\10.0.103\Sdks\Microsoft.NET.Sdk\targets\Microsoft.NET.Sdk.targets(799,5): message :       CoreCompile;
       C:\Program Files\dotnet\sdk\10.0.103\Sdks\Microsoft.NET.Sdk\targets\Microsoft.NET.Sdk.targets(799,5): message :       _TimeStampAfterCompile;
       C:\Program Files\dotnet\sdk\10.0.103\Sdks\Microsoft.NET.Sdk\targets\Microsoft.NET.Sdk.targets(799,5): message :       AfterCompile;
       C:\Program Files\dotnet\sdk\10.0.103\Sdks\Microsoft.NET.Sdk\targets\Microsoft.NET.Sdk.targets(799,5): message :     ") en C:\Program Files\dotnet\sdk\10.0.103\Sdks\Microsoft.NET.Sdk\targets\Microsoft.NET.Sdk.targets (799,5)
       C:\Program Files\dotnet\sdk\10.0.103\Sdks\Microsoft.NET.Sdk\targets\Microsoft.NET.Sdk.targets(1131,5): message : Reasignación de propiedad: $(CreateSatelliteAssembliesDependsOn)="
       C:\Program Files\dotnet\sdk\10.0.103\Sdks\Microsoft.NET.Sdk\targets\Microsoft.NET.Sdk.targets(1131,5): message :       
       C:\Program Files\dotnet\sdk\10.0.103\Sdks\Microsoft.NET.Sdk\targets\Microsoft.NET.Sdk.targets(1131,5): message :       ;
       C:\Program Files\dotnet\sdk\10.0.103\Sdks\Microsoft.NET.Sdk\targets\Microsoft.NET.Sdk.targets(1131,5): message :       _GenerateSatelliteAssemblyInputs;
       C:\Program Files\dotnet\sdk\10.0.103\Sdks\Microsoft.NET.Sdk\targets\Microsoft.NET.Sdk.targets(1131,5): message :       ComputeIntermediateSatelliteAssemblies;
       C:\Program Files\dotnet\sdk\10.0.103\Sdks\Microsoft.NET.Sdk\targets\Microsoft.NET.Sdk.targets(1131,5): message :       GenerateSatelliteAssemblies
       C:\Program Files\dotnet\sdk\10.0.103\Sdks\Microsoft.NET.Sdk\targets\Microsoft.NET.Sdk.targets(1131,5): message :     ;
       C:\Program Files\dotnet\sdk\10.0.103\Sdks\Microsoft.NET.Sdk\targets\Microsoft.NET.Sdk.targets(1131,5): message :       CoreGenerateSatelliteAssemblies
       C:\Program Files\dotnet\sdk\10.0.103\Sdks\Microsoft.NET.Sdk\targets\Microsoft.NET.Sdk.targets(1131,5): message :     " (valor anterior: "
       C:\Program Files\dotnet\sdk\10.0.103\Sdks\Microsoft.NET.Sdk\targets\Microsoft.NET.Sdk.targets(1131,5): message :       ;
       C:\Program Files\dotnet\sdk\10.0.103\Sdks\Microsoft.NET.Sdk\targets\Microsoft.NET.Sdk.targets(1131,5): message :       _GenerateSatelliteAssemblyInputs;
       C:\Program Files\dotnet\sdk\10.0.103\Sdks\Microsoft.NET.Sdk\targets\Microsoft.NET.Sdk.targets(1131,5): message :       ComputeIntermediateSatelliteAssemblies;
       C:\Program Files\dotnet\sdk\10.0.103\Sdks\Microsoft.NET.Sdk\targets\Microsoft.NET.Sdk.targets(1131,5): message :       GenerateSatelliteAssemblies
       C:\Program Files\dotnet\sdk\10.0.103\Sdks\Microsoft.NET.Sdk\targets\Microsoft.NET.Sdk.targets(1131,5): message :     ") en C:\Program Files\dotnet\sdk\10.0.103\Sdks\Microsoft.NET.Sdk\targets\Microsoft.NET.Sdk.targets (1131,5)
       C:\Program Files\dotnet\sdk\10.0.103\Sdks\Microsoft.SourceLink.GitLab\build\Microsoft.SourceLink.GitLab.targets(12,5): message : Reasignación de propiedad: $(SourceLinkUrlInitializerTargets)=";_InitializeGitHubSourceLinkUrl;_InitializeGitLabSourceLinkUrl" (valor anterior: ";_InitializeGitHubSourceLinkUrl") en C:\Program Files\dotnet\sdk\10.0.103\Sdks\Microsoft.SourceLink.GitLab\build\Microsoft.SourceLink.GitLab.targets (12,5)
       C:\Program Files\dotnet\sdk\10.0.103\Sdks\Microsoft.SourceLink.GitLab\build\Microsoft.SourceLink.GitLab.targets(13,5): message : Reasignación de propiedad: $(SourceControlManagerUrlTranslationTargets)=";TranslateGitHubUrlsInSourceControlInformation;TranslateGitLabUrlsInSourceControlInformation" (valor anterior: ";TranslateGitHubUrlsInSourceControlInformation") en C:\Program Files\dotnet\sdk\10.0.103\Sdks\Microsoft.SourceLink.GitLab\build\Microsoft.SourceLink.GitLab.targets (13,5)
       C:\Program Files\dotnet\sdk\10.0.103\Sdks\Microsoft.SourceLink.AzureRepos.Git\build\Microsoft.SourceLink.AzureRepos.Git.targets(12,5): message : Reasignación de propiedad: $(SourceLinkUrlInitializerTargets)=";_InitializeGitHubSourceLinkUrl;_InitializeGitLabSourceLinkUrl;_InitializeAzureReposGitSourceLinkUrl" (valor anterior: ";_InitializeGitHubSourceLinkUrl;_InitializeGitLabSourceLinkUrl") en C:\Program Files\dotnet\sdk\10.0.103\Sdks\Microsoft.SourceLink.AzureRepos.Git\build\Microsoft.SourceLink.AzureRepos.Git.targets (12,5)
       C:\Program Files\dotnet\sdk\10.0.103\Sdks\Microsoft.SourceLink.AzureRepos.Git\build\Microsoft.SourceLink.AzureRepos.Git.targets(13,5): message : Reasignación de propiedad: $(SourceControlManagerUrlTranslationTargets)=";TranslateGitHubUrlsInSourceControlInformation;TranslateGitLabUrlsInSourceControlInformation;TranslateAzureReposGitUrlsInSourceControlInformation" (valor anterior: ";TranslateGitHubUrlsInSourceControlInformation;TranslateGitLabUrlsInSourceControlInformation") en C:\Program Files\dotnet\sdk\10.0.103\Sdks\Microsoft.SourceLink.AzureRepos.Git\build\Microsoft.SourceLink.AzureRepos.Git.targets (13,5)
       C:\Program Files\dotnet\sdk\10.0.103\Sdks\Microsoft.SourceLink.Bitbucket.Git\build\Microsoft.SourceLink.Bitbucket.Git.targets(12,5): message : Reasignación de propiedad: $(SourceLinkUrlInitializerTargets)=";_InitializeGitHubSourceLinkUrl;_InitializeGitLabSourceLinkUrl;_InitializeAzureReposGitSourceLinkUrl;_InitializeBitbucketGitSourceLinkUrl" (valor anterior: ";_InitializeGitHubSourceLinkUrl;_InitializeGitLabSourceLinkUrl;_InitializeAzureReposGitSourceLinkUrl") en C:\Program Files\dotnet\sdk\10.0.103\Sdks\Microsoft.SourceLink.Bitbucket.Git\build\Microsoft.SourceLink.Bitbucket.Git.targets (12,5)
       C:\Program Files\dotnet\sdk\10.0.103\Sdks\Microsoft.SourceLink.Bitbucket.Git\build\Microsoft.SourceLink.Bitbucket.Git.targets(13,5): message : Reasignación de propiedad: $(SourceControlManagerUrlTranslationTargets)=";TranslateGitHubUrlsInSourceControlInformation;TranslateGitLabUrlsInSourceControlInformation;TranslateAzureReposGitUrlsInSourceControlInformation;TranslateBitbucketGitUrlsInSourceControlInformation" (valor anterior: ";TranslateGitHubUrlsInSourceControlInformation;TranslateGitLabUrlsInSourceControlInformation;TranslateAzureReposGitUrlsInSourceControlInformation") en C:\Program Files\dotnet\sdk\10.0.103\Sdks\Microsoft.SourceLink.Bitbucket.Git\build\Microsoft.SourceLink.Bitbucket.Git.targets (13,5)
       C:\Program Files\dotnet\sdk\10.0.103\Sdks\Microsoft.NET.Sdk\targets\Microsoft.NET.DesignerSupport.targets(21,5): message : Reasignación de propiedad: $(DesignerRuntimeImplementationProjectOutputGroupDependsOn)="
       C:\Program Files\dotnet\sdk\10.0.103\Sdks\Microsoft.NET.Sdk\targets\Microsoft.NET.DesignerSupport.targets(21,5): message :       
       C:\Program Files\dotnet\sdk\10.0.103\Sdks\Microsoft.NET.Sdk\targets\Microsoft.NET.DesignerSupport.targets(21,5): message :       ;
       C:\Program Files\dotnet\sdk\10.0.103\Sdks\Microsoft.NET.Sdk\targets\Microsoft.NET.DesignerSupport.targets(21,5): message :       
       C:\Program Files\dotnet\sdk\10.0.103\Sdks\Microsoft.NET.Sdk\targets\Microsoft.NET.DesignerSupport.targets(21,5): message :       ;
       C:\Program Files\dotnet\sdk\10.0.103\Sdks\Microsoft.NET.Sdk\targets\Microsoft.NET.DesignerSupport.targets(21,5): message :       BuildOnlySettings;
       C:\Program Files\dotnet\sdk\10.0.103\Sdks\Microsoft.NET.Sdk\targets\Microsoft.NET.DesignerSupport.targets(21,5): message :       PrepareForBuild;
       C:\Program Files\dotnet\sdk\10.0.103\Sdks\Microsoft.NET.Sdk\targets\Microsoft.NET.DesignerSupport.targets(21,5): message :       AssignTargetPaths;
       C:\Program Files\dotnet\sdk\10.0.103\Sdks\Microsoft.NET.Sdk\targets\Microsoft.NET.DesignerSupport.targets(21,5): message :       ResolveReferences
       C:\Program Files\dotnet\sdk\10.0.103\Sdks\Microsoft.NET.Sdk\targets\Microsoft.NET.DesignerSupport.targets(21,5): message :     
       C:\Program Files\dotnet\sdk\10.0.103\Sdks\Microsoft.NET.Sdk\targets\Microsoft.NET.DesignerSupport.targets(21,5): message :     ;
       C:\Program Files\dotnet\sdk\10.0.103\Sdks\Microsoft.NET.Sdk\targets\Microsoft.NET.DesignerSupport.targets(21,5): message :       _GenerateDesignerDepsFile;
       C:\Program Files\dotnet\sdk\10.0.103\Sdks\Microsoft.NET.Sdk\targets\Microsoft.NET.DesignerSupport.targets(21,5): message :       _GenerateDesignerRuntimeConfigFile;
       C:\Program Files\dotnet\sdk\10.0.103\Sdks\Microsoft.NET.Sdk\targets\Microsoft.NET.DesignerSupport.targets(21,5): message :       GetCopyToOutputDirectoryItems;
       C:\Program Files\dotnet\sdk\10.0.103\Sdks\Microsoft.NET.Sdk\targets\Microsoft.NET.DesignerSupport.targets(21,5): message :       _GatherDesignerShadowCopyFiles;
       C:\Program Files\dotnet\sdk\10.0.103\Sdks\Microsoft.NET.Sdk\targets\Microsoft.NET.DesignerSupport.targets(21,5): message :     " (valor anterior: "
       C:\Program Files\dotnet\sdk\10.0.103\Sdks\Microsoft.NET.Sdk\targets\Microsoft.NET.DesignerSupport.targets(21,5): message :       ;
       C:\Program Files\dotnet\sdk\10.0.103\Sdks\Microsoft.NET.Sdk\targets\Microsoft.NET.DesignerSupport.targets(21,5): message :       
       C:\Program Files\dotnet\sdk\10.0.103\Sdks\Microsoft.NET.Sdk\targets\Microsoft.NET.DesignerSupport.targets(21,5): message :       ;
       C:\Program Files\dotnet\sdk\10.0.103\Sdks\Microsoft.NET.Sdk\targets\Microsoft.NET.DesignerSupport.targets(21,5): message :       BuildOnlySettings;
       C:\Program Files\dotnet\sdk\10.0.103\Sdks\Microsoft.NET.Sdk\targets\Microsoft.NET.DesignerSupport.targets(21,5): message :       PrepareForBuild;
       C:\Program Files\dotnet\sdk\10.0.103\Sdks\Microsoft.NET.Sdk\targets\Microsoft.NET.DesignerSupport.targets(21,5): message :       AssignTargetPaths;
       C:\Program Files\dotnet\sdk\10.0.103\Sdks\Microsoft.NET.Sdk\targets\Microsoft.NET.DesignerSupport.targets(21,5): message :       ResolveReferences
       C:\Program Files\dotnet\sdk\10.0.103\Sdks\Microsoft.NET.Sdk\targets\Microsoft.NET.DesignerSupport.targets(21,5): message :     
       C:\Program Files\dotnet\sdk\10.0.103\Sdks\Microsoft.NET.Sdk\targets\Microsoft.NET.DesignerSupport.targets(21,5): message :     ") en C:\Program Files\dotnet\sdk\10.0.103\Sdks\Microsoft.NET.Sdk\targets\Microsoft.NET.DesignerSupport.targets (21,5)
       C:\Program Files\dotnet\sdk\10.0.103\Sdks\Microsoft.NET.Sdk\targets\Microsoft.NET.Sdk.CSharp.targets(31,5): message : Reasignación de propiedad: $(DefineConstants)="TRACE;DEBUG" (valor anterior: "TRACE") en C:\Program Files\dotnet\sdk\10.0.103\Sdks\Microsoft.NET.Sdk\targets\Microsoft.NET.Sdk.CSharp.targets (31,5)
       C:\Program Files\dotnet\sdk\10.0.103\Sdks\Microsoft.NET.Sdk\targets\Microsoft.NET.Sdk.CSharp.targets(45,5): message : Reasignación de propiedad: $(WarningsAsErrors)=";NU1605;SYSLIB0011" (valor anterior: ";NU1605") en C:\Program Files\dotnet\sdk\10.0.103\Sdks\Microsoft.NET.Sdk\targets\Microsoft.NET.Sdk.CSharp.targets (45,5)
       C:\Program Files\dotnet\sdk\10.0.103\NuGet.Build.Tasks.Pack.targets(34,5): message : Reasignación de propiedad: $(PackageDescription)="Package Description" (valor anterior: "") en C:\Program Files\dotnet\sdk\10.0.103\NuGet.Build.Tasks.Pack.targets (34,5)
       C:\Program Files\dotnet\sdk\10.0.103\NuGet.Build.Tasks.Pack.targets(59,5): message : Reasignación de propiedad: $(GenerateNuspecDependsOn)="Build;_LoadPackInputItems; _GetTargetFrameworksOutput; _WalkEachTargetPerFramework; _GetPackageFiles; " (valor anterior: "_LoadPackInputItems; _GetTargetFrameworksOutput; _WalkEachTargetPerFramework; _GetPackageFiles; ") en C:\Program Files\dotnet\sdk\10.0.103\NuGet.Build.Tasks.Pack.targets (59,5)
       C:\Program Files\dotnet\sdk\10.0.103\Sdks\Microsoft.NET.Sdk\Sdk\Sdk.targets(59,5): message : Reasignación de propiedad: $(_IsNotSetContainersTargetsDir)="true" (valor anterior: "false") en C:\Program Files\dotnet\sdk\10.0.103\Sdks\Microsoft.NET.Sdk\Sdk\Sdk.targets (59,5)
       C:\Program Files\dotnet\sdk\10.0.103\Containers\build\Microsoft.NET.Build.Containers.targets(5,5): message : Reasignación de propiedad: $(_IsSDKContainerAllowedVersion)="true" (valor anterior: "false") en C:\Program Files\dotnet\sdk\10.0.103\Containers\build\Microsoft.NET.Build.Containers.targets (5,5)
       C:\Program Files\dotnet\sdk\10.0.103\Containers\build\Microsoft.NET.Build.Containers.targets(15,5): message : Reasignación de propiedad: $(_ContainerIsTargetingNet8TFM)="true" (valor anterior: "false") en C:\Program Files\dotnet\sdk\10.0.103\Containers\build\Microsoft.NET.Build.Containers.targets (15,5)
       C:\Program Files\dotnet\sdk\10.0.103\Sdks\Microsoft.NET.Sdk.StaticWebAssets\targets\Sdk.StaticWebAssets.CurrentVersion.targets(37,18): message : Propiedad "DOTNET_HOST_PATH" con el valor "C:\Program Files\dotnet\dotnet.exe" expandido desde el entorno.
       C:\Program Files\dotnet\sdk\10.0.103\Sdks\Microsoft.NET.Sdk.StaticWebAssets\targets\Microsoft.NET.Sdk.StaticWebAssets.targets(286,5): message : Reasignación de propiedad: $(PrepareForRunDependsOn)="StaticWebAssetsPrepareForRun;
       C:\Program Files\dotnet\sdk\10.0.103\Sdks\Microsoft.NET.Sdk.StaticWebAssets\targets\Microsoft.NET.Sdk.StaticWebAssets.targets(286,5): message :       CopyFilesToOutputDirectory
       C:\Program Files\dotnet\sdk\10.0.103\Sdks\Microsoft.NET.Sdk.StaticWebAssets\targets\Microsoft.NET.Sdk.StaticWebAssets.targets(286,5): message :     " (valor anterior: "
       C:\Program Files\dotnet\sdk\10.0.103\Sdks\Microsoft.NET.Sdk.StaticWebAssets\targets\Microsoft.NET.Sdk.StaticWebAssets.targets(286,5): message :       CopyFilesToOutputDirectory
       C:\Program Files\dotnet\sdk\10.0.103\Sdks\Microsoft.NET.Sdk.StaticWebAssets\targets\Microsoft.NET.Sdk.StaticWebAssets.targets(286,5): message :     ") en C:\Program Files\dotnet\sdk\10.0.103\Sdks\Microsoft.NET.Sdk.StaticWebAssets\targets\Microsoft.NET.Sdk.StaticWebAssets.targets (286,5)
       C:\Program Files\dotnet\sdk\10.0.103\Sdks\Microsoft.NET.Sdk.StaticWebAssets\targets\Microsoft.NET.Sdk.StaticWebAssets.targets(323,5): message : Reasignación de propiedad: $(GetCopyToOutputDirectoryItemsDependsOn)="
       C:\Program Files\dotnet\sdk\10.0.103\Sdks\Microsoft.NET.Sdk.StaticWebAssets\targets\Microsoft.NET.Sdk.StaticWebAssets.targets(323,5): message :       AssignTargetPaths;
       C:\Program Files\dotnet\sdk\10.0.103\Sdks\Microsoft.NET.Sdk.StaticWebAssets\targets\Microsoft.NET.Sdk.StaticWebAssets.targets(323,5): message :       
       C:\Program Files\dotnet\sdk\10.0.103\Sdks\Microsoft.NET.Sdk.StaticWebAssets\targets\Microsoft.NET.Sdk.StaticWebAssets.targets(323,5): message :       AssignProjectConfiguration;
       C:\Program Files\dotnet\sdk\10.0.103\Sdks\Microsoft.NET.Sdk.StaticWebAssets\targets\Microsoft.NET.Sdk.StaticWebAssets.targets(323,5): message :       _SplitProjectReferencesByFileExistence
       C:\Program Files\dotnet\sdk\10.0.103\Sdks\Microsoft.NET.Sdk.StaticWebAssets\targets\Microsoft.NET.Sdk.StaticWebAssets.targets(323,5): message :     ;
       C:\Program Files\dotnet\sdk\10.0.103\Sdks\Microsoft.NET.Sdk.StaticWebAssets\targets\Microsoft.NET.Sdk.StaticWebAssets.targets(323,5): message :       _GetProjectReferenceTargetFrameworkProperties;
       C:\Program Files\dotnet\sdk\10.0.103\Sdks\Microsoft.NET.Sdk.StaticWebAssets\targets\Microsoft.NET.Sdk.StaticWebAssets.targets(323,5): message :       _PopulateCommonStateForGetCopyToOutputDirectoryItems
       C:\Program Files\dotnet\sdk\10.0.103\Sdks\Microsoft.NET.Sdk.StaticWebAssets\targets\Microsoft.NET.Sdk.StaticWebAssets.targets(323,5): message :     ;AddStaticWebAssetsManifest;AddStaticWebAssetEndpointsBuildManifest" (valor anterior: "
       C:\Program Files\dotnet\sdk\10.0.103\Sdks\Microsoft.NET.Sdk.StaticWebAssets\targets\Microsoft.NET.Sdk.StaticWebAssets.targets(323,5): message :       AssignTargetPaths;
       C:\Program Files\dotnet\sdk\10.0.103\Sdks\Microsoft.NET.Sdk.StaticWebAssets\targets\Microsoft.NET.Sdk.StaticWebAssets.targets(323,5): message :       
       C:\Program Files\dotnet\sdk\10.0.103\Sdks\Microsoft.NET.Sdk.StaticWebAssets\targets\Microsoft.NET.Sdk.StaticWebAssets.targets(323,5): message :       AssignProjectConfiguration;
       C:\Program Files\dotnet\sdk\10.0.103\Sdks\Microsoft.NET.Sdk.StaticWebAssets\targets\Microsoft.NET.Sdk.StaticWebAssets.targets(323,5): message :       _SplitProjectReferencesByFileExistence
       C:\Program Files\dotnet\sdk\10.0.103\Sdks\Microsoft.NET.Sdk.StaticWebAssets\targets\Microsoft.NET.Sdk.StaticWebAssets.targets(323,5): message :     ;
       C:\Program Files\dotnet\sdk\10.0.103\Sdks\Microsoft.NET.Sdk.StaticWebAssets\targets\Microsoft.NET.Sdk.StaticWebAssets.targets(323,5): message :       _GetProjectReferenceTargetFrameworkProperties;
       C:\Program Files\dotnet\sdk\10.0.103\Sdks\Microsoft.NET.Sdk.StaticWebAssets\targets\Microsoft.NET.Sdk.StaticWebAssets.targets(323,5): message :       _PopulateCommonStateForGetCopyToOutputDirectoryItems
       C:\Program Files\dotnet\sdk\10.0.103\Sdks\Microsoft.NET.Sdk.StaticWebAssets\targets\Microsoft.NET.Sdk.StaticWebAssets.targets(323,5): message :     ") en C:\Program Files\dotnet\sdk\10.0.103\Sdks\Microsoft.NET.Sdk.StaticWebAssets\targets\Microsoft.NET.Sdk.StaticWebAssets.targets (323,5)
       C:\Program Files\dotnet\sdk\10.0.103\Sdks\Microsoft.NET.Sdk.StaticWebAssets\targets\Microsoft.NET.Sdk.StaticWebAssets.Pack.targets(46,5): message : Reasignación de propiedad: $(GenerateNuspecDependsOn)="
       C:\Program Files\dotnet\sdk\10.0.103\Sdks\Microsoft.NET.Sdk.StaticWebAssets\targets\Microsoft.NET.Sdk.StaticWebAssets.Pack.targets(46,5): message :       IncludeStaticWebAssetsPackItems;
       C:\Program Files\dotnet\sdk\10.0.103\Sdks\Microsoft.NET.Sdk.StaticWebAssets\targets\Microsoft.NET.Sdk.StaticWebAssets.Pack.targets(46,5): message :       Build;_LoadPackInputItems; _GetTargetFrameworksOutput; _WalkEachTargetPerFramework; _GetPackageFiles; ;
       C:\Program Files\dotnet\sdk\10.0.103\Sdks\Microsoft.NET.Sdk.StaticWebAssets\targets\Microsoft.NET.Sdk.StaticWebAssets.Pack.targets(46,5): message :     " (valor anterior: "Build;_LoadPackInputItems; _GetTargetFrameworksOutput; _WalkEachTargetPerFramework; _GetPackageFiles; ") en C:\Program Files\dotnet\sdk\10.0.103\Sdks\Microsoft.NET.Sdk.StaticWebAssets\targets\Microsoft.NET.Sdk.StaticWebAssets.Pack.targets (46,5)
       C:\Program Files\dotnet\sdk\10.0.103\Sdks\Microsoft.NET.Sdk.StaticWebAssets\targets\Microsoft.NET.Sdk.StaticWebAssets.Pack.targets(55,5): message : Reasignación de propiedad: $(IncludeStaticWebAssetsPackItemsDependsOn)="
       C:\Program Files\dotnet\sdk\10.0.103\Sdks\Microsoft.NET.Sdk.StaticWebAssets\targets\Microsoft.NET.Sdk.StaticWebAssets.Pack.targets(55,5): message :       Build;
       C:\Program Files\dotnet\sdk\10.0.103\Sdks\Microsoft.NET.Sdk.StaticWebAssets\targets\Microsoft.NET.Sdk.StaticWebAssets.Pack.targets(55,5): message :       ResolveStaticWebAssetsConfiguration;LoadStaticWebAssetsBuildManifest
       C:\Program Files\dotnet\sdk\10.0.103\Sdks\Microsoft.NET.Sdk.StaticWebAssets\targets\Microsoft.NET.Sdk.StaticWebAssets.Pack.targets(55,5): message :     ;
       C:\Program Files\dotnet\sdk\10.0.103\Sdks\Microsoft.NET.Sdk.StaticWebAssets\targets\Microsoft.NET.Sdk.StaticWebAssets.Pack.targets(55,5): message :     " (valor anterior: "
       C:\Program Files\dotnet\sdk\10.0.103\Sdks\Microsoft.NET.Sdk.StaticWebAssets\targets\Microsoft.NET.Sdk.StaticWebAssets.Pack.targets(55,5): message :       ResolveStaticWebAssetsConfiguration;LoadStaticWebAssetsBuildManifest
       C:\Program Files\dotnet\sdk\10.0.103\Sdks\Microsoft.NET.Sdk.StaticWebAssets\targets\Microsoft.NET.Sdk.StaticWebAssets.Pack.targets(55,5): message :     ") en C:\Program Files\dotnet\sdk\10.0.103\Sdks\Microsoft.NET.Sdk.StaticWebAssets\targets\Microsoft.NET.Sdk.StaticWebAssets.Pack.targets (55,5)
       C:\Program Files\dotnet\sdk\10.0.103\Sdks\Microsoft.NET.Sdk.StaticWebAssets\targets\Microsoft.NET.Sdk.StaticWebAssets.ScopedCss.targets(55,3): message : Reasignación de propiedad: $(ResolveStaticWebAssetsInputsDependsOn)="
       C:\Program Files\dotnet\sdk\10.0.103\Sdks\Microsoft.NET.Sdk.StaticWebAssets\targets\Microsoft.NET.Sdk.StaticWebAssets.ScopedCss.targets(55,3): message :     
       C:\Program Files\dotnet\sdk\10.0.103\Sdks\Microsoft.NET.Sdk.StaticWebAssets\targets\Microsoft.NET.Sdk.StaticWebAssets.ScopedCss.targets(55,3): message :       ResolveCoreStaticWebAssets;
       C:\Program Files\dotnet\sdk\10.0.103\Sdks\Microsoft.NET.Sdk.StaticWebAssets\targets\Microsoft.NET.Sdk.StaticWebAssets.ScopedCss.targets(55,3): message :       GenerateComputedBuildStaticWebAssets;
       C:\Program Files\dotnet\sdk\10.0.103\Sdks\Microsoft.NET.Sdk.StaticWebAssets\targets\Microsoft.NET.Sdk.StaticWebAssets.ScopedCss.targets(55,3): message :       
       C:\Program Files\dotnet\sdk\10.0.103\Sdks\Microsoft.NET.Sdk.StaticWebAssets\targets\Microsoft.NET.Sdk.StaticWebAssets.ScopedCss.targets(55,3): message :     ;
       C:\Program Files\dotnet\sdk\10.0.103\Sdks\Microsoft.NET.Sdk.StaticWebAssets\targets\Microsoft.NET.Sdk.StaticWebAssets.ScopedCss.targets(55,3): message :     ResolveScopedCssAssets;
       C:\Program Files\dotnet\sdk\10.0.103\Sdks\Microsoft.NET.Sdk.StaticWebAssets\targets\Microsoft.NET.Sdk.StaticWebAssets.ScopedCss.targets(55,3): message :   " (valor anterior: "
       C:\Program Files\dotnet\sdk\10.0.103\Sdks\Microsoft.NET.Sdk.StaticWebAssets\targets\Microsoft.NET.Sdk.StaticWebAssets.ScopedCss.targets(55,3): message :       ResolveCoreStaticWebAssets;
       C:\Program Files\dotnet\sdk\10.0.103\Sdks\Microsoft.NET.Sdk.StaticWebAssets\targets\Microsoft.NET.Sdk.StaticWebAssets.ScopedCss.targets(55,3): message :       GenerateComputedBuildStaticWebAssets;
       C:\Program Files\dotnet\sdk\10.0.103\Sdks\Microsoft.NET.Sdk.StaticWebAssets\targets\Microsoft.NET.Sdk.StaticWebAssets.ScopedCss.targets(55,3): message :       
       C:\Program Files\dotnet\sdk\10.0.103\Sdks\Microsoft.NET.Sdk.StaticWebAssets\targets\Microsoft.NET.Sdk.StaticWebAssets.ScopedCss.targets(55,3): message :     ") en C:\Program Files\dotnet\sdk\10.0.103\Sdks\Microsoft.NET.Sdk.StaticWebAssets\targets\Microsoft.NET.Sdk.StaticWebAssets.ScopedCss.targets (55,3)
       C:\Program Files\dotnet\sdk\10.0.103\Sdks\Microsoft.NET.Sdk.StaticWebAssets\targets\Microsoft.NET.Sdk.StaticWebAssets.ScopedCss.targets(88,3): message : Reasignación de propiedad: $(GenerateComputedBuildStaticWebAssetsDependsOn)="
       C:\Program Files\dotnet\sdk\10.0.103\Sdks\Microsoft.NET.Sdk.StaticWebAssets\targets\Microsoft.NET.Sdk.StaticWebAssets.ScopedCss.targets(88,3): message :     ResolveCoreStaticWebAssets;;
       C:\Program Files\dotnet\sdk\10.0.103\Sdks\Microsoft.NET.Sdk.StaticWebAssets\targets\Microsoft.NET.Sdk.StaticWebAssets.ScopedCss.targets(88,3): message :     BundleScopedCssFiles;
       C:\Program Files\dotnet\sdk\10.0.103\Sdks\Microsoft.NET.Sdk.StaticWebAssets\targets\Microsoft.NET.Sdk.StaticWebAssets.ScopedCss.targets(88,3): message :   " (valor anterior: "ResolveCoreStaticWebAssets;") en C:\Program Files\dotnet\sdk\10.0.103\Sdks\Microsoft.NET.Sdk.StaticWebAssets\targets\Microsoft.NET.Sdk.StaticWebAssets.ScopedCss.targets (88,3)
       C:\Program Files\dotnet\sdk\10.0.103\Sdks\Microsoft.NET.Sdk.StaticWebAssets\targets\Microsoft.NET.Sdk.StaticWebAssets.JSModules.targets(37,5): message : Reasignación de propiedad: $(ResolveCoreStaticWebAssetsDependsOn)="
       C:\Program Files\dotnet\sdk\10.0.103\Sdks\Microsoft.NET.Sdk.StaticWebAssets\targets\Microsoft.NET.Sdk.StaticWebAssets.JSModules.targets(37,5): message :       
       C:\Program Files\dotnet\sdk\10.0.103\Sdks\Microsoft.NET.Sdk.StaticWebAssets\targets\Microsoft.NET.Sdk.StaticWebAssets.JSModules.targets(37,5): message :       UpdateExistingPackageStaticWebAssets;
       C:\Program Files\dotnet\sdk\10.0.103\Sdks\Microsoft.NET.Sdk.StaticWebAssets\targets\Microsoft.NET.Sdk.StaticWebAssets.JSModules.targets(37,5): message :       ResolveProjectStaticWebAssets;
       C:\Program Files\dotnet\sdk\10.0.103\Sdks\Microsoft.NET.Sdk.StaticWebAssets\targets\Microsoft.NET.Sdk.StaticWebAssets.JSModules.targets(37,5): message :       ResolveEmbeddedProjectsStaticWebAssets;
       C:\Program Files\dotnet\sdk\10.0.103\Sdks\Microsoft.NET.Sdk.StaticWebAssets\targets\Microsoft.NET.Sdk.StaticWebAssets.JSModules.targets(37,5): message :       ResolveReferencedProjectsStaticWebAssets;
       C:\Program Files\dotnet\sdk\10.0.103\Sdks\Microsoft.NET.Sdk.StaticWebAssets\targets\Microsoft.NET.Sdk.StaticWebAssets.JSModules.targets(37,5): message :       ;
       C:\Program Files\dotnet\sdk\10.0.103\Sdks\Microsoft.NET.Sdk.StaticWebAssets\targets\Microsoft.NET.Sdk.StaticWebAssets.JSModules.targets(37,5): message :     ;
       C:\Program Files\dotnet\sdk\10.0.103\Sdks\Microsoft.NET.Sdk.StaticWebAssets\targets\Microsoft.NET.Sdk.StaticWebAssets.JSModules.targets(37,5): message :       ResolveJsInitializerModuleStaticWebAssets;
       C:\Program Files\dotnet\sdk\10.0.103\Sdks\Microsoft.NET.Sdk.StaticWebAssets\targets\Microsoft.NET.Sdk.StaticWebAssets.JSModules.targets(37,5): message :     " (valor anterior: "
       C:\Program Files\dotnet\sdk\10.0.103\Sdks\Microsoft.NET.Sdk.StaticWebAssets\targets\Microsoft.NET.Sdk.StaticWebAssets.JSModules.targets(37,5): message :       UpdateExistingPackageStaticWebAssets;
       C:\Program Files\dotnet\sdk\10.0.103\Sdks\Microsoft.NET.Sdk.StaticWebAssets\targets\Microsoft.NET.Sdk.StaticWebAssets.JSModules.targets(37,5): message :       ResolveProjectStaticWebAssets;
       C:\Program Files\dotnet\sdk\10.0.103\Sdks\Microsoft.NET.Sdk.StaticWebAssets\targets\Microsoft.NET.Sdk.StaticWebAssets.JSModules.targets(37,5): message :       ResolveEmbeddedProjectsStaticWebAssets;
       C:\Program Files\dotnet\sdk\10.0.103\Sdks\Microsoft.NET.Sdk.StaticWebAssets\targets\Microsoft.NET.Sdk.StaticWebAssets.JSModules.targets(37,5): message :       ResolveReferencedProjectsStaticWebAssets;
       C:\Program Files\dotnet\sdk\10.0.103\Sdks\Microsoft.NET.Sdk.StaticWebAssets\targets\Microsoft.NET.Sdk.StaticWebAssets.JSModules.targets(37,5): message :       ;
       C:\Program Files\dotnet\sdk\10.0.103\Sdks\Microsoft.NET.Sdk.StaticWebAssets\targets\Microsoft.NET.Sdk.StaticWebAssets.JSModules.targets(37,5): message :     ") en C:\Program Files\dotnet\sdk\10.0.103\Sdks\Microsoft.NET.Sdk.StaticWebAssets\targets\Microsoft.NET.Sdk.StaticWebAssets.JSModules.targets (37,5)
       C:\Program Files\dotnet\sdk\10.0.103\Sdks\Microsoft.NET.Sdk.StaticWebAssets\targets\Microsoft.NET.Sdk.StaticWebAssets.JSModules.targets(42,5): message : Reasignación de propiedad: $(ResolveCoreStaticWebAssetsDependsOn)="
       C:\Program Files\dotnet\sdk\10.0.103\Sdks\Microsoft.NET.Sdk.StaticWebAssets\targets\Microsoft.NET.Sdk.StaticWebAssets.JSModules.targets(42,5): message :       
       C:\Program Files\dotnet\sdk\10.0.103\Sdks\Microsoft.NET.Sdk.StaticWebAssets\targets\Microsoft.NET.Sdk.StaticWebAssets.JSModules.targets(42,5): message :       
       C:\Program Files\dotnet\sdk\10.0.103\Sdks\Microsoft.NET.Sdk.StaticWebAssets\targets\Microsoft.NET.Sdk.StaticWebAssets.JSModules.targets(42,5): message :       UpdateExistingPackageStaticWebAssets;
       C:\Program Files\dotnet\sdk\10.0.103\Sdks\Microsoft.NET.Sdk.StaticWebAssets\targets\Microsoft.NET.Sdk.StaticWebAssets.JSModules.targets(42,5): message :       ResolveProjectStaticWebAssets;
       C:\Program Files\dotnet\sdk\10.0.103\Sdks\Microsoft.NET.Sdk.StaticWebAssets\targets\Microsoft.NET.Sdk.StaticWebAssets.JSModules.targets(42,5): message :       ResolveEmbeddedProjectsStaticWebAssets;
       C:\Program Files\dotnet\sdk\10.0.103\Sdks\Microsoft.NET.Sdk.StaticWebAssets\targets\Microsoft.NET.Sdk.StaticWebAssets.JSModules.targets(42,5): message :       ResolveReferencedProjectsStaticWebAssets;
       C:\Program Files\dotnet\sdk\10.0.103\Sdks\Microsoft.NET.Sdk.StaticWebAssets\targets\Microsoft.NET.Sdk.StaticWebAssets.JSModules.targets(42,5): message :       ;
       C:\Program Files\dotnet\sdk\10.0.103\Sdks\Microsoft.NET.Sdk.StaticWebAssets\targets\Microsoft.NET.Sdk.StaticWebAssets.JSModules.targets(42,5): message :     ;
       C:\Program Files\dotnet\sdk\10.0.103\Sdks\Microsoft.NET.Sdk.StaticWebAssets\targets\Microsoft.NET.Sdk.StaticWebAssets.JSModules.targets(42,5): message :       ResolveJsInitializerModuleStaticWebAssets;
       C:\Program Files\dotnet\sdk\10.0.103\Sdks\Microsoft.NET.Sdk.StaticWebAssets\targets\Microsoft.NET.Sdk.StaticWebAssets.JSModules.targets(42,5): message :     ;
       C:\Program Files\dotnet\sdk\10.0.103\Sdks\Microsoft.NET.Sdk.StaticWebAssets\targets\Microsoft.NET.Sdk.StaticWebAssets.JSModules.targets(42,5): message :       ResolveJSModuleStaticWebAssets;
       C:\Program Files\dotnet\sdk\10.0.103\Sdks\Microsoft.NET.Sdk.StaticWebAssets\targets\Microsoft.NET.Sdk.StaticWebAssets.JSModules.targets(42,5): message :     " (valor anterior: "
       C:\Program Files\dotnet\sdk\10.0.103\Sdks\Microsoft.NET.Sdk.StaticWebAssets\targets\Microsoft.NET.Sdk.StaticWebAssets.JSModules.targets(42,5): message :       
       C:\Program Files\dotnet\sdk\10.0.103\Sdks\Microsoft.NET.Sdk.StaticWebAssets\targets\Microsoft.NET.Sdk.StaticWebAssets.JSModules.targets(42,5): message :       UpdateExistingPackageStaticWebAssets;
       C:\Program Files\dotnet\sdk\10.0.103\Sdks\Microsoft.NET.Sdk.StaticWebAssets\targets\Microsoft.NET.Sdk.StaticWebAssets.JSModules.targets(42,5): message :       ResolveProjectStaticWebAssets;
       C:\Program Files\dotnet\sdk\10.0.103\Sdks\Microsoft.NET.Sdk.StaticWebAssets\targets\Microsoft.NET.Sdk.StaticWebAssets.JSModules.targets(42,5): message :       ResolveEmbeddedProjectsStaticWebAssets;
       C:\Program Files\dotnet\sdk\10.0.103\Sdks\Microsoft.NET.Sdk.StaticWebAssets\targets\Microsoft.NET.Sdk.StaticWebAssets.JSModules.targets(42,5): message :       ResolveReferencedProjectsStaticWebAssets;
       C:\Program Files\dotnet\sdk\10.0.103\Sdks\Microsoft.NET.Sdk.StaticWebAssets\targets\Microsoft.NET.Sdk.StaticWebAssets.JSModules.targets(42,5): message :       ;
       C:\Program Files\dotnet\sdk\10.0.103\Sdks\Microsoft.NET.Sdk.StaticWebAssets\targets\Microsoft.NET.Sdk.StaticWebAssets.JSModules.targets(42,5): message :     ;
       C:\Program Files\dotnet\sdk\10.0.103\Sdks\Microsoft.NET.Sdk.StaticWebAssets\targets\Microsoft.NET.Sdk.StaticWebAssets.JSModules.targets(42,5): message :       ResolveJsInitializerModuleStaticWebAssets;
       C:\Program Files\dotnet\sdk\10.0.103\Sdks\Microsoft.NET.Sdk.StaticWebAssets\targets\Microsoft.NET.Sdk.StaticWebAssets.JSModules.targets(42,5): message :     ") en C:\Program Files\dotnet\sdk\10.0.103\Sdks\Microsoft.NET.Sdk.StaticWebAssets\targets\Microsoft.NET.Sdk.StaticWebAssets.JSModules.targets (42,5)
       C:\Program Files\dotnet\sdk\10.0.103\Sdks\Microsoft.NET.Sdk.StaticWebAssets\targets\Microsoft.NET.Sdk.StaticWebAssets.JSModules.targets(57,5): message : Reasignación de propiedad: $(ResolveStaticWebAssetsInputsDependsOn)="
       C:\Program Files\dotnet\sdk\10.0.103\Sdks\Microsoft.NET.Sdk.StaticWebAssets\targets\Microsoft.NET.Sdk.StaticWebAssets.JSModules.targets(57,5): message :       ResolveJSModuleManifestBuildStaticWebAssets;
       C:\Program Files\dotnet\sdk\10.0.103\Sdks\Microsoft.NET.Sdk.StaticWebAssets\targets\Microsoft.NET.Sdk.StaticWebAssets.JSModules.targets(57,5): message :       
       C:\Program Files\dotnet\sdk\10.0.103\Sdks\Microsoft.NET.Sdk.StaticWebAssets\targets\Microsoft.NET.Sdk.StaticWebAssets.JSModules.targets(57,5): message :     
       C:\Program Files\dotnet\sdk\10.0.103\Sdks\Microsoft.NET.Sdk.StaticWebAssets\targets\Microsoft.NET.Sdk.StaticWebAssets.JSModules.targets(57,5): message :       ResolveCoreStaticWebAssets;
       C:\Program Files\dotnet\sdk\10.0.103\Sdks\Microsoft.NET.Sdk.StaticWebAssets\targets\Microsoft.NET.Sdk.StaticWebAssets.JSModules.targets(57,5): message :       GenerateComputedBuildStaticWebAssets;
       C:\Program Files\dotnet\sdk\10.0.103\Sdks\Microsoft.NET.Sdk.StaticWebAssets\targets\Microsoft.NET.Sdk.StaticWebAssets.JSModules.targets(57,5): message :       
       C:\Program Files\dotnet\sdk\10.0.103\Sdks\Microsoft.NET.Sdk.StaticWebAssets\targets\Microsoft.NET.Sdk.StaticWebAssets.JSModules.targets(57,5): message :     ;
       C:\Program Files\dotnet\sdk\10.0.103\Sdks\Microsoft.NET.Sdk.StaticWebAssets\targets\Microsoft.NET.Sdk.StaticWebAssets.JSModules.targets(57,5): message :     ResolveScopedCssAssets;
       C:\Program Files\dotnet\sdk\10.0.103\Sdks\Microsoft.NET.Sdk.StaticWebAssets\targets\Microsoft.NET.Sdk.StaticWebAssets.JSModules.targets(57,5): message :   
       C:\Program Files\dotnet\sdk\10.0.103\Sdks\Microsoft.NET.Sdk.StaticWebAssets\targets\Microsoft.NET.Sdk.StaticWebAssets.JSModules.targets(57,5): message :     " (valor anterior: "
       C:\Program Files\dotnet\sdk\10.0.103\Sdks\Microsoft.NET.Sdk.StaticWebAssets\targets\Microsoft.NET.Sdk.StaticWebAssets.JSModules.targets(57,5): message :     
       C:\Program Files\dotnet\sdk\10.0.103\Sdks\Microsoft.NET.Sdk.StaticWebAssets\targets\Microsoft.NET.Sdk.StaticWebAssets.JSModules.targets(57,5): message :       ResolveCoreStaticWebAssets;
       C:\Program Files\dotnet\sdk\10.0.103\Sdks\Microsoft.NET.Sdk.StaticWebAssets\targets\Microsoft.NET.Sdk.StaticWebAssets.JSModules.targets(57,5): message :       GenerateComputedBuildStaticWebAssets;
       C:\Program Files\dotnet\sdk\10.0.103\Sdks\Microsoft.NET.Sdk.StaticWebAssets\targets\Microsoft.NET.Sdk.StaticWebAssets.JSModules.targets(57,5): message :       
       C:\Program Files\dotnet\sdk\10.0.103\Sdks\Microsoft.NET.Sdk.StaticWebAssets\targets\Microsoft.NET.Sdk.StaticWebAssets.JSModules.targets(57,5): message :     ;
       C:\Program Files\dotnet\sdk\10.0.103\Sdks\Microsoft.NET.Sdk.StaticWebAssets\targets\Microsoft.NET.Sdk.StaticWebAssets.JSModules.targets(57,5): message :     ResolveScopedCssAssets;
       C:\Program Files\dotnet\sdk\10.0.103\Sdks\Microsoft.NET.Sdk.StaticWebAssets\targets\Microsoft.NET.Sdk.StaticWebAssets.JSModules.targets(57,5): message :   ") en C:\Program Files\dotnet\sdk\10.0.103\Sdks\Microsoft.NET.Sdk.StaticWebAssets\targets\Microsoft.NET.Sdk.StaticWebAssets.JSModules.targets (57,5)
       C:\Program Files\dotnet\sdk\10.0.103\Sdks\Microsoft.NET.Sdk.StaticWebAssets\targets\Microsoft.NET.Sdk.StaticWebAssets.JSModules.targets(76,5): message : Reasignación de propiedad: $(ResolvePublishStaticWebAssetsDependsOn)="
       C:\Program Files\dotnet\sdk\10.0.103\Sdks\Microsoft.NET.Sdk.StaticWebAssets\targets\Microsoft.NET.Sdk.StaticWebAssets.JSModules.targets(76,5): message :       ResolveJSModuleManifestPublishStaticWebAssets;
       C:\Program Files\dotnet\sdk\10.0.103\Sdks\Microsoft.NET.Sdk.StaticWebAssets\targets\Microsoft.NET.Sdk.StaticWebAssets.JSModules.targets(76,5): message :       
       C:\Program Files\dotnet\sdk\10.0.103\Sdks\Microsoft.NET.Sdk.StaticWebAssets\targets\Microsoft.NET.Sdk.StaticWebAssets.JSModules.targets(76,5): message :       ResolveCorePublishStaticWebAssets;
       C:\Program Files\dotnet\sdk\10.0.103\Sdks\Microsoft.NET.Sdk.StaticWebAssets\targets\Microsoft.NET.Sdk.StaticWebAssets.JSModules.targets(76,5): message :       GenerateComputedPublishStaticWebAssets;
       C:\Program Files\dotnet\sdk\10.0.103\Sdks\Microsoft.NET.Sdk.StaticWebAssets\targets\Microsoft.NET.Sdk.StaticWebAssets.JSModules.targets(76,5): message :       ;
       C:\Program Files\dotnet\sdk\10.0.103\Sdks\Microsoft.NET.Sdk.StaticWebAssets\targets\Microsoft.NET.Sdk.StaticWebAssets.JSModules.targets(76,5): message :     
       C:\Program Files\dotnet\sdk\10.0.103\Sdks\Microsoft.NET.Sdk.StaticWebAssets\targets\Microsoft.NET.Sdk.StaticWebAssets.JSModules.targets(76,5): message :     " (valor anterior: "
       C:\Program Files\dotnet\sdk\10.0.103\Sdks\Microsoft.NET.Sdk.StaticWebAssets\targets\Microsoft.NET.Sdk.StaticWebAssets.JSModules.targets(76,5): message :       ResolveCorePublishStaticWebAssets;
       C:\Program Files\dotnet\sdk\10.0.103\Sdks\Microsoft.NET.Sdk.StaticWebAssets\targets\Microsoft.NET.Sdk.StaticWebAssets.JSModules.targets(76,5): message :       GenerateComputedPublishStaticWebAssets;
       C:\Program Files\dotnet\sdk\10.0.103\Sdks\Microsoft.NET.Sdk.StaticWebAssets\targets\Microsoft.NET.Sdk.StaticWebAssets.JSModules.targets(76,5): message :       ;
       C:\Program Files\dotnet\sdk\10.0.103\Sdks\Microsoft.NET.Sdk.StaticWebAssets\targets\Microsoft.NET.Sdk.StaticWebAssets.JSModules.targets(76,5): message :     ") en C:\Program Files\dotnet\sdk\10.0.103\Sdks\Microsoft.NET.Sdk.StaticWebAssets\targets\Microsoft.NET.Sdk.StaticWebAssets.JSModules.targets (76,5)
       C:\Program Files\dotnet\sdk\10.0.103\Sdks\Microsoft.NET.Sdk.StaticWebAssets\targets\Microsoft.NET.Sdk.StaticWebAssets.Compression.targets(185,5): message : Reasignación de propiedad: $(ResolveBuildRelatedStaticWebAssetsDependsOn)="
       C:\Program Files\dotnet\sdk\10.0.103\Sdks\Microsoft.NET.Sdk.StaticWebAssets\targets\Microsoft.NET.Sdk.StaticWebAssets.Compression.targets(185,5): message :       ResolveBuildCompressedStaticWebAssets;
       C:\Program Files\dotnet\sdk\10.0.103\Sdks\Microsoft.NET.Sdk.StaticWebAssets\targets\Microsoft.NET.Sdk.StaticWebAssets.Compression.targets(185,5): message :       
       C:\Program Files\dotnet\sdk\10.0.103\Sdks\Microsoft.NET.Sdk.StaticWebAssets\targets\Microsoft.NET.Sdk.StaticWebAssets.Compression.targets(185,5): message :       ResolveStaticWebAssetsInputs;
       C:\Program Files\dotnet\sdk\10.0.103\Sdks\Microsoft.NET.Sdk.StaticWebAssets\targets\Microsoft.NET.Sdk.StaticWebAssets.Compression.targets(185,5): message :       
       C:\Program Files\dotnet\sdk\10.0.103\Sdks\Microsoft.NET.Sdk.StaticWebAssets\targets\Microsoft.NET.Sdk.StaticWebAssets.Compression.targets(185,5): message :     
       C:\Program Files\dotnet\sdk\10.0.103\Sdks\Microsoft.NET.Sdk.StaticWebAssets\targets\Microsoft.NET.Sdk.StaticWebAssets.Compression.targets(185,5): message :     " (valor anterior: "
       C:\Program Files\dotnet\sdk\10.0.103\Sdks\Microsoft.NET.Sdk.StaticWebAssets\targets\Microsoft.NET.Sdk.StaticWebAssets.Compression.targets(185,5): message :       ResolveStaticWebAssetsInputs;
       C:\Program Files\dotnet\sdk\10.0.103\Sdks\Microsoft.NET.Sdk.StaticWebAssets\targets\Microsoft.NET.Sdk.StaticWebAssets.Compression.targets(185,5): message :       
       C:\Program Files\dotnet\sdk\10.0.103\Sdks\Microsoft.NET.Sdk.StaticWebAssets\targets\Microsoft.NET.Sdk.StaticWebAssets.Compression.targets(185,5): message :     ") en C:\Program Files\dotnet\sdk\10.0.103\Sdks\Microsoft.NET.Sdk.StaticWebAssets\targets\Microsoft.NET.Sdk.StaticWebAssets.Compression.targets (185,5)
       C:\Program Files\dotnet\sdk\10.0.103\Sdks\Microsoft.NET.Sdk.StaticWebAssets\targets\Microsoft.NET.Sdk.StaticWebAssets.Compression.targets(204,5): message : Reasignación de propiedad: $(ResolvePublishRelatedStaticWebAssetsDependsOn)="
       C:\Program Files\dotnet\sdk\10.0.103\Sdks\Microsoft.NET.Sdk.StaticWebAssets\targets\Microsoft.NET.Sdk.StaticWebAssets.Compression.targets(204,5): message :       ResolvePublishCompressedStaticWebAssets;
       C:\Program Files\dotnet\sdk\10.0.103\Sdks\Microsoft.NET.Sdk.StaticWebAssets\targets\Microsoft.NET.Sdk.StaticWebAssets.Compression.targets(204,5): message :       
       C:\Program Files\dotnet\sdk\10.0.103\Sdks\Microsoft.NET.Sdk.StaticWebAssets\targets\Microsoft.NET.Sdk.StaticWebAssets.Compression.targets(204,5): message :     " (valor anterior: "") en C:\Program Files\dotnet\sdk\10.0.103\Sdks\Microsoft.NET.Sdk.StaticWebAssets\targets\Microsoft.NET.Sdk.StaticWebAssets.Compression.targets (204,5)
       C:\Program Files\dotnet\sdk\10.0.103\Sdks\Microsoft.NET.Sdk.Razor\targets\Sdk.Razor.CurrentVersion.targets(220,5): message : Reasignación de propiedad: $(DebugSymbolsProjectOutputGroupDependsOn)="
       C:\Program Files\dotnet\sdk\10.0.103\Sdks\Microsoft.NET.Sdk.Razor\targets\Sdk.Razor.CurrentVersion.targets(220,5): message :       ;
       C:\Program Files\dotnet\sdk\10.0.103\Sdks\Microsoft.NET.Sdk.Razor\targets\Sdk.Razor.CurrentVersion.targets(220,5): message :       _RazorAddDebugSymbolsProjectOutputGroupOutput
       C:\Program Files\dotnet\sdk\10.0.103\Sdks\Microsoft.NET.Sdk.Razor\targets\Sdk.Razor.CurrentVersion.targets(220,5): message :     " (valor anterior: "") en C:\Program Files\dotnet\sdk\10.0.103\Sdks\Microsoft.NET.Sdk.Razor\targets\Sdk.Razor.CurrentVersion.targets (220,5)
       C:\Program Files\dotnet\sdk\10.0.103\Sdks\Microsoft.NET.Sdk.Razor\targets\Sdk.Razor.CurrentVersion.targets(225,5): message : Reasignación de propiedad: $(PrepareForBuildDependsOn)="
       C:\Program Files\dotnet\sdk\10.0.103\Sdks\Microsoft.NET.Sdk.Razor\targets\Sdk.Razor.CurrentVersion.targets(225,5): message :       ;GetFrameworkPaths;GetReferenceAssemblyPaths;AssignLinkMetadata;
       C:\Program Files\dotnet\sdk\10.0.103\Sdks\Microsoft.NET.Sdk.Razor\targets\Sdk.Razor.CurrentVersion.targets(225,5): message :       ResolveRazorGenerateInputs
       C:\Program Files\dotnet\sdk\10.0.103\Sdks\Microsoft.NET.Sdk.Razor\targets\Sdk.Razor.CurrentVersion.targets(225,5): message :     " (valor anterior: ";GetFrameworkPaths;GetReferenceAssemblyPaths;AssignLinkMetadata") en C:\Program Files\dotnet\sdk\10.0.103\Sdks\Microsoft.NET.Sdk.Razor\targets\Sdk.Razor.CurrentVersion.targets (225,5)
       C:\Program Files\dotnet\sdk\10.0.103\Sdks\Microsoft.NET.Sdk.Razor\targets\Sdk.Razor.CurrentVersion.targets(230,5): message : Reasignación de propiedad: $(GenerateNuspecDependsOn)="
       C:\Program Files\dotnet\sdk\10.0.103\Sdks\Microsoft.NET.Sdk.Razor\targets\Sdk.Razor.CurrentVersion.targets(230,5): message :       ResolveRazorGenerateInputs;
       C:\Program Files\dotnet\sdk\10.0.103\Sdks\Microsoft.NET.Sdk.Razor\targets\Sdk.Razor.CurrentVersion.targets(230,5): message :       
       C:\Program Files\dotnet\sdk\10.0.103\Sdks\Microsoft.NET.Sdk.Razor\targets\Sdk.Razor.CurrentVersion.targets(230,5): message :       IncludeStaticWebAssetsPackItems;
       C:\Program Files\dotnet\sdk\10.0.103\Sdks\Microsoft.NET.Sdk.Razor\targets\Sdk.Razor.CurrentVersion.targets(230,5): message :       Build;_LoadPackInputItems; _GetTargetFrameworksOutput; _WalkEachTargetPerFramework; _GetPackageFiles; ;
       C:\Program Files\dotnet\sdk\10.0.103\Sdks\Microsoft.NET.Sdk.Razor\targets\Sdk.Razor.CurrentVersion.targets(230,5): message :     
       C:\Program Files\dotnet\sdk\10.0.103\Sdks\Microsoft.NET.Sdk.Razor\targets\Sdk.Razor.CurrentVersion.targets(230,5): message :     " (valor anterior: "
       C:\Program Files\dotnet\sdk\10.0.103\Sdks\Microsoft.NET.Sdk.Razor\targets\Sdk.Razor.CurrentVersion.targets(230,5): message :       IncludeStaticWebAssetsPackItems;
       C:\Program Files\dotnet\sdk\10.0.103\Sdks\Microsoft.NET.Sdk.Razor\targets\Sdk.Razor.CurrentVersion.targets(230,5): message :       Build;_LoadPackInputItems; _GetTargetFrameworksOutput; _WalkEachTargetPerFramework; _GetPackageFiles; ;
       C:\Program Files\dotnet\sdk\10.0.103\Sdks\Microsoft.NET.Sdk.Razor\targets\Sdk.Razor.CurrentVersion.targets(230,5): message :     ") en C:\Program Files\dotnet\sdk\10.0.103\Sdks\Microsoft.NET.Sdk.Razor\targets\Sdk.Razor.CurrentVersion.targets (230,5)
       C:\Program Files\dotnet\sdk\10.0.103\Sdks\Microsoft.NET.Sdk.Razor\targets\Sdk.Razor.CurrentVersion.targets(235,5): message : Reasignación de propiedad: $(PrepareForRunDependsOn)="
       C:\Program Files\dotnet\sdk\10.0.103\Sdks\Microsoft.NET.Sdk.Razor\targets\Sdk.Razor.CurrentVersion.targets(235,5): message :       _RazorPrepareForRun;
       C:\Program Files\dotnet\sdk\10.0.103\Sdks\Microsoft.NET.Sdk.Razor\targets\Sdk.Razor.CurrentVersion.targets(235,5): message :       StaticWebAssetsPrepareForRun;
       C:\Program Files\dotnet\sdk\10.0.103\Sdks\Microsoft.NET.Sdk.Razor\targets\Sdk.Razor.CurrentVersion.targets(235,5): message :       CopyFilesToOutputDirectory
       C:\Program Files\dotnet\sdk\10.0.103\Sdks\Microsoft.NET.Sdk.Razor\targets\Sdk.Razor.CurrentVersion.targets(235,5): message :     
       C:\Program Files\dotnet\sdk\10.0.103\Sdks\Microsoft.NET.Sdk.Razor\targets\Sdk.Razor.CurrentVersion.targets(235,5): message :     " (valor anterior: "StaticWebAssetsPrepareForRun;
       C:\Program Files\dotnet\sdk\10.0.103\Sdks\Microsoft.NET.Sdk.Razor\targets\Sdk.Razor.CurrentVersion.targets(235,5): message :       CopyFilesToOutputDirectory
       C:\Program Files\dotnet\sdk\10.0.103\Sdks\Microsoft.NET.Sdk.Razor\targets\Sdk.Razor.CurrentVersion.targets(235,5): message :     ") en C:\Program Files\dotnet\sdk\10.0.103\Sdks\Microsoft.NET.Sdk.Razor\targets\Sdk.Razor.CurrentVersion.targets (235,5)
       C:\Program Files\dotnet\sdk\10.0.103\Sdks\Microsoft.NET.Sdk.Razor\targets\Sdk.Razor.CurrentVersion.targets(326,5): message : Reasignación de propiedad: $(UseRazorBuildServer)="true" (valor anterior: "") en C:\Program Files\dotnet\sdk\10.0.103\Sdks\Microsoft.NET.Sdk.Razor\targets\Sdk.Razor.CurrentVersion.targets (326,5)
       C:\Program Files\dotnet\sdk\10.0.103\Sdks\Microsoft.NET.Sdk.Razor\targets\Sdk.Razor.CurrentVersion.targets(332,5): message : Reasignación de propiedad: $(_RazorDebugSymbolsProduced)="true" (valor anterior: "false") en C:\Program Files\dotnet\sdk\10.0.103\Sdks\Microsoft.NET.Sdk.Razor\targets\Sdk.Razor.CurrentVersion.targets (332,5)
       C:\Program Files\dotnet\sdk\10.0.103\Sdks\Microsoft.NET.Sdk.Razor\targets\Microsoft.NET.Sdk.Razor.GenerateAssemblyInfo.targets(36,5): message : Reasignación de propiedad: $(GenerateRazorTargetAssemblyInfoDependsOn)="
       C:\Program Files\dotnet\sdk\10.0.103\Sdks\Microsoft.NET.Sdk.Razor\targets\Microsoft.NET.Sdk.Razor.GenerateAssemblyInfo.targets(36,5): message :       _ResolveMvcAssemblyAttributes;
       C:\Program Files\dotnet\sdk\10.0.103\Sdks\Microsoft.NET.Sdk.Razor\targets\Microsoft.NET.Sdk.Razor.GenerateAssemblyInfo.targets(36,5): message :       
       C:\Program Files\dotnet\sdk\10.0.103\Sdks\Microsoft.NET.Sdk.Razor\targets\Microsoft.NET.Sdk.Razor.GenerateAssemblyInfo.targets(36,5): message :       GetRazorTargetAssemblyAttributes;
       C:\Program Files\dotnet\sdk\10.0.103\Sdks\Microsoft.NET.Sdk.Razor\targets\Microsoft.NET.Sdk.Razor.GenerateAssemblyInfo.targets(36,5): message :       _CreateRazorTargetAssemblyInfoInputsCacheFile;
       C:\Program Files\dotnet\sdk\10.0.103\Sdks\Microsoft.NET.Sdk.Razor\targets\Microsoft.NET.Sdk.Razor.GenerateAssemblyInfo.targets(36,5): message :       CoreGenerateRazorTargetAssemblyInfo
       C:\Program Files\dotnet\sdk\10.0.103\Sdks\Microsoft.NET.Sdk.Razor\targets\Microsoft.NET.Sdk.Razor.GenerateAssemblyInfo.targets(36,5): message :     
       C:\Program Files\dotnet\sdk\10.0.103\Sdks\Microsoft.NET.Sdk.Razor\targets\Microsoft.NET.Sdk.Razor.GenerateAssemblyInfo.targets(36,5): message :     " (valor anterior: "
       C:\Program Files\dotnet\sdk\10.0.103\Sdks\Microsoft.NET.Sdk.Razor\targets\Microsoft.NET.Sdk.Razor.GenerateAssemblyInfo.targets(36,5): message :       GetRazorTargetAssemblyAttributes;
       C:\Program Files\dotnet\sdk\10.0.103\Sdks\Microsoft.NET.Sdk.Razor\targets\Microsoft.NET.Sdk.Razor.GenerateAssemblyInfo.targets(36,5): message :       _CreateRazorTargetAssemblyInfoInputsCacheFile;
       C:\Program Files\dotnet\sdk\10.0.103\Sdks\Microsoft.NET.Sdk.Razor\targets\Microsoft.NET.Sdk.Razor.GenerateAssemblyInfo.targets(36,5): message :       CoreGenerateRazorTargetAssemblyInfo
       C:\Program Files\dotnet\sdk\10.0.103\Sdks\Microsoft.NET.Sdk.Razor\targets\Microsoft.NET.Sdk.Razor.GenerateAssemblyInfo.targets(36,5): message :     ") en C:\Program Files\dotnet\sdk\10.0.103\Sdks\Microsoft.NET.Sdk.Razor\targets\Microsoft.NET.Sdk.Razor.GenerateAssemblyInfo.targets (36,5)
       C:\Program Files\dotnet\sdk\10.0.103\Sdks\Microsoft.NET.Sdk.Razor\targets\Microsoft.NET.Sdk.Razor.GenerateAssemblyInfo.targets(181,5): message : Reasignación de propiedad: $(CoreCompileDependsOn)="
       C:\Program Files\dotnet\sdk\10.0.103\Sdks\Microsoft.NET.Sdk.Razor\targets\Microsoft.NET.Sdk.Razor.GenerateAssemblyInfo.targets(181,5): message :       ;_ComputeNonExistentFileProperty;ResolveCodeAnalysisRuleSet;
       C:\Program Files\dotnet\sdk\10.0.103\Sdks\Microsoft.NET.Sdk.Razor\targets\Microsoft.NET.Sdk.Razor.GenerateAssemblyInfo.targets(181,5): message :       _GenerateRazorAssemblyInfo
       C:\Program Files\dotnet\sdk\10.0.103\Sdks\Microsoft.NET.Sdk.Razor\targets\Microsoft.NET.Sdk.Razor.GenerateAssemblyInfo.targets(181,5): message :     " (valor anterior: ";_ComputeNonExistentFileProperty;ResolveCodeAnalysisRuleSet") en C:\Program Files\dotnet\sdk\10.0.103\Sdks\Microsoft.NET.Sdk.Razor\targets\Microsoft.NET.Sdk.Razor.GenerateAssemblyInfo.targets (181,5)
       C:\Program Files\dotnet\sdk\10.0.103\Sdks\Microsoft.NET.Sdk.Razor\targets\Microsoft.NET.Sdk.Razor.GenerateAssemblyInfo.targets(189,5): message : Reasignación de propiedad: $(_GenerateRazorAssemblyInfoDependsOn)="
       C:\Program Files\dotnet\sdk\10.0.103\Sdks\Microsoft.NET.Sdk.Razor\targets\Microsoft.NET.Sdk.Razor.GenerateAssemblyInfo.targets(189,5): message :       _ResolveMvcAssemblyAttributes;
       C:\Program Files\dotnet\sdk\10.0.103\Sdks\Microsoft.NET.Sdk.Razor\targets\Microsoft.NET.Sdk.Razor.GenerateAssemblyInfo.targets(189,5): message :       RazorGetAssemblyAttributes;PrepareForBuild;_CoreGenerateRazorAssemblyInfo;
       C:\Program Files\dotnet\sdk\10.0.103\Sdks\Microsoft.NET.Sdk.Razor\targets\Microsoft.NET.Sdk.Razor.GenerateAssemblyInfo.targets(189,5): message :     " (valor anterior: "RazorGetAssemblyAttributes;PrepareForBuild;_CoreGenerateRazorAssemblyInfo") en C:\Program Files\dotnet\sdk\10.0.103\Sdks\Microsoft.NET.Sdk.Razor\targets\Microsoft.NET.Sdk.Razor.GenerateAssemblyInfo.targets (189,5)
       C:\Program Files\dotnet\sdk\10.0.103\Sdks\Microsoft.NET.Sdk.Razor\targets\Microsoft.NET.Sdk.Razor.MvcApplicationPartsDiscovery.targets(22,5): message : Reasignación de propiedad: $(CoreCompileDependsOn)="
       C:\Program Files\dotnet\sdk\10.0.103\Sdks\Microsoft.NET.Sdk.Razor\targets\Microsoft.NET.Sdk.Razor.MvcApplicationPartsDiscovery.targets(22,5): message :       _DiscoverMvcApplicationParts;
       C:\Program Files\dotnet\sdk\10.0.103\Sdks\Microsoft.NET.Sdk.Razor\targets\Microsoft.NET.Sdk.Razor.MvcApplicationPartsDiscovery.targets(22,5): message :       
       C:\Program Files\dotnet\sdk\10.0.103\Sdks\Microsoft.NET.Sdk.Razor\targets\Microsoft.NET.Sdk.Razor.MvcApplicationPartsDiscovery.targets(22,5): message :       ;_ComputeNonExistentFileProperty;ResolveCodeAnalysisRuleSet;
       C:\Program Files\dotnet\sdk\10.0.103\Sdks\Microsoft.NET.Sdk.Razor\targets\Microsoft.NET.Sdk.Razor.MvcApplicationPartsDiscovery.targets(22,5): message :       _GenerateRazorAssemblyInfo
       C:\Program Files\dotnet\sdk\10.0.103\Sdks\Microsoft.NET.Sdk.Razor\targets\Microsoft.NET.Sdk.Razor.MvcApplicationPartsDiscovery.targets(22,5): message :     ;
       C:\Program Files\dotnet\sdk\10.0.103\Sdks\Microsoft.NET.Sdk.Razor\targets\Microsoft.NET.Sdk.Razor.MvcApplicationPartsDiscovery.targets(22,5): message :     " (valor anterior: "
       C:\Program Files\dotnet\sdk\10.0.103\Sdks\Microsoft.NET.Sdk.Razor\targets\Microsoft.NET.Sdk.Razor.MvcApplicationPartsDiscovery.targets(22,5): message :       ;_ComputeNonExistentFileProperty;ResolveCodeAnalysisRuleSet;
       C:\Program Files\dotnet\sdk\10.0.103\Sdks\Microsoft.NET.Sdk.Razor\targets\Microsoft.NET.Sdk.Razor.MvcApplicationPartsDiscovery.targets(22,5): message :       _GenerateRazorAssemblyInfo
       C:\Program Files\dotnet\sdk\10.0.103\Sdks\Microsoft.NET.Sdk.Razor\targets\Microsoft.NET.Sdk.Razor.MvcApplicationPartsDiscovery.targets(22,5): message :     ") en C:\Program Files\dotnet\sdk\10.0.103\Sdks\Microsoft.NET.Sdk.Razor\targets\Microsoft.NET.Sdk.Razor.MvcApplicationPartsDiscovery.targets (22,5)
       C:\Program Files\dotnet\sdk\10.0.103\Sdks\Microsoft.NET.Sdk.Razor\targets\Sdk.Razor.CurrentVersion.targets(884,5): message : Reasignación de propiedad: $(RazorDesignTimeTargets)="C:\Program Files\dotnet\sdk\10.0.103\Sdks\Microsoft.NET.Sdk.Razor\targets\Microsoft.NET.Sdk.Razor.DesignTime.targets" (valor anterior: "C:\Program Files\dotnet\sdk\10.0.103\\Microsoft\VisualStudio\Razor\Microsoft.NET.Sdk.Razor.DesignTime.targets") en C:\Program Files\dotnet\sdk\10.0.103\Sdks\Microsoft.NET.Sdk.Razor\targets\Sdk.Razor.CurrentVersion.targets (884,5)
       C:\Program Files\dotnet\sdk\10.0.103\Sdks\Microsoft.NET.Sdk.Web.ProjectSystem\targets\Microsoft.NET.Sdk.Web.ProjectSystem.targets(21,5): message : Reasignación de propiedad: $(RunWorkingDirectory)="e:\Documentos\Proyectos\Spherikal\Spherical\src\Spherical" (valor anterior: "") en C:\Program Files\dotnet\sdk\10.0.103\Sdks\Microsoft.NET.Sdk.Web.ProjectSystem\targets\Microsoft.NET.Sdk.Web.ProjectSystem.targets (21,5)
       C:\Program Files\dotnet\sdk\10.0.103\Sdks\Microsoft.NET.Sdk.Publish\targets\Microsoft.NET.Sdk.Publish.targets(60,5): message : Reasignación de propiedad: $(PublishProfileImported)="true" (valor anterior: "false") en C:\Program Files\dotnet\sdk\10.0.103\Sdks\Microsoft.NET.Sdk.Publish\targets\Microsoft.NET.Sdk.Publish.targets (60,5)
       C:\Program Files\dotnet\sdk\10.0.103\Sdks\Microsoft.NET.Sdk.Publish\targets\Microsoft.NET.Sdk.Publish.targets(81,5): message : Reasignación de propiedad: $(PublishConfiguration)="Debug" (valor anterior: "") en C:\Program Files\dotnet\sdk\10.0.103\Sdks\Microsoft.NET.Sdk.Publish\targets\Microsoft.NET.Sdk.Publish.targets (81,5)
       C:\Program Files\dotnet\sdk\10.0.103\Sdks\Microsoft.NET.Sdk.Publish\targets\Microsoft.NET.Sdk.Publish.targets(87,5): message : Reasignación de propiedad: $(BaseIntermediateOutputPath)="e:\Documentos\Proyectos\Spherikal\Spherical\src\Spherical\obj\" (valor anterior: "obj\") en C:\Program Files\dotnet\sdk\10.0.103\Sdks\Microsoft.NET.Sdk.Publish\targets\Microsoft.NET.Sdk.Publish.targets (87,5)
       Invalidando el destino "ResolveFrameworkReferences" del proyecto"C:\Program Files\dotnet\sdk\10.0.103\Microsoft.Common.CurrentVersion.targets" con el destino "ResolveFrameworkReferences" del proyecto "C:\Program Files\dotnet\sdk\10.0.103\Sdks\Microsoft.NET.Sdk\targets\Microsoft.NET.Sdk.FrameworkReferenceResolution.targets".
       Invalidando el destino "GenerateSupportedTargetFrameworkAlias" del proyecto"C:\Program Files\dotnet\sdk\10.0.103\Microsoft.Common.CurrentVersion.targets" con el destino "GenerateSupportedTargetFrameworkAlias" del proyecto "C:\Program Files\dotnet\sdk\10.0.103\Sdks\Microsoft.NET.Sdk\targets\Microsoft.NET.Sdk.targets".
       Invalidando el destino "GetReferenceAssemblyPaths" del proyecto"C:\Program Files\dotnet\sdk\10.0.103\Microsoft.Common.CurrentVersion.targets" con el destino "GetReferenceAssemblyPaths" del proyecto "C:\Program Files\dotnet\sdk\10.0.103\Sdks\Microsoft.NET.Sdk\targets\Microsoft.NET.DisableStandardFrameworkResolution.targets".
       Invalidando el destino "GetFrameworkPaths" del proyecto"C:\Program Files\dotnet\sdk\10.0.103\Microsoft.Common.CurrentVersion.targets" con el destino "GetFrameworkPaths" del proyecto "C:\Program Files\dotnet\sdk\10.0.103\Sdks\Microsoft.NET.Sdk\targets\Microsoft.NET.DisableStandardFrameworkResolution.targets".
       Invalidando el destino "DesignerRuntimeImplementationProjectOutputGroup" del proyecto"C:\Program Files\dotnet\sdk\10.0.103\Microsoft.Common.CurrentVersion.targets" con el destino "DesignerRuntimeImplementationProjectOutputGroup" del proyecto "C:\Program Files\dotnet\sdk\10.0.103\Sdks\Microsoft.NET.Sdk\targets\Microsoft.NET.DesignerSupport.targets".
       Invalidando el destino "Publish" del proyecto"C:\Program Files\dotnet\sdk\10.0.103\Microsoft.Common.CurrentVersion.targets" con el destino "Publish" del proyecto "C:\Program Files\dotnet\sdk\10.0.103\Sdks\Microsoft.NET.Sdk\targets\Microsoft.NET.Publish.targets".
       Invalidando el destino "ResolveReadyToRunCompilers" del proyecto"C:\Program Files\dotnet\sdk\10.0.103\Sdks\Microsoft.NET.Sdk\targets\Microsoft.NET.CrossGen.targets" con el destino "ResolveReadyToRunCompilers" del proyecto "C:\Program Files\dotnet\sdk\10.0.103\Sdks\Microsoft.NET.Sdk\targets\Microsoft.NET.Publish.targets".
       Invalidando el destino "GetCopyToPublishDirectoryItems" del proyecto"C:\Program Files\dotnet\sdk\10.0.103\Microsoft.Common.CurrentVersion.targets" con el destino "GetCopyToPublishDirectoryItems" del proyecto "C:\Program Files\dotnet\sdk\10.0.103\Sdks\Microsoft.NET.Sdk\targets\Microsoft.NET.Publish.targets".
       Invalidando el destino "Run" del proyecto"C:\Program Files\dotnet\sdk\10.0.103\Microsoft.Common.CurrentVersion.targets" con el destino "Run" del proyecto "C:\Program Files\dotnet\sdk\10.0.103\Sdks\Microsoft.NET.Sdk\targets\Microsoft.NET.Sdk.targets".
       Invalidando el destino "BeforePublish" del proyecto"C:\Program Files\dotnet\sdk\10.0.103\Microsoft.Common.CurrentVersion.targets" con el destino "BeforePublish" del proyecto "C:\Program Files\dotnet\sdk\10.0.103\Sdks\Microsoft.NET.Sdk.Publish\targets\Microsoft.NET.Sdk.Publish.targets".
       Invalidando el destino "AfterPublish" del proyecto"C:\Program Files\dotnet\sdk\10.0.103\Microsoft.Common.CurrentVersion.targets" con el destino "AfterPublish" del proyecto "C:\Program Files\dotnet\sdk\10.0.103\Sdks\Microsoft.NET.Sdk.Publish\targets\Microsoft.NET.Sdk.Publish.targets".
       El destino "CollectUpToDateCheckInputDesignTime" que aparece en un atributo BeforeTargets en "C:\Program Files\dotnet\sdk\10.0.103\Sdks\Microsoft.NET.Sdk.StaticWebAssets\targets\Microsoft.NET.Sdk.StaticWebAssets.ScopedCss.targets (171,5)" no existe en el proyecto y se omitirá.
       El destino "CollectUpToDateCheckBuiltDesignTime" que aparece en un atributo BeforeTargets en "C:\Program Files\dotnet\sdk\10.0.103\Sdks\Microsoft.NET.Sdk.StaticWebAssets\targets\Microsoft.NET.Sdk.StaticWebAssets.ScopedCss.targets (171,5)" no existe en el proyecto y se omitirá.
       El destino "RazorGenerateComponentDeclaration" que aparece en un atributo AfterTargets en "C:\Program Files\dotnet\sdk\10.0.103\Sdks\Microsoft.NET.Sdk.Razor\targets\Microsoft.NET.Sdk.Razor.DesignTime.targets (55,53)" no existe en el proyecto y se omitirá.
     1>Proyecto "e:\Documentos\Proyectos\Spherikal\Spherical\src\Spherical\Spherical.csproj" en el nodo 1 (Restore destinos).
     1>Destino "_LoadRestoreGraphEntryPoints" en el archivo "C:\Program Files\dotnet\sdk\10.0.103\NuGet.targets" del proyecto "e:\Documentos\Proyectos\Spherikal\Spherical\src\Spherical\Spherical.csproj" (el destino "_FilterRestoreGraphProjectInputItems" depende de él):
     1>Compilación terminada del destino "_LoadRestoreGraphEntryPoints" en el proyecto "Spherical.csproj".
     1>Destino "_FilterRestoreGraphProjectInputItems" en el archivo "C:\Program Files\dotnet\sdk\10.0.103\NuGet.targets" del proyecto "e:\Documentos\Proyectos\Spherikal\Spherical\src\Spherical\Spherical.csproj" (el destino "_GenerateRestoreGraph" depende de él):
       Usando la tarea "RemoveDuplicates" del ensamblado "Microsoft.Build.Tasks.Core, Version=15.1.0.0, Culture=neutral, PublicKeyToken=b03f5f7f11d50a3a".
       Tarea "RemoveDuplicates"
       Ejecución de la tarea "RemoveDuplicates" terminada.
       Usando la tarea "MSBuild" del ensamblado "Microsoft.Build.Tasks.Core, Version=15.1.0.0, Culture=neutral, PublicKeyToken=b03f5f7f11d50a3a".
       Tarea "MSBuild"
         Propiedades globales:
           ExcludeRestorePackageImports=true
     0>C:\Program Files\dotnet\sdk\10.0.103\Sdks\Microsoft.NET.Sdk\Sdk\Sdk.props(49,11): message : Propiedad "MSBuildExtensionsPath" con el valor "C:\Program Files\dotnet\sdk\10.0.103\" expandido desde el entorno.
       C:\Program Files\dotnet\sdk\10.0.103\Current\Microsoft.Common.props(60,5): message : Reasignación de propiedad: $(MSBuildProjectExtensionsPath)="e:\Documentos\Proyectos\Spherikal\Spherical\src\Spherical\obj\" (valor anterior: "obj\") en C:\Program Files\dotnet\sdk\10.0.103\Current\Microsoft.Common.props (60,5)
       C:\Program Files\dotnet\sdk\10.0.103\Current\Microsoft.Common.props(84,119): message : Propiedad "MSBuildUserExtensionsPath" con el valor "D:\Usuarios\german.alvarez\AppData\Local\Microsoft\MSBuild" expandido desde el entorno.
       C:\Program Files\dotnet\sdk\10.0.103\Sdks\Microsoft.NET.Sdk\targets\Microsoft.NET.Sdk.props(90,5): message : Reasignación de propiedad: $(AssemblySearchPaths)="{CandidateAssemblyFiles};{HintPathFromItem}" (valor anterior: "{CandidateAssemblyFiles}") en C:\Program Files\dotnet\sdk\10.0.103\Sdks\Microsoft.NET.Sdk\targets\Microsoft.NET.Sdk.props (90,5)
       C:\Program Files\dotnet\sdk\10.0.103\Sdks\Microsoft.NET.Sdk\targets\Microsoft.NET.Sdk.props(91,5): message : Reasignación de propiedad: $(AssemblySearchPaths)="{CandidateAssemblyFiles};{HintPathFromItem};{TargetFrameworkDirectory}" (valor anterior: "{CandidateAssemblyFiles};{HintPathFromItem}") en C:\Program Files\dotnet\sdk\10.0.103\Sdks\Microsoft.NET.Sdk\targets\Microsoft.NET.Sdk.props (91,5)
       C:\Program Files\dotnet\sdk\10.0.103\Sdks\Microsoft.NET.Sdk\targets\Microsoft.NET.Sdk.props(92,5): message : Reasignación de propiedad: $(AssemblySearchPaths)="{CandidateAssemblyFiles};{HintPathFromItem};{TargetFrameworkDirectory};{RawFileName}" (valor anterior: "{CandidateAssemblyFiles};{HintPathFromItem};{TargetFrameworkDirectory}") en C:\Program Files\dotnet\sdk\10.0.103\Sdks\Microsoft.NET.Sdk\targets\Microsoft.NET.Sdk.props (92,5)
       C:\Program Files\dotnet\sdk\10.0.103\Sdks\Microsoft.NET.Sdk.StaticWebAssets\Sdk\Sdk.StaticWebAssets.StaticAssets.ProjectSystem.props(23,5): message : Reasignación de propiedad: $(DefaultItemExcludes)=";**\node_modules\**;node_modules\**;**\jspm_packages\**;jspm_packages\**" (valor anterior: ";**\node_modules\**;node_modules\**") en C:\Program Files\dotnet\sdk\10.0.103\Sdks\Microsoft.NET.Sdk.StaticWebAssets\Sdk\Sdk.StaticWebAssets.StaticAssets.ProjectSystem.props (23,5)
       C:\Program Files\dotnet\sdk\10.0.103\Sdks\Microsoft.NET.Sdk.StaticWebAssets\Sdk\Sdk.StaticWebAssets.StaticAssets.ProjectSystem.props(24,5): message : Reasignación de propiedad: $(DefaultItemExcludes)=";**\node_modules\**;node_modules\**;**\jspm_packages\**;jspm_packages\**;**\bower_components\**;bower_components\**" (valor anterior: ";**\node_modules\**;node_modules\**;**\jspm_packages\**;jspm_packages\**") en C:\Program Files\dotnet\sdk\10.0.103\Sdks\Microsoft.NET.Sdk.StaticWebAssets\Sdk\Sdk.StaticWebAssets.StaticAssets.ProjectSystem.props (24,5)
       C:\Program Files\dotnet\sdk\10.0.103\Sdks\Microsoft.NET.Sdk.StaticWebAssets\Sdk\Sdk.StaticWebAssets.StaticAssets.ProjectSystem.props(25,5): message : Reasignación de propiedad: $(DefaultItemExcludes)=";**\node_modules\**;node_modules\**;**\jspm_packages\**;jspm_packages\**;**\bower_components\**;bower_components\**;**\packages.lock.json" (valor anterior: ";**\node_modules\**;node_modules\**;**\jspm_packages\**;jspm_packages\**;**\bower_components\**;bower_components\**") en C:\Program Files\dotnet\sdk\10.0.103\Sdks\Microsoft.NET.Sdk.StaticWebAssets\Sdk\Sdk.StaticWebAssets.StaticAssets.ProjectSystem.props (25,5)
       C:\Program Files\dotnet\sdk\10.0.103\Sdks\Microsoft.NET.Sdk.Web.ProjectSystem\targets\Microsoft.NET.Sdk.Web.ProjectSystem.props(16,5): message : Reasignación de propiedad: $(OutputType)="Exe" (valor anterior: "Library") en C:\Program Files\dotnet\sdk\10.0.103\Sdks\Microsoft.NET.Sdk.Web.ProjectSystem\targets\Microsoft.NET.Sdk.Web.ProjectSystem.props (16,5)
       C:\Program Files\dotnet\sdk\10.0.103\Sdks\Microsoft.NET.Sdk\targets\Microsoft.NET.Sdk.ImportPublishProfile.targets(28,5): message : Reasignación de propiedad: $(PublishProfileImported)="false" (valor anterior: "true") en C:\Program Files\dotnet\sdk\10.0.103\Sdks\Microsoft.NET.Sdk\targets\Microsoft.NET.Sdk.ImportPublishProfile.targets (28,5)
       C:\Program Files\dotnet\sdk\10.0.103\Sdks\Microsoft.NET.Sdk\targets\Microsoft.NET.TargetFrameworkInference.targets(81,5): message : Reasignación de propiedad: $(TargetPlatformVersion)="" (valor anterior: "0.0") en C:\Program Files\dotnet\sdk\10.0.103\Sdks\Microsoft.NET.Sdk\targets\Microsoft.NET.TargetFrameworkInference.targets (81,5)
       C:\Program Files\dotnet\sdk\10.0.103\Sdks\Microsoft.NET.Sdk\targets\Microsoft.NET.DefaultOutputPaths.targets(126,5): message : Reasignación de propiedad: $(DefaultItemExcludes)=";**\node_modules\**;node_modules\**;**\jspm_packages\**;jspm_packages\**;**\bower_components\**;bower_components\**;**\packages.lock.json;bin\Debug\/**" (valor anterior: ";**\node_modules\**;node_modules\**;**\jspm_packages\**;jspm_packages\**;**\bower_components\**;bower_components\**;**\packages.lock.json") en C:\Program Files\dotnet\sdk\10.0.103\Sdks\Microsoft.NET.Sdk\targets\Microsoft.NET.DefaultOutputPaths.targets (126,5)
       C:\Program Files\dotnet\sdk\10.0.103\Sdks\Microsoft.NET.Sdk\targets\Microsoft.NET.DefaultOutputPaths.targets(127,5): message : Reasignación de propiedad: $(DefaultItemExcludes)=";**\node_modules\**;node_modules\**;**\jspm_packages\**;jspm_packages\**;**\bower_components\**;bower_components\**;**\packages.lock.json;bin\Debug\/**;obj\Debug\/**" (valor anterior: ";**\node_modules\**;node_modules\**;**\jspm_packages\**;jspm_packages\**;**\bower_components\**;bower_components\**;**\packages.lock.json;bin\Debug\/**") en C:\Program Files\dotnet\sdk\10.0.103\Sdks\Microsoft.NET.Sdk\targets\Microsoft.NET.DefaultOutputPaths.targets (127,5)
       C:\Program Files\dotnet\sdk\10.0.103\Sdks\Microsoft.NET.Sdk\targets\Microsoft.NET.DefaultOutputPaths.targets(142,5): message : Reasignación de propiedad: $(OutputPath)="bin\Debug\net10.0\" (valor anterior: "bin\Debug\") en C:\Program Files\dotnet\sdk\10.0.103\Sdks\Microsoft.NET.Sdk\targets\Microsoft.NET.DefaultOutputPaths.targets (142,5)
       C:\Program Files\dotnet\sdk\10.0.103\Sdks\Microsoft.NET.Sdk\targets\Microsoft.NET.DefaultOutputPaths.targets(147,5): message : Reasignación de propiedad: $(IntermediateOutputPath)="obj\Debug\net10.0\" (valor anterior: "obj\Debug\") en C:\Program Files\dotnet\sdk\10.0.103\Sdks\Microsoft.NET.Sdk\targets\Microsoft.NET.DefaultOutputPaths.targets (147,5)
       C:\Program Files\dotnet\sdk\10.0.103\Sdks\Microsoft.NET.Sdk\targets\Microsoft.NET.Sdk.BeforeCommon.targets(371,5): message : Reasignación de propiedad: $(RoslynTargetsPath)="C:\Program Files\dotnet\sdk\10.0.103\Sdks\Microsoft.NET.Sdk\targets\..\..\..\Roslyn" (valor anterior: "C:\Program Files\dotnet\sdk\10.0.103\Roslyn") en C:\Program Files\dotnet\sdk\10.0.103\Sdks\Microsoft.NET.Sdk\targets\Microsoft.NET.Sdk.BeforeCommon.targets (371,5)
       C:\Program Files\dotnet\sdk\10.0.103\Roslyn\Microsoft.Managed.Core.targets(6,5): message : Reasignación de propiedad: $(_BuildTasksDirectory)="C:\Program Files\dotnet\sdk\10.0.103\Sdks\Microsoft.NET.Sdk\targets\..\..\..\Roslyn\" (valor anterior: "C:\Program Files\dotnet\sdk\10.0.103\Roslyn\") en C:\Program Files\dotnet\sdk\10.0.103\Roslyn\Microsoft.Managed.Core.targets (6,5)
       C:\Program Files\dotnet\sdk\10.0.103\Roslyn\Microsoft.CSharp.Core.targets(200,5): message : Reasignación de propiedad: $(CommandLineArgsForDesignTimeEvaluation)="-langversion:14.0 -define:TRACE" (valor anterior: "-langversion:14.0") en C:\Program Files\dotnet\sdk\10.0.103\Roslyn\Microsoft.CSharp.Core.targets (200,5)
       C:\Program Files\dotnet\sdk\10.0.103\Microsoft.Common.CurrentVersion.targets(175,5): message : Reasignación de propiedad: $(_DebugSymbolsProduced)="true" (valor anterior: "false") en C:\Program Files\dotnet\sdk\10.0.103\Microsoft.Common.CurrentVersion.targets (175,5)
       C:\Program Files\dotnet\sdk\10.0.103\Microsoft.Common.CurrentVersion.targets(185,5): message : Reasignación de propiedad: $(_DocumentationFileProduced)="false" (valor anterior: "true") en C:\Program Files\dotnet\sdk\10.0.103\Microsoft.Common.CurrentVersion.targets (185,5)
       C:\Program Files\dotnet\sdk\10.0.103\Microsoft.Common.CurrentVersion.targets(393,5): message : Reasignación de propiedad: $(MSBuildCopyMarkerName)="Spherical.csproj.Up2Date" (valor anterior: "Spherical.csproj") en C:\Program Files\dotnet\sdk\10.0.103\Microsoft.Common.CurrentVersion.targets (393,5)
       C:\Program Files\dotnet\sdk\10.0.103\Microsoft.Common.CurrentVersion.targets(541,5): message : Reasignación de propiedad: $(ProcessorArchitecture)="msil" (valor anterior: "") en C:\Program Files\dotnet\sdk\10.0.103\Microsoft.Common.CurrentVersion.targets (541,5)
       C:\Program Files\dotnet\sdk\10.0.103\Microsoft.Common.CurrentVersion.targets(580,5): message : Reasignación de propiedad: $(DelaySign)="" (valor anterior: "false") en C:\Program Files\dotnet\sdk\10.0.103\Microsoft.Common.CurrentVersion.targets (580,5)
       C:\Program Files\dotnet\sdk\10.0.103\Microsoft.Common.CurrentVersion.targets(2606,5): message : Propiedad "LOCALAPPDATA" con el valor "D:\Usuarios\german.alvarez\AppData\Local" expandido desde el entorno.
       C:\Program Files\dotnet\sdk\10.0.103\Microsoft.Common.CurrentVersion.targets(3934,5): message : Reasignación de propiedad: $(_SGenGenerateSerializationAssembliesConfig)="Auto" (valor anterior: "") en C:\Program Files\dotnet\sdk\10.0.103\Microsoft.Common.CurrentVersion.targets (3934,5)
       C:\Program Files\dotnet\sdk\10.0.103\Microsoft.Common.CurrentVersion.targets(3935,5): message : Reasignación de propiedad: $(_SGenGenerateSerializationAssembliesConfig)="Off" (valor anterior: "Auto") en C:\Program Files\dotnet\sdk\10.0.103\Microsoft.Common.CurrentVersion.targets (3935,5)
       C:\Program Files\dotnet\sdk\10.0.103\Microsoft.Common.CurrentVersion.targets(5146,5): message : Reasignación de propiedad: $(_TargetsThatPrepareProjectReferences)="
       C:\Program Files\dotnet\sdk\10.0.103\Microsoft.Common.CurrentVersion.targets(5146,5): message :       AssignProjectConfiguration;
       C:\Program Files\dotnet\sdk\10.0.103\Microsoft.Common.CurrentVersion.targets(5146,5): message :       _SplitProjectReferencesByFileExistence
       C:\Program Files\dotnet\sdk\10.0.103\Microsoft.Common.CurrentVersion.targets(5146,5): message :     " (valor anterior: "_SplitProjectReferencesByFileExistence") en C:\Program Files\dotnet\sdk\10.0.103\Microsoft.Common.CurrentVersion.targets (5146,5)
       C:\Program Files\dotnet\sdk\10.0.103\Microsoft.Common.CurrentVersion.targets(6959,5): message : Propiedad "MSBuildExtensionsPath32" con el valor "C:\Program Files\dotnet\sdk\10.0.103" expandido desde el entorno.
       La propiedad "NuGetInteractive" es global y no se puede modificar.
       C:\Program Files\dotnet\sdk\10.0.103\Sdks\Microsoft.NET.Sdk\targets\Microsoft.PackageDependencyResolution.targets(24,5): message : Reasignación de propiedad: $(ProjectAssetsFile)="e:\Documentos\Proyectos\Spherikal\Spherical\src\Spherical\obj\project.assets.json" (valor anterior: "e:\Documentos\Proyectos\Spherikal\Spherical\src\Spherical\obj\/project.assets.json") en C:\Program Files\dotnet\sdk\10.0.103\Sdks\Microsoft.NET.Sdk\targets\Microsoft.PackageDependencyResolution.targets (24,5)
       C:\Program Files\dotnet\sdk\10.0.103\Sdks\Microsoft.NET.Sdk\targets\Microsoft.PackageDependencyResolution.targets(29,5): message : Reasignación de propiedad: $(ProjectAssetsCacheFile)="e:\Documentos\Proyectos\Spherikal\Spherical\src\Spherical\obj\Debug\net10.0\Spherical.assets.cache" (valor anterior: "obj\Debug\net10.0\Spherical.assets.cache") en C:\Program Files\dotnet\sdk\10.0.103\Sdks\Microsoft.NET.Sdk\targets\Microsoft.PackageDependencyResolution.targets (29,5)
       C:\Program Files\dotnet\sdk\10.0.103\Sdks\Microsoft.NET.Sdk\targets\Microsoft.PackageDependencyResolution.targets(80,5): message : Reasignación de propiedad: $(ResolveAssemblyReferencesDependsOn)="
       C:\Program Files\dotnet\sdk\10.0.103\Sdks\Microsoft.NET.Sdk\targets\Microsoft.PackageDependencyResolution.targets(80,5): message :       
       C:\Program Files\dotnet\sdk\10.0.103\Sdks\Microsoft.NET.Sdk\targets\Microsoft.PackageDependencyResolution.targets(80,5): message :       ResolveProjectReferences;
       C:\Program Files\dotnet\sdk\10.0.103\Sdks\Microsoft.NET.Sdk\targets\Microsoft.PackageDependencyResolution.targets(80,5): message :       FindInvalidProjectReferences;
       C:\Program Files\dotnet\sdk\10.0.103\Sdks\Microsoft.NET.Sdk\targets\Microsoft.PackageDependencyResolution.targets(80,5): message :       GetFrameworkPaths;
       C:\Program Files\dotnet\sdk\10.0.103\Sdks\Microsoft.NET.Sdk\targets\Microsoft.PackageDependencyResolution.targets(80,5): message :       GetReferenceAssemblyPaths;
       C:\Program Files\dotnet\sdk\10.0.103\Sdks\Microsoft.NET.Sdk\targets\Microsoft.PackageDependencyResolution.targets(80,5): message :       PrepareForBuild;
       C:\Program Files\dotnet\sdk\10.0.103\Sdks\Microsoft.NET.Sdk\targets\Microsoft.PackageDependencyResolution.targets(80,5): message :       ResolveSDKReferences;
       C:\Program Files\dotnet\sdk\10.0.103\Sdks\Microsoft.NET.Sdk\targets\Microsoft.PackageDependencyResolution.targets(80,5): message :       ExpandSDKReferences;
       C:\Program Files\dotnet\sdk\10.0.103\Sdks\Microsoft.NET.Sdk\targets\Microsoft.PackageDependencyResolution.targets(80,5): message :     ;
       C:\Program Files\dotnet\sdk\10.0.103\Sdks\Microsoft.NET.Sdk\targets\Microsoft.PackageDependencyResolution.targets(80,5): message :       ResolvePackageDependenciesForBuild;
       C:\Program Files\dotnet\sdk\10.0.103\Sdks\Microsoft.NET.Sdk\targets\Microsoft.PackageDependencyResolution.targets(80,5): message :       _HandlePackageFileConflicts;
       C:\Program Files\dotnet\sdk\10.0.103\Sdks\Microsoft.NET.Sdk\targets\Microsoft.PackageDependencyResolution.targets(80,5): message :     " (valor anterior: "
       C:\Program Files\dotnet\sdk\10.0.103\Sdks\Microsoft.NET.Sdk\targets\Microsoft.PackageDependencyResolution.targets(80,5): message :       ResolveProjectReferences;
       C:\Program Files\dotnet\sdk\10.0.103\Sdks\Microsoft.NET.Sdk\targets\Microsoft.PackageDependencyResolution.targets(80,5): message :       FindInvalidProjectReferences;
       C:\Program Files\dotnet\sdk\10.0.103\Sdks\Microsoft.NET.Sdk\targets\Microsoft.PackageDependencyResolution.targets(80,5): message :       GetFrameworkPaths;
       C:\Program Files\dotnet\sdk\10.0.103\Sdks\Microsoft.NET.Sdk\targets\Microsoft.PackageDependencyResolution.targets(80,5): message :       GetReferenceAssemblyPaths;
       C:\Program Files\dotnet\sdk\10.0.103\Sdks\Microsoft.NET.Sdk\targets\Microsoft.PackageDependencyResolution.targets(80,5): message :       PrepareForBuild;
       C:\Program Files\dotnet\sdk\10.0.103\Sdks\Microsoft.NET.Sdk\targets\Microsoft.PackageDependencyResolution.targets(80,5): message :       ResolveSDKReferences;
       C:\Program Files\dotnet\sdk\10.0.103\Sdks\Microsoft.NET.Sdk\targets\Microsoft.PackageDependencyResolution.targets(80,5): message :       ExpandSDKReferences;
       C:\Program Files\dotnet\sdk\10.0.103\Sdks\Microsoft.NET.Sdk\targets\Microsoft.PackageDependencyResolution.targets(80,5): message :     ") en C:\Program Files\dotnet\sdk\10.0.103\Sdks\Microsoft.NET.Sdk\targets\Microsoft.PackageDependencyResolution.targets (80,5)
       C:\Program Files\dotnet\sdk\10.0.103\Sdks\Microsoft.NET.Sdk\targets\Microsoft.PackageDependencyResolution.targets(86,5): message : Reasignación de propiedad: $(PrepareResourcesDependsOn)="
       C:\Program Files\dotnet\sdk\10.0.103\Sdks\Microsoft.NET.Sdk\targets\Microsoft.PackageDependencyResolution.targets(86,5): message :       ResolvePackageDependenciesForBuild;
       C:\Program Files\dotnet\sdk\10.0.103\Sdks\Microsoft.NET.Sdk\targets\Microsoft.PackageDependencyResolution.targets(86,5): message :       _HandlePackageFileConflicts;
       C:\Program Files\dotnet\sdk\10.0.103\Sdks\Microsoft.NET.Sdk\targets\Microsoft.PackageDependencyResolution.targets(86,5): message :       
       C:\Program Files\dotnet\sdk\10.0.103\Sdks\Microsoft.NET.Sdk\targets\Microsoft.PackageDependencyResolution.targets(86,5): message :       ;
       C:\Program Files\dotnet\sdk\10.0.103\Sdks\Microsoft.NET.Sdk\targets\Microsoft.PackageDependencyResolution.targets(86,5): message :       PrepareResourceNames;
       C:\Program Files\dotnet\sdk\10.0.103\Sdks\Microsoft.NET.Sdk\targets\Microsoft.PackageDependencyResolution.targets(86,5): message :       ResGen;
       C:\Program Files\dotnet\sdk\10.0.103\Sdks\Microsoft.NET.Sdk\targets\Microsoft.PackageDependencyResolution.targets(86,5): message :       CompileLicxFiles
       C:\Program Files\dotnet\sdk\10.0.103\Sdks\Microsoft.NET.Sdk\targets\Microsoft.PackageDependencyResolution.targets(86,5): message :     
       C:\Program Files\dotnet\sdk\10.0.103\Sdks\Microsoft.NET.Sdk\targets\Microsoft.PackageDependencyResolution.targets(86,5): message :     " (valor anterior: "
       C:\Program Files\dotnet\sdk\10.0.103\Sdks\Microsoft.NET.Sdk\targets\Microsoft.PackageDependencyResolution.targets(86,5): message :       ;
       C:\Program Files\dotnet\sdk\10.0.103\Sdks\Microsoft.NET.Sdk\targets\Microsoft.PackageDependencyResolution.targets(86,5): message :       PrepareResourceNames;
       C:\Program Files\dotnet\sdk\10.0.103\Sdks\Microsoft.NET.Sdk\targets\Microsoft.PackageDependencyResolution.targets(86,5): message :       ResGen;
       C:\Program Files\dotnet\sdk\10.0.103\Sdks\Microsoft.NET.Sdk\targets\Microsoft.PackageDependencyResolution.targets(86,5): message :       CompileLicxFiles
       C:\Program Files\dotnet\sdk\10.0.103\Sdks\Microsoft.NET.Sdk\targets\Microsoft.PackageDependencyResolution.targets(86,5): message :     ") en C:\Program Files\dotnet\sdk\10.0.103\Sdks\Microsoft.NET.Sdk\targets\Microsoft.PackageDependencyResolution.targets (86,5)
       La propiedad "EnableDefaultCompileItems" es global y no se puede modificar.
       La propiedad "EnableDefaultEmbeddedResourceItems" es global y no se puede modificar.
       La propiedad "EnableDefaultNoneItems" es global y no se puede modificar.
       C:\Program Files\dotnet\sdk\10.0.103\Sdks\Microsoft.NET.Sdk\targets\Microsoft.NET.Sdk.DefaultItems.targets(35,5): message : Reasignación de propiedad: $(DefaultItemExcludes)=";**\node_modules\**;node_modules\**;**\jspm_packages\**;jspm_packages\**;**\bower_components\**;bower_components\**;**\packages.lock.json;bin\Debug\/**;obj\Debug\/**;bin\/**" (valor anterior: ";**\node_modules\**;node_modules\**;**\jspm_packages\**;jspm_packages\**;**\bower_components\**;bower_components\**;**\packages.lock.json;bin\Debug\/**;obj\Debug\/**") en C:\Program Files\dotnet\sdk\10.0.103\Sdks\Microsoft.NET.Sdk\targets\Microsoft.NET.Sdk.DefaultItems.targets (35,5)
       C:\Program Files\dotnet\sdk\10.0.103\Sdks\Microsoft.NET.Sdk\targets\Microsoft.NET.Sdk.DefaultItems.targets(37,5): message : Reasignación de propiedad: $(DefaultItemExcludes)=";**\node_modules\**;node_modules\**;**\jspm_packages\**;jspm_packages\**;**\bower_components\**;bower_components\**;**\packages.lock.json;bin\Debug\/**;obj\Debug\/**;bin\/**;obj\/**" (valor anterior: ";**\node_modules\**;node_modules\**;**\jspm_packages\**;jspm_packages\**;**\bower_components\**;bower_components\**;**\packages.lock.json;bin\Debug\/**;obj\Debug\/**;bin\/**") en C:\Program Files\dotnet\sdk\10.0.103\Sdks\Microsoft.NET.Sdk\targets\Microsoft.NET.Sdk.DefaultItems.targets (37,5)
       C:\Program Files\dotnet\sdk\10.0.103\Sdks\Microsoft.NET.Sdk\targets\Microsoft.NET.Sdk.DefaultItems.targets(40,5): message : Reasignación de propiedad: $(DefaultItemExcludes)=";**\node_modules\**;node_modules\**;**\jspm_packages\**;jspm_packages\**;**\bower_components\**;bower_components\**;**\packages.lock.json;bin\Debug\/**;obj\Debug\/**;bin\/**;obj\/**;**/*.user" (valor anterior: ";**\node_modules\**;node_modules\**;**\jspm_packages\**;jspm_packages\**;**\bower_components\**;bower_components\**;**\packages.lock.json;bin\Debug\/**;obj\Debug\/**;bin\/**;obj\/**") en C:\Program Files\dotnet\sdk\10.0.103\Sdks\Microsoft.NET.Sdk\targets\Microsoft.NET.Sdk.DefaultItems.targets (40,5)
       C:\Program Files\dotnet\sdk\10.0.103\Sdks\Microsoft.NET.Sdk\targets\Microsoft.NET.Sdk.DefaultItems.targets(41,5): message : Reasignación de propiedad: $(DefaultItemExcludes)=";**\node_modules\**;node_modules\**;**\jspm_packages\**;jspm_packages\**;**\bower_components\**;bower_components\**;**\packages.lock.json;bin\Debug\/**;obj\Debug\/**;bin\/**;obj\/**;**/*.user;**/*.*proj" (valor anterior: ";**\node_modules\**;node_modules\**;**\jspm_packages\**;jspm_packages\**;**\bower_components\**;bower_components\**;**\packages.lock.json;bin\Debug\/**;obj\Debug\/**;bin\/**;obj\/**;**/*.user") en C:\Program Files\dotnet\sdk\10.0.103\Sdks\Microsoft.NET.Sdk\targets\Microsoft.NET.Sdk.DefaultItems.targets (41,5)
       C:\Program Files\dotnet\sdk\10.0.103\Sdks\Microsoft.NET.Sdk\targets\Microsoft.NET.Sdk.DefaultItems.targets(42,5): message : Reasignación de propiedad: $(DefaultItemExcludes)=";**\node_modules\**;node_modules\**;**\jspm_packages\**;jspm_packages\**;**\bower_components\**;bower_components\**;**\packages.lock.json;bin\Debug\/**;obj\Debug\/**;bin\/**;obj\/**;**/*.user;**/*.*proj;**/*.sln" (valor anterior: ";**\node_modules\**;node_modules\**;**\jspm_packages\**;jspm_packages\**;**\bower_components\**;bower_components\**;**\packages.lock.json;bin\Debug\/**;obj\Debug\/**;bin\/**;obj\/**;**/*.user;**/*.*proj") en C:\Program Files\dotnet\sdk\10.0.103\Sdks\Microsoft.NET.Sdk\targets\Microsoft.NET.Sdk.DefaultItems.targets (42,5)
       C:\Program Files\dotnet\sdk\10.0.103\Sdks\Microsoft.NET.Sdk\targets\Microsoft.NET.Sdk.DefaultItems.targets(43,5): message : Reasignación de propiedad: $(DefaultItemExcludes)=";**\node_modules\**;node_modules\**;**\jspm_packages\**;jspm_packages\**;**\bower_components\**;bower_components\**;**\packages.lock.json;bin\Debug\/**;obj\Debug\/**;bin\/**;obj\/**;**/*.user;**/*.*proj;**/*.sln;**/*.slnx" (valor anterior: ";**\node_modules\**;node_modules\**;**\jspm_packages\**;jspm_packages\**;**\bower_components\**;bower_components\**;**\packages.lock.json;bin\Debug\/**;obj\Debug\/**;bin\/**;obj\/**;**/*.user;**/*.*proj;**/*.sln") en C:\Program Files\dotnet\sdk\10.0.103\Sdks\Microsoft.NET.Sdk\targets\Microsoft.NET.Sdk.DefaultItems.targets (43,5)
       C:\Program Files\dotnet\sdk\10.0.103\Sdks\Microsoft.NET.Sdk\targets\Microsoft.NET.Sdk.DefaultItems.targets(44,5): message : Reasignación de propiedad: $(DefaultItemExcludes)=";**\node_modules\**;node_modules\**;**\jspm_packages\**;jspm_packages\**;**\bower_components\**;bower_components\**;**\packages.lock.json;bin\Debug\/**;obj\Debug\/**;bin\/**;obj\/**;**/*.user;**/*.*proj;**/*.sln;**/*.slnx;**/*.vssscc" (valor anterior: ";**\node_modules\**;node_modules\**;**\jspm_packages\**;jspm_packages\**;**\bower_components\**;bower_components\**;**\packages.lock.json;bin\Debug\/**;obj\Debug\/**;bin\/**;obj\/**;**/*.user;**/*.*proj;**/*.sln;**/*.slnx") en C:\Program Files\dotnet\sdk\10.0.103\Sdks\Microsoft.NET.Sdk\targets\Microsoft.NET.Sdk.DefaultItems.targets (44,5)
       C:\Program Files\dotnet\sdk\10.0.103\Sdks\Microsoft.NET.Sdk\targets\Microsoft.NET.Sdk.DefaultItems.targets(45,5): message : Reasignación de propiedad: $(DefaultItemExcludes)=";**\node_modules\**;node_modules\**;**\jspm_packages\**;jspm_packages\**;**\bower_components\**;bower_components\**;**\packages.lock.json;bin\Debug\/**;obj\Debug\/**;bin\/**;obj\/**;**/*.user;**/*.*proj;**/*.sln;**/*.slnx;**/*.vssscc;**/.DS_Store" (valor anterior: ";**\node_modules\**;node_modules\**;**\jspm_packages\**;jspm_packages\**;**\bower_components\**;bower_components\**;**\packages.lock.json;bin\Debug\/**;obj\Debug\/**;bin\/**;obj\/**;**/*.user;**/*.*proj;**/*.sln;**/*.slnx;**/*.vssscc") en C:\Program Files\dotnet\sdk\10.0.103\Sdks\Microsoft.NET.Sdk\targets\Microsoft.NET.Sdk.DefaultItems.targets (45,5)
       C:\Program Files\dotnet\sdk\10.0.103\Sdks\Microsoft.NET.Sdk\targets\Microsoft.NET.Sdk.FrameworkReferenceResolution.targets(14,5): message : Reasignación de propiedad: $(ResolveAssemblyReferencesDependsOn)="
       C:\Program Files\dotnet\sdk\10.0.103\Sdks\Microsoft.NET.Sdk\targets\Microsoft.NET.Sdk.FrameworkReferenceResolution.targets(14,5): message :       
       C:\Program Files\dotnet\sdk\10.0.103\Sdks\Microsoft.NET.Sdk\targets\Microsoft.NET.Sdk.FrameworkReferenceResolution.targets(14,5): message :       
       C:\Program Files\dotnet\sdk\10.0.103\Sdks\Microsoft.NET.Sdk\targets\Microsoft.NET.Sdk.FrameworkReferenceResolution.targets(14,5): message :       ResolveProjectReferences;
       C:\Program Files\dotnet\sdk\10.0.103\Sdks\Microsoft.NET.Sdk\targets\Microsoft.NET.Sdk.FrameworkReferenceResolution.targets(14,5): message :       FindInvalidProjectReferences;
       C:\Program Files\dotnet\sdk\10.0.103\Sdks\Microsoft.NET.Sdk\targets\Microsoft.NET.Sdk.FrameworkReferenceResolution.targets(14,5): message :       GetFrameworkPaths;
       C:\Program Files\dotnet\sdk\10.0.103\Sdks\Microsoft.NET.Sdk\targets\Microsoft.NET.Sdk.FrameworkReferenceResolution.targets(14,5): message :       GetReferenceAssemblyPaths;
       C:\Program Files\dotnet\sdk\10.0.103\Sdks\Microsoft.NET.Sdk\targets\Microsoft.NET.Sdk.FrameworkReferenceResolution.targets(14,5): message :       PrepareForBuild;
       C:\Program Files\dotnet\sdk\10.0.103\Sdks\Microsoft.NET.Sdk\targets\Microsoft.NET.Sdk.FrameworkReferenceResolution.targets(14,5): message :       ResolveSDKReferences;
       C:\Program Files\dotnet\sdk\10.0.103\Sdks\Microsoft.NET.Sdk\targets\Microsoft.NET.Sdk.FrameworkReferenceResolution.targets(14,5): message :       ExpandSDKReferences;
       C:\Program Files\dotnet\sdk\10.0.103\Sdks\Microsoft.NET.Sdk\targets\Microsoft.NET.Sdk.FrameworkReferenceResolution.targets(14,5): message :     ;
       C:\Program Files\dotnet\sdk\10.0.103\Sdks\Microsoft.NET.Sdk\targets\Microsoft.NET.Sdk.FrameworkReferenceResolution.targets(14,5): message :       ResolvePackageDependenciesForBuild;
       C:\Program Files\dotnet\sdk\10.0.103\Sdks\Microsoft.NET.Sdk\targets\Microsoft.NET.Sdk.FrameworkReferenceResolution.targets(14,5): message :       _HandlePackageFileConflicts;
       C:\Program Files\dotnet\sdk\10.0.103\Sdks\Microsoft.NET.Sdk\targets\Microsoft.NET.Sdk.FrameworkReferenceResolution.targets(14,5): message :     ;
       C:\Program Files\dotnet\sdk\10.0.103\Sdks\Microsoft.NET.Sdk\targets\Microsoft.NET.Sdk.FrameworkReferenceResolution.targets(14,5): message :       ResolveTargetingPackAssets;
       C:\Program Files\dotnet\sdk\10.0.103\Sdks\Microsoft.NET.Sdk\targets\Microsoft.NET.Sdk.FrameworkReferenceResolution.targets(14,5): message :     " (valor anterior: "
       C:\Program Files\dotnet\sdk\10.0.103\Sdks\Microsoft.NET.Sdk\targets\Microsoft.NET.Sdk.FrameworkReferenceResolution.targets(14,5): message :       
       C:\Program Files\dotnet\sdk\10.0.103\Sdks\Microsoft.NET.Sdk\targets\Microsoft.NET.Sdk.FrameworkReferenceResolution.targets(14,5): message :       ResolveProjectReferences;
       C:\Program Files\dotnet\sdk\10.0.103\Sdks\Microsoft.NET.Sdk\targets\Microsoft.NET.Sdk.FrameworkReferenceResolution.targets(14,5): message :       FindInvalidProjectReferences;
       C:\Program Files\dotnet\sdk\10.0.103\Sdks\Microsoft.NET.Sdk\targets\Microsoft.NET.Sdk.FrameworkReferenceResolution.targets(14,5): message :       GetFrameworkPaths;
       C:\Program Files\dotnet\sdk\10.0.103\Sdks\Microsoft.NET.Sdk\targets\Microsoft.NET.Sdk.FrameworkReferenceResolution.targets(14,5): message :       GetReferenceAssemblyPaths;
       C:\Program Files\dotnet\sdk\10.0.103\Sdks\Microsoft.NET.Sdk\targets\Microsoft.NET.Sdk.FrameworkReferenceResolution.targets(14,5): message :       PrepareForBuild;
       C:\Program Files\dotnet\sdk\10.0.103\Sdks\Microsoft.NET.Sdk\targets\Microsoft.NET.Sdk.FrameworkReferenceResolution.targets(14,5): message :       ResolveSDKReferences;
       C:\Program Files\dotnet\sdk\10.0.103\Sdks\Microsoft.NET.Sdk\targets\Microsoft.NET.Sdk.FrameworkReferenceResolution.targets(14,5): message :       ExpandSDKReferences;
       C:\Program Files\dotnet\sdk\10.0.103\Sdks\Microsoft.NET.Sdk\targets\Microsoft.NET.Sdk.FrameworkReferenceResolution.targets(14,5): message :     ;
       C:\Program Files\dotnet\sdk\10.0.103\Sdks\Microsoft.NET.Sdk\targets\Microsoft.NET.Sdk.FrameworkReferenceResolution.targets(14,5): message :       ResolvePackageDependenciesForBuild;
       C:\Program Files\dotnet\sdk\10.0.103\Sdks\Microsoft.NET.Sdk\targets\Microsoft.NET.Sdk.FrameworkReferenceResolution.targets(14,5): message :       _HandlePackageFileConflicts;
       C:\Program Files\dotnet\sdk\10.0.103\Sdks\Microsoft.NET.Sdk\targets\Microsoft.NET.Sdk.FrameworkReferenceResolution.targets(14,5): message :     ") en C:\Program Files\dotnet\sdk\10.0.103\Sdks\Microsoft.NET.Sdk\targets\Microsoft.NET.Sdk.FrameworkReferenceResolution.targets (14,5)
       C:\Program Files\dotnet\sdk\10.0.103\Sdks\Microsoft.NET.Sdk\targets\Microsoft.NET.Sdk.targets(44,5): message : Reasignación de propiedad: $(_GenerateRuntimeConfigurationPropertyInputsCache)="e:\Documentos\Proyectos\Spherikal\Spherical\src\Spherical\obj\Debug\net10.0\Spherical.genruntimeconfig.cache" (valor anterior: "obj\Debug\net10.0\Spherical.genruntimeconfig.cache") en C:\Program Files\dotnet\sdk\10.0.103\Sdks\Microsoft.NET.Sdk\targets\Microsoft.NET.Sdk.targets (44,5)
       C:\Program Files\dotnet\sdk\10.0.103\Sdks\Microsoft.NET.Sdk\targets\Microsoft.NET.Sdk.targets(46,5): message : Reasignación de propiedad: $(_GeneratePublishDependencyFilePropertyInputsCache)="e:\Documentos\Proyectos\Spherikal\Spherical\src\Spherical\obj\Debug\net10.0\Spherical.genpublishdeps.cache" (valor anterior: "obj\Debug\net10.0\Spherical.genpublishdeps.cache") en C:\Program Files\dotnet\sdk\10.0.103\Sdks\Microsoft.NET.Sdk\targets\Microsoft.NET.Sdk.targets (46,5)
       C:\Program Files\dotnet\sdk\10.0.103\Sdks\Microsoft.NET.Sdk\targets\Microsoft.NET.Sdk.targets(48,5): message : Reasignación de propiedad: $(_GenerateSingleFileBundlePropertyInputsCache)="e:\Documentos\Proyectos\Spherikal\Spherical\src\Spherical\obj\Debug\net10.0\Spherical.genbundle.cache" (valor anterior: "obj\Debug\net10.0\Spherical.genbundle.cache") en C:\Program Files\dotnet\sdk\10.0.103\Sdks\Microsoft.NET.Sdk\targets\Microsoft.NET.Sdk.targets (48,5)
       C:\Program Files\dotnet\sdk\10.0.103\Sdks\Microsoft.NET.Sdk\targets\Microsoft.NET.Sdk.targets(81,5): message : Reasignación de propiedad: $(GenerateRuntimeConfigDevFile)="false" (valor anterior: "true") en C:\Program Files\dotnet\sdk\10.0.103\Sdks\Microsoft.NET.Sdk\targets\Microsoft.NET.Sdk.targets (81,5)
       C:\Program Files\dotnet\sdk\10.0.103\Sdks\Microsoft.NET.Sdk\targets\Microsoft.NET.Sdk.targets(97,5): message : Propiedad "HOME" con el valor "D:\Usuarios\german.alvarez" expandido desde el entorno.
       C:\Program Files\dotnet\sdk\10.0.103\Sdks\Microsoft.NET.Sdk\targets\Microsoft.NET.Sdk.targets(98,5): message : Propiedad "USERPROFILE" con el valor "D:\Usuarios\german.alvarez" expandido desde el entorno.
       C:\Program Files\dotnet\sdk\10.0.103\Sdks\Microsoft.NET.Sdk\targets\Microsoft.NET.Sdk.targets(99,5): message : Reasignación de propiedad: $(_DefaultUserProfileRuntimeStorePath)="D:\Usuarios\german.alvarez\.dotnet\store" (valor anterior: "D:\Usuarios\german.alvarez") en C:\Program Files\dotnet\sdk\10.0.103\Sdks\Microsoft.NET.Sdk\targets\Microsoft.NET.Sdk.targets (99,5)
       C:\Program Files\dotnet\sdk\10.0.103\Sdks\Microsoft.NET.Sdk\targets\Microsoft.NET.Sdk.targets(144,5): message : Reasignación de propiedad: $(AvailablePlatforms)="Any CPU,x86,x64,ARM32" (valor anterior: "Any CPU,x86,x64") en C:\Program Files\dotnet\sdk\10.0.103\Sdks\Microsoft.NET.Sdk\targets\Microsoft.NET.Sdk.targets (144,5)
       C:\Program Files\dotnet\sdk\10.0.103\Sdks\Microsoft.NET.Sdk\targets\Microsoft.NET.Sdk.targets(148,5): message : Reasignación de propiedad: $(AvailablePlatforms)="Any CPU,x86,x64,ARM32,ARM64" (valor anterior: "Any CPU,x86,x64,ARM32") en C:\Program Files\dotnet\sdk\10.0.103\Sdks\Microsoft.NET.Sdk\targets\Microsoft.NET.Sdk.targets (148,5)
       C:\Program Files\dotnet\sdk\10.0.103\Sdks\Microsoft.NET.Sdk\targets\Microsoft.NET.Sdk.targets(204,5): message : Reasignación de propiedad: $(CoreBuildDependsOn)="
       C:\Program Files\dotnet\sdk\10.0.103\Sdks\Microsoft.NET.Sdk\targets\Microsoft.NET.Sdk.targets(204,5): message :       _CheckForBuildWithNoBuild;
       C:\Program Files\dotnet\sdk\10.0.103\Sdks\Microsoft.NET.Sdk\targets\Microsoft.NET.Sdk.targets(204,5): message :       
       C:\Program Files\dotnet\sdk\10.0.103\Sdks\Microsoft.NET.Sdk\targets\Microsoft.NET.Sdk.targets(204,5): message :       BuildOnlySettings;
       C:\Program Files\dotnet\sdk\10.0.103\Sdks\Microsoft.NET.Sdk\targets\Microsoft.NET.Sdk.targets(204,5): message :       PrepareForBuild;
       C:\Program Files\dotnet\sdk\10.0.103\Sdks\Microsoft.NET.Sdk\targets\Microsoft.NET.Sdk.targets(204,5): message :       PreBuildEvent;
       C:\Program Files\dotnet\sdk\10.0.103\Sdks\Microsoft.NET.Sdk\targets\Microsoft.NET.Sdk.targets(204,5): message :       ResolveReferences;
       C:\Program Files\dotnet\sdk\10.0.103\Sdks\Microsoft.NET.Sdk\targets\Microsoft.NET.Sdk.targets(204,5): message :       PrepareResources;
       C:\Program Files\dotnet\sdk\10.0.103\Sdks\Microsoft.NET.Sdk\targets\Microsoft.NET.Sdk.targets(204,5): message :       ResolveKeySource;
       C:\Program Files\dotnet\sdk\10.0.103\Sdks\Microsoft.NET.Sdk\targets\Microsoft.NET.Sdk.targets(204,5): message :       Compile;
       C:\Program Files\dotnet\sdk\10.0.103\Sdks\Microsoft.NET.Sdk\targets\Microsoft.NET.Sdk.targets(204,5): message :       ExportWindowsMDFile;
       C:\Program Files\dotnet\sdk\10.0.103\Sdks\Microsoft.NET.Sdk\targets\Microsoft.NET.Sdk.targets(204,5): message :       UnmanagedUnregistration;
       C:\Program Files\dotnet\sdk\10.0.103\Sdks\Microsoft.NET.Sdk\targets\Microsoft.NET.Sdk.targets(204,5): message :       GenerateSerializationAssemblies;
       C:\Program Files\dotnet\sdk\10.0.103\Sdks\Microsoft.NET.Sdk\targets\Microsoft.NET.Sdk.targets(204,5): message :       CreateSatelliteAssemblies;
       C:\Program Files\dotnet\sdk\10.0.103\Sdks\Microsoft.NET.Sdk\targets\Microsoft.NET.Sdk.targets(204,5): message :       GenerateManifests;
       C:\Program Files\dotnet\sdk\10.0.103\Sdks\Microsoft.NET.Sdk\targets\Microsoft.NET.Sdk.targets(204,5): message :       GetTargetPath;
       C:\Program Files\dotnet\sdk\10.0.103\Sdks\Microsoft.NET.Sdk\targets\Microsoft.NET.Sdk.targets(204,5): message :       PrepareForRun;
       C:\Program Files\dotnet\sdk\10.0.103\Sdks\Microsoft.NET.Sdk\targets\Microsoft.NET.Sdk.targets(204,5): message :       UnmanagedRegistration;
       C:\Program Files\dotnet\sdk\10.0.103\Sdks\Microsoft.NET.Sdk\targets\Microsoft.NET.Sdk.targets(204,5): message :       IncrementalClean;
       C:\Program Files\dotnet\sdk\10.0.103\Sdks\Microsoft.NET.Sdk\targets\Microsoft.NET.Sdk.targets(204,5): message :       PostBuildEvent
       C:\Program Files\dotnet\sdk\10.0.103\Sdks\Microsoft.NET.Sdk\targets\Microsoft.NET.Sdk.targets(204,5): message :     ;
       C:\Program Files\dotnet\sdk\10.0.103\Sdks\Microsoft.NET.Sdk\targets\Microsoft.NET.Sdk.targets(204,5): message :       GenerateBuildDependencyFile;
       C:\Program Files\dotnet\sdk\10.0.103\Sdks\Microsoft.NET.Sdk\targets\Microsoft.NET.Sdk.targets(204,5): message :       GenerateBuildRuntimeConfigurationFiles
       C:\Program Files\dotnet\sdk\10.0.103\Sdks\Microsoft.NET.Sdk\targets\Microsoft.NET.Sdk.targets(204,5): message :     " (valor anterior: "
       C:\Program Files\dotnet\sdk\10.0.103\Sdks\Microsoft.NET.Sdk\targets\Microsoft.NET.Sdk.targets(204,5): message :       BuildOnlySettings;
       C:\Program Files\dotnet\sdk\10.0.103\Sdks\Microsoft.NET.Sdk\targets\Microsoft.NET.Sdk.targets(204,5): message :       PrepareForBuild;
       C:\Program Files\dotnet\sdk\10.0.103\Sdks\Microsoft.NET.Sdk\targets\Microsoft.NET.Sdk.targets(204,5): message :       PreBuildEvent;
       C:\Program Files\dotnet\sdk\10.0.103\Sdks\Microsoft.NET.Sdk\targets\Microsoft.NET.Sdk.targets(204,5): message :       ResolveReferences;
       C:\Program Files\dotnet\sdk\10.0.103\Sdks\Microsoft.NET.Sdk\targets\Microsoft.NET.Sdk.targets(204,5): message :       PrepareResources;
       C:\Program Files\dotnet\sdk\10.0.103\Sdks\Microsoft.NET.Sdk\targets\Microsoft.NET.Sdk.targets(204,5): message :       ResolveKeySource;
       C:\Program Files\dotnet\sdk\10.0.103\Sdks\Microsoft.NET.Sdk\targets\Microsoft.NET.Sdk.targets(204,5): message :       Compile;
       C:\Program Files\dotnet\sdk\10.0.103\Sdks\Microsoft.NET.Sdk\targets\Microsoft.NET.Sdk.targets(204,5): message :       ExportWindowsMDFile;
       C:\Program Files\dotnet\sdk\10.0.103\Sdks\Microsoft.NET.Sdk\targets\Microsoft.NET.Sdk.targets(204,5): message :       UnmanagedUnregistration;
       C:\Program Files\dotnet\sdk\10.0.103\Sdks\Microsoft.NET.Sdk\targets\Microsoft.NET.Sdk.targets(204,5): message :       GenerateSerializationAssemblies;
       C:\Program Files\dotnet\sdk\10.0.103\Sdks\Microsoft.NET.Sdk\targets\Microsoft.NET.Sdk.targets(204,5): message :       CreateSatelliteAssemblies;
       C:\Program Files\dotnet\sdk\10.0.103\Sdks\Microsoft.NET.Sdk\targets\Microsoft.NET.Sdk.targets(204,5): message :       GenerateManifests;
       C:\Program Files\dotnet\sdk\10.0.103\Sdks\Microsoft.NET.Sdk\targets\Microsoft.NET.Sdk.targets(204,5): message :       GetTargetPath;
       C:\Program Files\dotnet\sdk\10.0.103\Sdks\Microsoft.NET.Sdk\targets\Microsoft.NET.Sdk.targets(204,5): message :       PrepareForRun;
       C:\Program Files\dotnet\sdk\10.0.103\Sdks\Microsoft.NET.Sdk\targets\Microsoft.NET.Sdk.targets(204,5): message :       UnmanagedRegistration;
       C:\Program Files\dotnet\sdk\10.0.103\Sdks\Microsoft.NET.Sdk\targets\Microsoft.NET.Sdk.targets(204,5): message :       IncrementalClean;
       C:\Program Files\dotnet\sdk\10.0.103\Sdks\Microsoft.NET.Sdk\targets\Microsoft.NET.Sdk.targets(204,5): message :       PostBuildEvent
       C:\Program Files\dotnet\sdk\10.0.103\Sdks\Microsoft.NET.Sdk\targets\Microsoft.NET.Sdk.targets(204,5): message :     ") en C:\Program Files\dotnet\sdk\10.0.103\Sdks\Microsoft.NET.Sdk\targets\Microsoft.NET.Sdk.targets (204,5)
       C:\Program Files\dotnet\sdk\10.0.103\Sdks\Microsoft.NET.Sdk\targets\Microsoft.NET.Sdk.targets(213,5): message : Reasignación de propiedad: $(CoreCleanDependsOn)="
       C:\Program Files\dotnet\sdk\10.0.103\Sdks\Microsoft.NET.Sdk\targets\Microsoft.NET.Sdk.targets(213,5): message :       _SdkBeforeClean;
       C:\Program Files\dotnet\sdk\10.0.103\Sdks\Microsoft.NET.Sdk\targets\Microsoft.NET.Sdk.targets(213,5): message :       
       C:\Program Files\dotnet\sdk\10.0.103\Sdks\Microsoft.NET.Sdk\targets\Microsoft.NET.Sdk.targets(213,5): message :     " (valor anterior: "") en C:\Program Files\dotnet\sdk\10.0.103\Sdks\Microsoft.NET.Sdk\targets\Microsoft.NET.Sdk.targets (213,5)
       C:\Program Files\dotnet\sdk\10.0.103\Sdks\Microsoft.NET.Sdk\targets\Microsoft.NET.Sdk.targets(220,5): message : Reasignación de propiedad: $(RebuildDependsOn)="
       C:\Program Files\dotnet\sdk\10.0.103\Sdks\Microsoft.NET.Sdk\targets\Microsoft.NET.Sdk.targets(220,5): message :       _SdkBeforeRebuild;
       C:\Program Files\dotnet\sdk\10.0.103\Sdks\Microsoft.NET.Sdk\targets\Microsoft.NET.Sdk.targets(220,5): message :       
       C:\Program Files\dotnet\sdk\10.0.103\Sdks\Microsoft.NET.Sdk\targets\Microsoft.NET.Sdk.targets(220,5): message :       BeforeRebuild;
       C:\Program Files\dotnet\sdk\10.0.103\Sdks\Microsoft.NET.Sdk\targets\Microsoft.NET.Sdk.targets(220,5): message :       Clean;
       C:\Program Files\dotnet\sdk\10.0.103\Sdks\Microsoft.NET.Sdk\targets\Microsoft.NET.Sdk.targets(220,5): message :       Build;
       C:\Program Files\dotnet\sdk\10.0.103\Sdks\Microsoft.NET.Sdk\targets\Microsoft.NET.Sdk.targets(220,5): message :       AfterRebuild;
       C:\Program Files\dotnet\sdk\10.0.103\Sdks\Microsoft.NET.Sdk\targets\Microsoft.NET.Sdk.targets(220,5): message :     
       C:\Program Files\dotnet\sdk\10.0.103\Sdks\Microsoft.NET.Sdk\targets\Microsoft.NET.Sdk.targets(220,5): message :     " (valor anterior: "
       C:\Program Files\dotnet\sdk\10.0.103\Sdks\Microsoft.NET.Sdk\targets\Microsoft.NET.Sdk.targets(220,5): message :       BeforeRebuild;
       C:\Program Files\dotnet\sdk\10.0.103\Sdks\Microsoft.NET.Sdk\targets\Microsoft.NET.Sdk.targets(220,5): message :       Clean;
       C:\Program Files\dotnet\sdk\10.0.103\Sdks\Microsoft.NET.Sdk\targets\Microsoft.NET.Sdk.targets(220,5): message :       Build;
       C:\Program Files\dotnet\sdk\10.0.103\Sdks\Microsoft.NET.Sdk\targets\Microsoft.NET.Sdk.targets(220,5): message :       AfterRebuild;
       C:\Program Files\dotnet\sdk\10.0.103\Sdks\Microsoft.NET.Sdk\targets\Microsoft.NET.Sdk.targets(220,5): message :     ") en C:\Program Files\dotnet\sdk\10.0.103\Sdks\Microsoft.NET.Sdk\targets\Microsoft.NET.Sdk.targets (220,5)
       C:\Program Files\dotnet\sdk\10.0.103\Sdks\Microsoft.NET.Sdk\targets\Microsoft.NET.Sdk.targets(799,5): message : Reasignación de propiedad: $(CompileDependsOn)="
       C:\Program Files\dotnet\sdk\10.0.103\Sdks\Microsoft.NET.Sdk\targets\Microsoft.NET.Sdk.targets(799,5): message :       
       C:\Program Files\dotnet\sdk\10.0.103\Sdks\Microsoft.NET.Sdk\targets\Microsoft.NET.Sdk.targets(799,5): message :       ResolveReferences;
       C:\Program Files\dotnet\sdk\10.0.103\Sdks\Microsoft.NET.Sdk\targets\Microsoft.NET.Sdk.targets(799,5): message :       ResolveKeySource;
       C:\Program Files\dotnet\sdk\10.0.103\Sdks\Microsoft.NET.Sdk\targets\Microsoft.NET.Sdk.targets(799,5): message :       SetWin32ManifestProperties;
       C:\Program Files\dotnet\sdk\10.0.103\Sdks\Microsoft.NET.Sdk\targets\Microsoft.NET.Sdk.targets(799,5): message :       _SetPreferNativeArm64Win32ManifestProperties;
       C:\Program Files\dotnet\sdk\10.0.103\Sdks\Microsoft.NET.Sdk\targets\Microsoft.NET.Sdk.targets(799,5): message :       FindReferenceAssembliesForReferences;
       C:\Program Files\dotnet\sdk\10.0.103\Sdks\Microsoft.NET.Sdk\targets\Microsoft.NET.Sdk.targets(799,5): message :       _GenerateCompileInputs;
       C:\Program Files\dotnet\sdk\10.0.103\Sdks\Microsoft.NET.Sdk\targets\Microsoft.NET.Sdk.targets(799,5): message :       BeforeCompile;
       C:\Program Files\dotnet\sdk\10.0.103\Sdks\Microsoft.NET.Sdk\targets\Microsoft.NET.Sdk.targets(799,5): message :       _TimeStampBeforeCompile;
       C:\Program Files\dotnet\sdk\10.0.103\Sdks\Microsoft.NET.Sdk\targets\Microsoft.NET.Sdk.targets(799,5): message :       _GenerateCompileDependencyCache;
       C:\Program Files\dotnet\sdk\10.0.103\Sdks\Microsoft.NET.Sdk\targets\Microsoft.NET.Sdk.targets(799,5): message :       CoreCompile;
       C:\Program Files\dotnet\sdk\10.0.103\Sdks\Microsoft.NET.Sdk\targets\Microsoft.NET.Sdk.targets(799,5): message :       _TimeStampAfterCompile;
       C:\Program Files\dotnet\sdk\10.0.103\Sdks\Microsoft.NET.Sdk\targets\Microsoft.NET.Sdk.targets(799,5): message :       AfterCompile;
       C:\Program Files\dotnet\sdk\10.0.103\Sdks\Microsoft.NET.Sdk\targets\Microsoft.NET.Sdk.targets(799,5): message :     ;
       C:\Program Files\dotnet\sdk\10.0.103\Sdks\Microsoft.NET.Sdk\targets\Microsoft.NET.Sdk.targets(799,5): message :       _CreateAppHost;
       C:\Program Files\dotnet\sdk\10.0.103\Sdks\Microsoft.NET.Sdk\targets\Microsoft.NET.Sdk.targets(799,5): message :       _CreateComHost;
       C:\Program Files\dotnet\sdk\10.0.103\Sdks\Microsoft.NET.Sdk\targets\Microsoft.NET.Sdk.targets(799,5): message :       _GetIjwHostPaths;
       C:\Program Files\dotnet\sdk\10.0.103\Sdks\Microsoft.NET.Sdk\targets\Microsoft.NET.Sdk.targets(799,5): message :     " (valor anterior: "
       C:\Program Files\dotnet\sdk\10.0.103\Sdks\Microsoft.NET.Sdk\targets\Microsoft.NET.Sdk.targets(799,5): message :       ResolveReferences;
       C:\Program Files\dotnet\sdk\10.0.103\Sdks\Microsoft.NET.Sdk\targets\Microsoft.NET.Sdk.targets(799,5): message :       ResolveKeySource;
       C:\Program Files\dotnet\sdk\10.0.103\Sdks\Microsoft.NET.Sdk\targets\Microsoft.NET.Sdk.targets(799,5): message :       SetWin32ManifestProperties;
       C:\Program Files\dotnet\sdk\10.0.103\Sdks\Microsoft.NET.Sdk\targets\Microsoft.NET.Sdk.targets(799,5): message :       _SetPreferNativeArm64Win32ManifestProperties;
       C:\Program Files\dotnet\sdk\10.0.103\Sdks\Microsoft.NET.Sdk\targets\Microsoft.NET.Sdk.targets(799,5): message :       FindReferenceAssembliesForReferences;
       C:\Program Files\dotnet\sdk\10.0.103\Sdks\Microsoft.NET.Sdk\targets\Microsoft.NET.Sdk.targets(799,5): message :       _GenerateCompileInputs;
       C:\Program Files\dotnet\sdk\10.0.103\Sdks\Microsoft.NET.Sdk\targets\Microsoft.NET.Sdk.targets(799,5): message :       BeforeCompile;
       C:\Program Files\dotnet\sdk\10.0.103\Sdks\Microsoft.NET.Sdk\targets\Microsoft.NET.Sdk.targets(799,5): message :       _TimeStampBeforeCompile;
       C:\Program Files\dotnet\sdk\10.0.103\Sdks\Microsoft.NET.Sdk\targets\Microsoft.NET.Sdk.targets(799,5): message :       _GenerateCompileDependencyCache;
       C:\Program Files\dotnet\sdk\10.0.103\Sdks\Microsoft.NET.Sdk\targets\Microsoft.NET.Sdk.targets(799,5): message :       CoreCompile;
       C:\Program Files\dotnet\sdk\10.0.103\Sdks\Microsoft.NET.Sdk\targets\Microsoft.NET.Sdk.targets(799,5): message :       _TimeStampAfterCompile;
       C:\Program Files\dotnet\sdk\10.0.103\Sdks\Microsoft.NET.Sdk\targets\Microsoft.NET.Sdk.targets(799,5): message :       AfterCompile;
       C:\Program Files\dotnet\sdk\10.0.103\Sdks\Microsoft.NET.Sdk\targets\Microsoft.NET.Sdk.targets(799,5): message :     ") en C:\Program Files\dotnet\sdk\10.0.103\Sdks\Microsoft.NET.Sdk\targets\Microsoft.NET.Sdk.targets (799,5)
       C:\Program Files\dotnet\sdk\10.0.103\Sdks\Microsoft.NET.Sdk\targets\Microsoft.NET.Sdk.targets(1131,5): message : Reasignación de propiedad: $(CreateSatelliteAssembliesDependsOn)="
       C:\Program Files\dotnet\sdk\10.0.103\Sdks\Microsoft.NET.Sdk\targets\Microsoft.NET.Sdk.targets(1131,5): message :       
       C:\Program Files\dotnet\sdk\10.0.103\Sdks\Microsoft.NET.Sdk\targets\Microsoft.NET.Sdk.targets(1131,5): message :       ;
       C:\Program Files\dotnet\sdk\10.0.103\Sdks\Microsoft.NET.Sdk\targets\Microsoft.NET.Sdk.targets(1131,5): message :       _GenerateSatelliteAssemblyInputs;
       C:\Program Files\dotnet\sdk\10.0.103\Sdks\Microsoft.NET.Sdk\targets\Microsoft.NET.Sdk.targets(1131,5): message :       ComputeIntermediateSatelliteAssemblies;
       C:\Program Files\dotnet\sdk\10.0.103\Sdks\Microsoft.NET.Sdk\targets\Microsoft.NET.Sdk.targets(1131,5): message :       GenerateSatelliteAssemblies
       C:\Program Files\dotnet\sdk\10.0.103\Sdks\Microsoft.NET.Sdk\targets\Microsoft.NET.Sdk.targets(1131,5): message :     ;
       C:\Program Files\dotnet\sdk\10.0.103\Sdks\Microsoft.NET.Sdk\targets\Microsoft.NET.Sdk.targets(1131,5): message :       CoreGenerateSatelliteAssemblies
       C:\Program Files\dotnet\sdk\10.0.103\Sdks\Microsoft.NET.Sdk\targets\Microsoft.NET.Sdk.targets(1131,5): message :     " (valor anterior: "
       C:\Program Files\dotnet\sdk\10.0.103\Sdks\Microsoft.NET.Sdk\targets\Microsoft.NET.Sdk.targets(1131,5): message :       ;
       C:\Program Files\dotnet\sdk\10.0.103\Sdks\Microsoft.NET.Sdk\targets\Microsoft.NET.Sdk.targets(1131,5): message :       _GenerateSatelliteAssemblyInputs;
       C:\Program Files\dotnet\sdk\10.0.103\Sdks\Microsoft.NET.Sdk\targets\Microsoft.NET.Sdk.targets(1131,5): message :       ComputeIntermediateSatelliteAssemblies;
       C:\Program Files\dotnet\sdk\10.0.103\Sdks\Microsoft.NET.Sdk\targets\Microsoft.NET.Sdk.targets(1131,5): message :       GenerateSatelliteAssemblies
       C:\Program Files\dotnet\sdk\10.0.103\Sdks\Microsoft.NET.Sdk\targets\Microsoft.NET.Sdk.targets(1131,5): message :     ") en C:\Program Files\dotnet\sdk\10.0.103\Sdks\Microsoft.NET.Sdk\targets\Microsoft.NET.Sdk.targets (1131,5)
       C:\Program Files\dotnet\sdk\10.0.103\Sdks\Microsoft.SourceLink.GitLab\build\Microsoft.SourceLink.GitLab.targets(12,5): message : Reasignación de propiedad: $(SourceLinkUrlInitializerTargets)=";_InitializeGitHubSourceLinkUrl;_InitializeGitLabSourceLinkUrl" (valor anterior: ";_InitializeGitHubSourceLinkUrl") en C:\Program Files\dotnet\sdk\10.0.103\Sdks\Microsoft.SourceLink.GitLab\build\Microsoft.SourceLink.GitLab.targets (12,5)
       C:\Program Files\dotnet\sdk\10.0.103\Sdks\Microsoft.SourceLink.GitLab\build\Microsoft.SourceLink.GitLab.targets(13,5): message : Reasignación de propiedad: $(SourceControlManagerUrlTranslationTargets)=";TranslateGitHubUrlsInSourceControlInformation;TranslateGitLabUrlsInSourceControlInformation" (valor anterior: ";TranslateGitHubUrlsInSourceControlInformation") en C:\Program Files\dotnet\sdk\10.0.103\Sdks\Microsoft.SourceLink.GitLab\build\Microsoft.SourceLink.GitLab.targets (13,5)
       C:\Program Files\dotnet\sdk\10.0.103\Sdks\Microsoft.SourceLink.AzureRepos.Git\build\Microsoft.SourceLink.AzureRepos.Git.targets(12,5): message : Reasignación de propiedad: $(SourceLinkUrlInitializerTargets)=";_InitializeGitHubSourceLinkUrl;_InitializeGitLabSourceLinkUrl;_InitializeAzureReposGitSourceLinkUrl" (valor anterior: ";_InitializeGitHubSourceLinkUrl;_InitializeGitLabSourceLinkUrl") en C:\Program Files\dotnet\sdk\10.0.103\Sdks\Microsoft.SourceLink.AzureRepos.Git\build\Microsoft.SourceLink.AzureRepos.Git.targets (12,5)
       C:\Program Files\dotnet\sdk\10.0.103\Sdks\Microsoft.SourceLink.AzureRepos.Git\build\Microsoft.SourceLink.AzureRepos.Git.targets(13,5): message : Reasignación de propiedad: $(SourceControlManagerUrlTranslationTargets)=";TranslateGitHubUrlsInSourceControlInformation;TranslateGitLabUrlsInSourceControlInformation;TranslateAzureReposGitUrlsInSourceControlInformation" (valor anterior: ";TranslateGitHubUrlsInSourceControlInformation;TranslateGitLabUrlsInSourceControlInformation") en C:\Program Files\dotnet\sdk\10.0.103\Sdks\Microsoft.SourceLink.AzureRepos.Git\build\Microsoft.SourceLink.AzureRepos.Git.targets (13,5)
       C:\Program Files\dotnet\sdk\10.0.103\Sdks\Microsoft.SourceLink.Bitbucket.Git\build\Microsoft.SourceLink.Bitbucket.Git.targets(12,5): message : Reasignación de propiedad: $(SourceLinkUrlInitializerTargets)=";_InitializeGitHubSourceLinkUrl;_InitializeGitLabSourceLinkUrl;_InitializeAzureReposGitSourceLinkUrl;_InitializeBitbucketGitSourceLinkUrl" (valor anterior: ";_InitializeGitHubSourceLinkUrl;_InitializeGitLabSourceLinkUrl;_InitializeAzureReposGitSourceLinkUrl") en C:\Program Files\dotnet\sdk\10.0.103\Sdks\Microsoft.SourceLink.Bitbucket.Git\build\Microsoft.SourceLink.Bitbucket.Git.targets (12,5)
       C:\Program Files\dotnet\sdk\10.0.103\Sdks\Microsoft.SourceLink.Bitbucket.Git\build\Microsoft.SourceLink.Bitbucket.Git.targets(13,5): message : Reasignación de propiedad: $(SourceControlManagerUrlTranslationTargets)=";TranslateGitHubUrlsInSourceControlInformation;TranslateGitLabUrlsInSourceControlInformation;TranslateAzureReposGitUrlsInSourceControlInformation;TranslateBitbucketGitUrlsInSourceControlInformation" (valor anterior: ";TranslateGitHubUrlsInSourceControlInformation;TranslateGitLabUrlsInSourceControlInformation;TranslateAzureReposGitUrlsInSourceControlInformation") en C:\Program Files\dotnet\sdk\10.0.103\Sdks\Microsoft.SourceLink.Bitbucket.Git\build\Microsoft.SourceLink.Bitbucket.Git.targets (13,5)
       C:\Program Files\dotnet\sdk\10.0.103\Sdks\Microsoft.NET.Sdk\targets\Microsoft.NET.DesignerSupport.targets(21,5): message : Reasignación de propiedad: $(DesignerRuntimeImplementationProjectOutputGroupDependsOn)="
       C:\Program Files\dotnet\sdk\10.0.103\Sdks\Microsoft.NET.Sdk\targets\Microsoft.NET.DesignerSupport.targets(21,5): message :       
       C:\Program Files\dotnet\sdk\10.0.103\Sdks\Microsoft.NET.Sdk\targets\Microsoft.NET.DesignerSupport.targets(21,5): message :       ;
       C:\Program Files\dotnet\sdk\10.0.103\Sdks\Microsoft.NET.Sdk\targets\Microsoft.NET.DesignerSupport.targets(21,5): message :       
       C:\Program Files\dotnet\sdk\10.0.103\Sdks\Microsoft.NET.Sdk\targets\Microsoft.NET.DesignerSupport.targets(21,5): message :       ;
       C:\Program Files\dotnet\sdk\10.0.103\Sdks\Microsoft.NET.Sdk\targets\Microsoft.NET.DesignerSupport.targets(21,5): message :       BuildOnlySettings;
       C:\Program Files\dotnet\sdk\10.0.103\Sdks\Microsoft.NET.Sdk\targets\Microsoft.NET.DesignerSupport.targets(21,5): message :       PrepareForBuild;
       C:\Program Files\dotnet\sdk\10.0.103\Sdks\Microsoft.NET.Sdk\targets\Microsoft.NET.DesignerSupport.targets(21,5): message :       AssignTargetPaths;
       C:\Program Files\dotnet\sdk\10.0.103\Sdks\Microsoft.NET.Sdk\targets\Microsoft.NET.DesignerSupport.targets(21,5): message :       ResolveReferences
       C:\Program Files\dotnet\sdk\10.0.103\Sdks\Microsoft.NET.Sdk\targets\Microsoft.NET.DesignerSupport.targets(21,5): message :     
       C:\Program Files\dotnet\sdk\10.0.103\Sdks\Microsoft.NET.Sdk\targets\Microsoft.NET.DesignerSupport.targets(21,5): message :     ;
       C:\Program Files\dotnet\sdk\10.0.103\Sdks\Microsoft.NET.Sdk\targets\Microsoft.NET.DesignerSupport.targets(21,5): message :       _GenerateDesignerDepsFile;
       C:\Program Files\dotnet\sdk\10.0.103\Sdks\Microsoft.NET.Sdk\targets\Microsoft.NET.DesignerSupport.targets(21,5): message :       _GenerateDesignerRuntimeConfigFile;
       C:\Program Files\dotnet\sdk\10.0.103\Sdks\Microsoft.NET.Sdk\targets\Microsoft.NET.DesignerSupport.targets(21,5): message :       GetCopyToOutputDirectoryItems;
       C:\Program Files\dotnet\sdk\10.0.103\Sdks\Microsoft.NET.Sdk\targets\Microsoft.NET.DesignerSupport.targets(21,5): message :       _GatherDesignerShadowCopyFiles;
       C:\Program Files\dotnet\sdk\10.0.103\Sdks\Microsoft.NET.Sdk\targets\Microsoft.NET.DesignerSupport.targets(21,5): message :     " (valor anterior: "
       C:\Program Files\dotnet\sdk\10.0.103\Sdks\Microsoft.NET.Sdk\targets\Microsoft.NET.DesignerSupport.targets(21,5): message :       ;
       C:\Program Files\dotnet\sdk\10.0.103\Sdks\Microsoft.NET.Sdk\targets\Microsoft.NET.DesignerSupport.targets(21,5): message :       
       C:\Program Files\dotnet\sdk\10.0.103\Sdks\Microsoft.NET.Sdk\targets\Microsoft.NET.DesignerSupport.targets(21,5): message :       ;
       C:\Program Files\dotnet\sdk\10.0.103\Sdks\Microsoft.NET.Sdk\targets\Microsoft.NET.DesignerSupport.targets(21,5): message :       BuildOnlySettings;
       C:\Program Files\dotnet\sdk\10.0.103\Sdks\Microsoft.NET.Sdk\targets\Microsoft.NET.DesignerSupport.targets(21,5): message :       PrepareForBuild;
       C:\Program Files\dotnet\sdk\10.0.103\Sdks\Microsoft.NET.Sdk\targets\Microsoft.NET.DesignerSupport.targets(21,5): message :       AssignTargetPaths;
       C:\Program Files\dotnet\sdk\10.0.103\Sdks\Microsoft.NET.Sdk\targets\Microsoft.NET.DesignerSupport.targets(21,5): message :       ResolveReferences
       C:\Program Files\dotnet\sdk\10.0.103\Sdks\Microsoft.NET.Sdk\targets\Microsoft.NET.DesignerSupport.targets(21,5): message :     
       C:\Program Files\dotnet\sdk\10.0.103\Sdks\Microsoft.NET.Sdk\targets\Microsoft.NET.DesignerSupport.targets(21,5): message :     ") en C:\Program Files\dotnet\sdk\10.0.103\Sdks\Microsoft.NET.Sdk\targets\Microsoft.NET.DesignerSupport.targets (21,5)
       C:\Program Files\dotnet\sdk\10.0.103\Sdks\Microsoft.NET.Sdk\targets\Microsoft.NET.Sdk.CSharp.targets(31,5): message : Reasignación de propiedad: $(DefineConstants)="TRACE;DEBUG" (valor anterior: "TRACE") en C:\Program Files\dotnet\sdk\10.0.103\Sdks\Microsoft.NET.Sdk\targets\Microsoft.NET.Sdk.CSharp.targets (31,5)
       C:\Program Files\dotnet\sdk\10.0.103\Sdks\Microsoft.NET.Sdk\targets\Microsoft.NET.Sdk.CSharp.targets(45,5): message : Reasignación de propiedad: $(WarningsAsErrors)=";NU1605;SYSLIB0011" (valor anterior: ";NU1605") en C:\Program Files\dotnet\sdk\10.0.103\Sdks\Microsoft.NET.Sdk\targets\Microsoft.NET.Sdk.CSharp.targets (45,5)
       C:\Program Files\dotnet\sdk\10.0.103\NuGet.Build.Tasks.Pack.targets(34,5): message : Reasignación de propiedad: $(PackageDescription)="Package Description" (valor anterior: "") en C:\Program Files\dotnet\sdk\10.0.103\NuGet.Build.Tasks.Pack.targets (34,5)
       C:\Program Files\dotnet\sdk\10.0.103\NuGet.Build.Tasks.Pack.targets(59,5): message : Reasignación de propiedad: $(GenerateNuspecDependsOn)="Build;_LoadPackInputItems; _GetTargetFrameworksOutput; _WalkEachTargetPerFramework; _GetPackageFiles; " (valor anterior: "_LoadPackInputItems; _GetTargetFrameworksOutput; _WalkEachTargetPerFramework; _GetPackageFiles; ") en C:\Program Files\dotnet\sdk\10.0.103\NuGet.Build.Tasks.Pack.targets (59,5)
       C:\Program Files\dotnet\sdk\10.0.103\Sdks\Microsoft.NET.Sdk\Sdk\Sdk.targets(59,5): message : Reasignación de propiedad: $(_IsNotSetContainersTargetsDir)="true" (valor anterior: "false") en C:\Program Files\dotnet\sdk\10.0.103\Sdks\Microsoft.NET.Sdk\Sdk\Sdk.targets (59,5)
       C:\Program Files\dotnet\sdk\10.0.103\Containers\build\Microsoft.NET.Build.Containers.targets(5,5): message : Reasignación de propiedad: $(_IsSDKContainerAllowedVersion)="true" (valor anterior: "false") en C:\Program Files\dotnet\sdk\10.0.103\Containers\build\Microsoft.NET.Build.Containers.targets (5,5)
       C:\Program Files\dotnet\sdk\10.0.103\Containers\build\Microsoft.NET.Build.Containers.targets(15,5): message : Reasignación de propiedad: $(_ContainerIsTargetingNet8TFM)="true" (valor anterior: "false") en C:\Program Files\dotnet\sdk\10.0.103\Containers\build\Microsoft.NET.Build.Containers.targets (15,5)
       C:\Program Files\dotnet\sdk\10.0.103\Sdks\Microsoft.NET.Sdk.StaticWebAssets\targets\Sdk.StaticWebAssets.CurrentVersion.targets(37,18): message : Propiedad "DOTNET_HOST_PATH" con el valor "C:\Program Files\dotnet\dotnet.exe" expandido desde el entorno.
       C:\Program Files\dotnet\sdk\10.0.103\Sdks\Microsoft.NET.Sdk.StaticWebAssets\targets\Microsoft.NET.Sdk.StaticWebAssets.targets(286,5): message : Reasignación de propiedad: $(PrepareForRunDependsOn)="StaticWebAssetsPrepareForRun;
       C:\Program Files\dotnet\sdk\10.0.103\Sdks\Microsoft.NET.Sdk.StaticWebAssets\targets\Microsoft.NET.Sdk.StaticWebAssets.targets(286,5): message :       CopyFilesToOutputDirectory
       C:\Program Files\dotnet\sdk\10.0.103\Sdks\Microsoft.NET.Sdk.StaticWebAssets\targets\Microsoft.NET.Sdk.StaticWebAssets.targets(286,5): message :     " (valor anterior: "
       C:\Program Files\dotnet\sdk\10.0.103\Sdks\Microsoft.NET.Sdk.StaticWebAssets\targets\Microsoft.NET.Sdk.StaticWebAssets.targets(286,5): message :       CopyFilesToOutputDirectory
       C:\Program Files\dotnet\sdk\10.0.103\Sdks\Microsoft.NET.Sdk.StaticWebAssets\targets\Microsoft.NET.Sdk.StaticWebAssets.targets(286,5): message :     ") en C:\Program Files\dotnet\sdk\10.0.103\Sdks\Microsoft.NET.Sdk.StaticWebAssets\targets\Microsoft.NET.Sdk.StaticWebAssets.targets (286,5)
       C:\Program Files\dotnet\sdk\10.0.103\Sdks\Microsoft.NET.Sdk.StaticWebAssets\targets\Microsoft.NET.Sdk.StaticWebAssets.targets(323,5): message : Reasignación de propiedad: $(GetCopyToOutputDirectoryItemsDependsOn)="
       C:\Program Files\dotnet\sdk\10.0.103\Sdks\Microsoft.NET.Sdk.StaticWebAssets\targets\Microsoft.NET.Sdk.StaticWebAssets.targets(323,5): message :       AssignTargetPaths;
       C:\Program Files\dotnet\sdk\10.0.103\Sdks\Microsoft.NET.Sdk.StaticWebAssets\targets\Microsoft.NET.Sdk.StaticWebAssets.targets(323,5): message :       
       C:\Program Files\dotnet\sdk\10.0.103\Sdks\Microsoft.NET.Sdk.StaticWebAssets\targets\Microsoft.NET.Sdk.StaticWebAssets.targets(323,5): message :       AssignProjectConfiguration;
       C:\Program Files\dotnet\sdk\10.0.103\Sdks\Microsoft.NET.Sdk.StaticWebAssets\targets\Microsoft.NET.Sdk.StaticWebAssets.targets(323,5): message :       _SplitProjectReferencesByFileExistence
       C:\Program Files\dotnet\sdk\10.0.103\Sdks\Microsoft.NET.Sdk.StaticWebAssets\targets\Microsoft.NET.Sdk.StaticWebAssets.targets(323,5): message :     ;
       C:\Program Files\dotnet\sdk\10.0.103\Sdks\Microsoft.NET.Sdk.StaticWebAssets\targets\Microsoft.NET.Sdk.StaticWebAssets.targets(323,5): message :       _GetProjectReferenceTargetFrameworkProperties;
       C:\Program Files\dotnet\sdk\10.0.103\Sdks\Microsoft.NET.Sdk.StaticWebAssets\targets\Microsoft.NET.Sdk.StaticWebAssets.targets(323,5): message :       _PopulateCommonStateForGetCopyToOutputDirectoryItems
       C:\Program Files\dotnet\sdk\10.0.103\Sdks\Microsoft.NET.Sdk.StaticWebAssets\targets\Microsoft.NET.Sdk.StaticWebAssets.targets(323,5): message :     ;AddStaticWebAssetsManifest;AddStaticWebAssetEndpointsBuildManifest" (valor anterior: "
       C:\Program Files\dotnet\sdk\10.0.103\Sdks\Microsoft.NET.Sdk.StaticWebAssets\targets\Microsoft.NET.Sdk.StaticWebAssets.targets(323,5): message :       AssignTargetPaths;
       C:\Program Files\dotnet\sdk\10.0.103\Sdks\Microsoft.NET.Sdk.StaticWebAssets\targets\Microsoft.NET.Sdk.StaticWebAssets.targets(323,5): message :       
       C:\Program Files\dotnet\sdk\10.0.103\Sdks\Microsoft.NET.Sdk.StaticWebAssets\targets\Microsoft.NET.Sdk.StaticWebAssets.targets(323,5): message :       AssignProjectConfiguration;
       C:\Program Files\dotnet\sdk\10.0.103\Sdks\Microsoft.NET.Sdk.StaticWebAssets\targets\Microsoft.NET.Sdk.StaticWebAssets.targets(323,5): message :       _SplitProjectReferencesByFileExistence
       C:\Program Files\dotnet\sdk\10.0.103\Sdks\Microsoft.NET.Sdk.StaticWebAssets\targets\Microsoft.NET.Sdk.StaticWebAssets.targets(323,5): message :     ;
       C:\Program Files\dotnet\sdk\10.0.103\Sdks\Microsoft.NET.Sdk.StaticWebAssets\targets\Microsoft.NET.Sdk.StaticWebAssets.targets(323,5): message :       _GetProjectReferenceTargetFrameworkProperties;
       C:\Program Files\dotnet\sdk\10.0.103\Sdks\Microsoft.NET.Sdk.StaticWebAssets\targets\Microsoft.NET.Sdk.StaticWebAssets.targets(323,5): message :       _PopulateCommonStateForGetCopyToOutputDirectoryItems
       C:\Program Files\dotnet\sdk\10.0.103\Sdks\Microsoft.NET.Sdk.StaticWebAssets\targets\Microsoft.NET.Sdk.StaticWebAssets.targets(323,5): message :     ") en C:\Program Files\dotnet\sdk\10.0.103\Sdks\Microsoft.NET.Sdk.StaticWebAssets\targets\Microsoft.NET.Sdk.StaticWebAssets.targets (323,5)
       C:\Program Files\dotnet\sdk\10.0.103\Sdks\Microsoft.NET.Sdk.StaticWebAssets\targets\Microsoft.NET.Sdk.StaticWebAssets.Pack.targets(46,5): message : Reasignación de propiedad: $(GenerateNuspecDependsOn)="
       C:\Program Files\dotnet\sdk\10.0.103\Sdks\Microsoft.NET.Sdk.StaticWebAssets\targets\Microsoft.NET.Sdk.StaticWebAssets.Pack.targets(46,5): message :       IncludeStaticWebAssetsPackItems;
       C:\Program Files\dotnet\sdk\10.0.103\Sdks\Microsoft.NET.Sdk.StaticWebAssets\targets\Microsoft.NET.Sdk.StaticWebAssets.Pack.targets(46,5): message :       Build;_LoadPackInputItems; _GetTargetFrameworksOutput; _WalkEachTargetPerFramework; _GetPackageFiles; ;
       C:\Program Files\dotnet\sdk\10.0.103\Sdks\Microsoft.NET.Sdk.StaticWebAssets\targets\Microsoft.NET.Sdk.StaticWebAssets.Pack.targets(46,5): message :     " (valor anterior: "Build;_LoadPackInputItems; _GetTargetFrameworksOutput; _WalkEachTargetPerFramework; _GetPackageFiles; ") en C:\Program Files\dotnet\sdk\10.0.103\Sdks\Microsoft.NET.Sdk.StaticWebAssets\targets\Microsoft.NET.Sdk.StaticWebAssets.Pack.targets (46,5)
       C:\Program Files\dotnet\sdk\10.0.103\Sdks\Microsoft.NET.Sdk.StaticWebAssets\targets\Microsoft.NET.Sdk.StaticWebAssets.Pack.targets(55,5): message : Reasignación de propiedad: $(IncludeStaticWebAssetsPackItemsDependsOn)="
       C:\Program Files\dotnet\sdk\10.0.103\Sdks\Microsoft.NET.Sdk.StaticWebAssets\targets\Microsoft.NET.Sdk.StaticWebAssets.Pack.targets(55,5): message :       Build;
       C:\Program Files\dotnet\sdk\10.0.103\Sdks\Microsoft.NET.Sdk.StaticWebAssets\targets\Microsoft.NET.Sdk.StaticWebAssets.Pack.targets(55,5): message :       ResolveStaticWebAssetsConfiguration;LoadStaticWebAssetsBuildManifest
       C:\Program Files\dotnet\sdk\10.0.103\Sdks\Microsoft.NET.Sdk.StaticWebAssets\targets\Microsoft.NET.Sdk.StaticWebAssets.Pack.targets(55,5): message :     ;
       C:\Program Files\dotnet\sdk\10.0.103\Sdks\Microsoft.NET.Sdk.StaticWebAssets\targets\Microsoft.NET.Sdk.StaticWebAssets.Pack.targets(55,5): message :     " (valor anterior: "
       C:\Program Files\dotnet\sdk\10.0.103\Sdks\Microsoft.NET.Sdk.StaticWebAssets\targets\Microsoft.NET.Sdk.StaticWebAssets.Pack.targets(55,5): message :       ResolveStaticWebAssetsConfiguration;LoadStaticWebAssetsBuildManifest
       C:\Program Files\dotnet\sdk\10.0.103\Sdks\Microsoft.NET.Sdk.StaticWebAssets\targets\Microsoft.NET.Sdk.StaticWebAssets.Pack.targets(55,5): message :     ") en C:\Program Files\dotnet\sdk\10.0.103\Sdks\Microsoft.NET.Sdk.StaticWebAssets\targets\Microsoft.NET.Sdk.StaticWebAssets.Pack.targets (55,5)
       C:\Program Files\dotnet\sdk\10.0.103\Sdks\Microsoft.NET.Sdk.StaticWebAssets\targets\Microsoft.NET.Sdk.StaticWebAssets.ScopedCss.targets(55,3): message : Reasignación de propiedad: $(ResolveStaticWebAssetsInputsDependsOn)="
       C:\Program Files\dotnet\sdk\10.0.103\Sdks\Microsoft.NET.Sdk.StaticWebAssets\targets\Microsoft.NET.Sdk.StaticWebAssets.ScopedCss.targets(55,3): message :     
       C:\Program Files\dotnet\sdk\10.0.103\Sdks\Microsoft.NET.Sdk.StaticWebAssets\targets\Microsoft.NET.Sdk.StaticWebAssets.ScopedCss.targets(55,3): message :       ResolveCoreStaticWebAssets;
       C:\Program Files\dotnet\sdk\10.0.103\Sdks\Microsoft.NET.Sdk.StaticWebAssets\targets\Microsoft.NET.Sdk.StaticWebAssets.ScopedCss.targets(55,3): message :       GenerateComputedBuildStaticWebAssets;
       C:\Program Files\dotnet\sdk\10.0.103\Sdks\Microsoft.NET.Sdk.StaticWebAssets\targets\Microsoft.NET.Sdk.StaticWebAssets.ScopedCss.targets(55,3): message :       
       C:\Program Files\dotnet\sdk\10.0.103\Sdks\Microsoft.NET.Sdk.StaticWebAssets\targets\Microsoft.NET.Sdk.StaticWebAssets.ScopedCss.targets(55,3): message :     ;
       C:\Program Files\dotnet\sdk\10.0.103\Sdks\Microsoft.NET.Sdk.StaticWebAssets\targets\Microsoft.NET.Sdk.StaticWebAssets.ScopedCss.targets(55,3): message :     ResolveScopedCssAssets;
       C:\Program Files\dotnet\sdk\10.0.103\Sdks\Microsoft.NET.Sdk.StaticWebAssets\targets\Microsoft.NET.Sdk.StaticWebAssets.ScopedCss.targets(55,3): message :   " (valor anterior: "
       C:\Program Files\dotnet\sdk\10.0.103\Sdks\Microsoft.NET.Sdk.StaticWebAssets\targets\Microsoft.NET.Sdk.StaticWebAssets.ScopedCss.targets(55,3): message :       ResolveCoreStaticWebAssets;
       C:\Program Files\dotnet\sdk\10.0.103\Sdks\Microsoft.NET.Sdk.StaticWebAssets\targets\Microsoft.NET.Sdk.StaticWebAssets.ScopedCss.targets(55,3): message :       GenerateComputedBuildStaticWebAssets;
       C:\Program Files\dotnet\sdk\10.0.103\Sdks\Microsoft.NET.Sdk.StaticWebAssets\targets\Microsoft.NET.Sdk.StaticWebAssets.ScopedCss.targets(55,3): message :       
       C:\Program Files\dotnet\sdk\10.0.103\Sdks\Microsoft.NET.Sdk.StaticWebAssets\targets\Microsoft.NET.Sdk.StaticWebAssets.ScopedCss.targets(55,3): message :     ") en C:\Program Files\dotnet\sdk\10.0.103\Sdks\Microsoft.NET.Sdk.StaticWebAssets\targets\Microsoft.NET.Sdk.StaticWebAssets.ScopedCss.targets (55,3)
       C:\Program Files\dotnet\sdk\10.0.103\Sdks\Microsoft.NET.Sdk.StaticWebAssets\targets\Microsoft.NET.Sdk.StaticWebAssets.ScopedCss.targets(88,3): message : Reasignación de propiedad: $(GenerateComputedBuildStaticWebAssetsDependsOn)="
       C:\Program Files\dotnet\sdk\10.0.103\Sdks\Microsoft.NET.Sdk.StaticWebAssets\targets\Microsoft.NET.Sdk.StaticWebAssets.ScopedCss.targets(88,3): message :     ResolveCoreStaticWebAssets;;
       C:\Program Files\dotnet\sdk\10.0.103\Sdks\Microsoft.NET.Sdk.StaticWebAssets\targets\Microsoft.NET.Sdk.StaticWebAssets.ScopedCss.targets(88,3): message :     BundleScopedCssFiles;
       C:\Program Files\dotnet\sdk\10.0.103\Sdks\Microsoft.NET.Sdk.StaticWebAssets\targets\Microsoft.NET.Sdk.StaticWebAssets.ScopedCss.targets(88,3): message :   " (valor anterior: "ResolveCoreStaticWebAssets;") en C:\Program Files\dotnet\sdk\10.0.103\Sdks\Microsoft.NET.Sdk.StaticWebAssets\targets\Microsoft.NET.Sdk.StaticWebAssets.ScopedCss.targets (88,3)
       C:\Program Files\dotnet\sdk\10.0.103\Sdks\Microsoft.NET.Sdk.StaticWebAssets\targets\Microsoft.NET.Sdk.StaticWebAssets.JSModules.targets(37,5): message : Reasignación de propiedad: $(ResolveCoreStaticWebAssetsDependsOn)="
       C:\Program Files\dotnet\sdk\10.0.103\Sdks\Microsoft.NET.Sdk.StaticWebAssets\targets\Microsoft.NET.Sdk.StaticWebAssets.JSModules.targets(37,5): message :       
       C:\Program Files\dotnet\sdk\10.0.103\Sdks\Microsoft.NET.Sdk.StaticWebAssets\targets\Microsoft.NET.Sdk.StaticWebAssets.JSModules.targets(37,5): message :       UpdateExistingPackageStaticWebAssets;
       C:\Program Files\dotnet\sdk\10.0.103\Sdks\Microsoft.NET.Sdk.StaticWebAssets\targets\Microsoft.NET.Sdk.StaticWebAssets.JSModules.targets(37,5): message :       ResolveProjectStaticWebAssets;
       C:\Program Files\dotnet\sdk\10.0.103\Sdks\Microsoft.NET.Sdk.StaticWebAssets\targets\Microsoft.NET.Sdk.StaticWebAssets.JSModules.targets(37,5): message :       ResolveEmbeddedProjectsStaticWebAssets;
       C:\Program Files\dotnet\sdk\10.0.103\Sdks\Microsoft.NET.Sdk.StaticWebAssets\targets\Microsoft.NET.Sdk.StaticWebAssets.JSModules.targets(37,5): message :       ResolveReferencedProjectsStaticWebAssets;
       C:\Program Files\dotnet\sdk\10.0.103\Sdks\Microsoft.NET.Sdk.StaticWebAssets\targets\Microsoft.NET.Sdk.StaticWebAssets.JSModules.targets(37,5): message :       ;
       C:\Program Files\dotnet\sdk\10.0.103\Sdks\Microsoft.NET.Sdk.StaticWebAssets\targets\Microsoft.NET.Sdk.StaticWebAssets.JSModules.targets(37,5): message :     ;
       C:\Program Files\dotnet\sdk\10.0.103\Sdks\Microsoft.NET.Sdk.StaticWebAssets\targets\Microsoft.NET.Sdk.StaticWebAssets.JSModules.targets(37,5): message :       ResolveJsInitializerModuleStaticWebAssets;
       C:\Program Files\dotnet\sdk\10.0.103\Sdks\Microsoft.NET.Sdk.StaticWebAssets\targets\Microsoft.NET.Sdk.StaticWebAssets.JSModules.targets(37,5): message :     " (valor anterior: "
       C:\Program Files\dotnet\sdk\10.0.103\Sdks\Microsoft.NET.Sdk.StaticWebAssets\targets\Microsoft.NET.Sdk.StaticWebAssets.JSModules.targets(37,5): message :       UpdateExistingPackageStaticWebAssets;
       C:\Program Files\dotnet\sdk\10.0.103\Sdks\Microsoft.NET.Sdk.StaticWebAssets\targets\Microsoft.NET.Sdk.StaticWebAssets.JSModules.targets(37,5): message :       ResolveProjectStaticWebAssets;
       C:\Program Files\dotnet\sdk\10.0.103\Sdks\Microsoft.NET.Sdk.StaticWebAssets\targets\Microsoft.NET.Sdk.StaticWebAssets.JSModules.targets(37,5): message :       ResolveEmbeddedProjectsStaticWebAssets;
       C:\Program Files\dotnet\sdk\10.0.103\Sdks\Microsoft.NET.Sdk.StaticWebAssets\targets\Microsoft.NET.Sdk.StaticWebAssets.JSModules.targets(37,5): message :       ResolveReferencedProjectsStaticWebAssets;
       C:\Program Files\dotnet\sdk\10.0.103\Sdks\Microsoft.NET.Sdk.StaticWebAssets\targets\Microsoft.NET.Sdk.StaticWebAssets.JSModules.targets(37,5): message :       ;
       C:\Program Files\dotnet\sdk\10.0.103\Sdks\Microsoft.NET.Sdk.StaticWebAssets\targets\Microsoft.NET.Sdk.StaticWebAssets.JSModules.targets(37,5): message :     ") en C:\Program Files\dotnet\sdk\10.0.103\Sdks\Microsoft.NET.Sdk.StaticWebAssets\targets\Microsoft.NET.Sdk.StaticWebAssets.JSModules.targets (37,5)
       C:\Program Files\dotnet\sdk\10.0.103\Sdks\Microsoft.NET.Sdk.StaticWebAssets\targets\Microsoft.NET.Sdk.StaticWebAssets.JSModules.targets(42,5): message : Reasignación de propiedad: $(ResolveCoreStaticWebAssetsDependsOn)="
       C:\Program Files\dotnet\sdk\10.0.103\Sdks\Microsoft.NET.Sdk.StaticWebAssets\targets\Microsoft.NET.Sdk.StaticWebAssets.JSModules.targets(42,5): message :       
       C:\Program Files\dotnet\sdk\10.0.103\Sdks\Microsoft.NET.Sdk.StaticWebAssets\targets\Microsoft.NET.Sdk.StaticWebAssets.JSModules.targets(42,5): message :       
       C:\Program Files\dotnet\sdk\10.0.103\Sdks\Microsoft.NET.Sdk.StaticWebAssets\targets\Microsoft.NET.Sdk.StaticWebAssets.JSModules.targets(42,5): message :       UpdateExistingPackageStaticWebAssets;
       C:\Program Files\dotnet\sdk\10.0.103\Sdks\Microsoft.NET.Sdk.StaticWebAssets\targets\Microsoft.NET.Sdk.StaticWebAssets.JSModules.targets(42,5): message :       ResolveProjectStaticWebAssets;
       C:\Program Files\dotnet\sdk\10.0.103\Sdks\Microsoft.NET.Sdk.StaticWebAssets\targets\Microsoft.NET.Sdk.StaticWebAssets.JSModules.targets(42,5): message :       ResolveEmbeddedProjectsStaticWebAssets;
       C:\Program Files\dotnet\sdk\10.0.103\Sdks\Microsoft.NET.Sdk.StaticWebAssets\targets\Microsoft.NET.Sdk.StaticWebAssets.JSModules.targets(42,5): message :       ResolveReferencedProjectsStaticWebAssets;
       C:\Program Files\dotnet\sdk\10.0.103\Sdks\Microsoft.NET.Sdk.StaticWebAssets\targets\Microsoft.NET.Sdk.StaticWebAssets.JSModules.targets(42,5): message :       ;
       C:\Program Files\dotnet\sdk\10.0.103\Sdks\Microsoft.NET.Sdk.StaticWebAssets\targets\Microsoft.NET.Sdk.StaticWebAssets.JSModules.targets(42,5): message :     ;
       C:\Program Files\dotnet\sdk\10.0.103\Sdks\Microsoft.NET.Sdk.StaticWebAssets\targets\Microsoft.NET.Sdk.StaticWebAssets.JSModules.targets(42,5): message :       ResolveJsInitializerModuleStaticWebAssets;
       C:\Program Files\dotnet\sdk\10.0.103\Sdks\Microsoft.NET.Sdk.StaticWebAssets\targets\Microsoft.NET.Sdk.StaticWebAssets.JSModules.targets(42,5): message :     ;
       C:\Program Files\dotnet\sdk\10.0.103\Sdks\Microsoft.NET.Sdk.StaticWebAssets\targets\Microsoft.NET.Sdk.StaticWebAssets.JSModules.targets(42,5): message :       ResolveJSModuleStaticWebAssets;
       C:\Program Files\dotnet\sdk\10.0.103\Sdks\Microsoft.NET.Sdk.StaticWebAssets\targets\Microsoft.NET.Sdk.StaticWebAssets.JSModules.targets(42,5): message :     " (valor anterior: "
       C:\Program Files\dotnet\sdk\10.0.103\Sdks\Microsoft.NET.Sdk.StaticWebAssets\targets\Microsoft.NET.Sdk.StaticWebAssets.JSModules.targets(42,5): message :       
       C:\Program Files\dotnet\sdk\10.0.103\Sdks\Microsoft.NET.Sdk.StaticWebAssets\targets\Microsoft.NET.Sdk.StaticWebAssets.JSModules.targets(42,5): message :       UpdateExistingPackageStaticWebAssets;
       C:\Program Files\dotnet\sdk\10.0.103\Sdks\Microsoft.NET.Sdk.StaticWebAssets\targets\Microsoft.NET.Sdk.StaticWebAssets.JSModules.targets(42,5): message :       ResolveProjectStaticWebAssets;
       C:\Program Files\dotnet\sdk\10.0.103\Sdks\Microsoft.NET.Sdk.StaticWebAssets\targets\Microsoft.NET.Sdk.StaticWebAssets.JSModules.targets(42,5): message :       ResolveEmbeddedProjectsStaticWebAssets;
       C:\Program Files\dotnet\sdk\10.0.103\Sdks\Microsoft.NET.Sdk.StaticWebAssets\targets\Microsoft.NET.Sdk.StaticWebAssets.JSModules.targets(42,5): message :       ResolveReferencedProjectsStaticWebAssets;
       C:\Program Files\dotnet\sdk\10.0.103\Sdks\Microsoft.NET.Sdk.StaticWebAssets\targets\Microsoft.NET.Sdk.StaticWebAssets.JSModules.targets(42,5): message :       ;
       C:\Program Files\dotnet\sdk\10.0.103\Sdks\Microsoft.NET.Sdk.StaticWebAssets\targets\Microsoft.NET.Sdk.StaticWebAssets.JSModules.targets(42,5): message :     ;
       C:\Program Files\dotnet\sdk\10.0.103\Sdks\Microsoft.NET.Sdk.StaticWebAssets\targets\Microsoft.NET.Sdk.StaticWebAssets.JSModules.targets(42,5): message :       ResolveJsInitializerModuleStaticWebAssets;
       C:\Program Files\dotnet\sdk\10.0.103\Sdks\Microsoft.NET.Sdk.StaticWebAssets\targets\Microsoft.NET.Sdk.StaticWebAssets.JSModules.targets(42,5): message :     ") en C:\Program Files\dotnet\sdk\10.0.103\Sdks\Microsoft.NET.Sdk.StaticWebAssets\targets\Microsoft.NET.Sdk.StaticWebAssets.JSModules.targets (42,5)
       C:\Program Files\dotnet\sdk\10.0.103\Sdks\Microsoft.NET.Sdk.StaticWebAssets\targets\Microsoft.NET.Sdk.StaticWebAssets.JSModules.targets(57,5): message : Reasignación de propiedad: $(ResolveStaticWebAssetsInputsDependsOn)="
       C:\Program Files\dotnet\sdk\10.0.103\Sdks\Microsoft.NET.Sdk.StaticWebAssets\targets\Microsoft.NET.Sdk.StaticWebAssets.JSModules.targets(57,5): message :       ResolveJSModuleManifestBuildStaticWebAssets;
       C:\Program Files\dotnet\sdk\10.0.103\Sdks\Microsoft.NET.Sdk.StaticWebAssets\targets\Microsoft.NET.Sdk.StaticWebAssets.JSModules.targets(57,5): message :       
       C:\Program Files\dotnet\sdk\10.0.103\Sdks\Microsoft.NET.Sdk.StaticWebAssets\targets\Microsoft.NET.Sdk.StaticWebAssets.JSModules.targets(57,5): message :     
       C:\Program Files\dotnet\sdk\10.0.103\Sdks\Microsoft.NET.Sdk.StaticWebAssets\targets\Microsoft.NET.Sdk.StaticWebAssets.JSModules.targets(57,5): message :       ResolveCoreStaticWebAssets;
       C:\Program Files\dotnet\sdk\10.0.103\Sdks\Microsoft.NET.Sdk.StaticWebAssets\targets\Microsoft.NET.Sdk.StaticWebAssets.JSModules.targets(57,5): message :       GenerateComputedBuildStaticWebAssets;
       C:\Program Files\dotnet\sdk\10.0.103\Sdks\Microsoft.NET.Sdk.StaticWebAssets\targets\Microsoft.NET.Sdk.StaticWebAssets.JSModules.targets(57,5): message :       
       C:\Program Files\dotnet\sdk\10.0.103\Sdks\Microsoft.NET.Sdk.StaticWebAssets\targets\Microsoft.NET.Sdk.StaticWebAssets.JSModules.targets(57,5): message :     ;
       C:\Program Files\dotnet\sdk\10.0.103\Sdks\Microsoft.NET.Sdk.StaticWebAssets\targets\Microsoft.NET.Sdk.StaticWebAssets.JSModules.targets(57,5): message :     ResolveScopedCssAssets;
       C:\Program Files\dotnet\sdk\10.0.103\Sdks\Microsoft.NET.Sdk.StaticWebAssets\targets\Microsoft.NET.Sdk.StaticWebAssets.JSModules.targets(57,5): message :   
       C:\Program Files\dotnet\sdk\10.0.103\Sdks\Microsoft.NET.Sdk.StaticWebAssets\targets\Microsoft.NET.Sdk.StaticWebAssets.JSModules.targets(57,5): message :     " (valor anterior: "
       C:\Program Files\dotnet\sdk\10.0.103\Sdks\Microsoft.NET.Sdk.StaticWebAssets\targets\Microsoft.NET.Sdk.StaticWebAssets.JSModules.targets(57,5): message :     
       C:\Program Files\dotnet\sdk\10.0.103\Sdks\Microsoft.NET.Sdk.StaticWebAssets\targets\Microsoft.NET.Sdk.StaticWebAssets.JSModules.targets(57,5): message :       ResolveCoreStaticWebAssets;
       C:\Program Files\dotnet\sdk\10.0.103\Sdks\Microsoft.NET.Sdk.StaticWebAssets\targets\Microsoft.NET.Sdk.StaticWebAssets.JSModules.targets(57,5): message :       GenerateComputedBuildStaticWebAssets;
       C:\Program Files\dotnet\sdk\10.0.103\Sdks\Microsoft.NET.Sdk.StaticWebAssets\targets\Microsoft.NET.Sdk.StaticWebAssets.JSModules.targets(57,5): message :       
       C:\Program Files\dotnet\sdk\10.0.103\Sdks\Microsoft.NET.Sdk.StaticWebAssets\targets\Microsoft.NET.Sdk.StaticWebAssets.JSModules.targets(57,5): message :     ;
       C:\Program Files\dotnet\sdk\10.0.103\Sdks\Microsoft.NET.Sdk.StaticWebAssets\targets\Microsoft.NET.Sdk.StaticWebAssets.JSModules.targets(57,5): message :     ResolveScopedCssAssets;
       C:\Program Files\dotnet\sdk\10.0.103\Sdks\Microsoft.NET.Sdk.StaticWebAssets\targets\Microsoft.NET.Sdk.StaticWebAssets.JSModules.targets(57,5): message :   ") en C:\Program Files\dotnet\sdk\10.0.103\Sdks\Microsoft.NET.Sdk.StaticWebAssets\targets\Microsoft.NET.Sdk.StaticWebAssets.JSModules.targets (57,5)
       C:\Program Files\dotnet\sdk\10.0.103\Sdks\Microsoft.NET.Sdk.StaticWebAssets\targets\Microsoft.NET.Sdk.StaticWebAssets.JSModules.targets(76,5): message : Reasignación de propiedad: $(ResolvePublishStaticWebAssetsDependsOn)="
       C:\Program Files\dotnet\sdk\10.0.103\Sdks\Microsoft.NET.Sdk.StaticWebAssets\targets\Microsoft.NET.Sdk.StaticWebAssets.JSModules.targets(76,5): message :       ResolveJSModuleManifestPublishStaticWebAssets;
       C:\Program Files\dotnet\sdk\10.0.103\Sdks\Microsoft.NET.Sdk.StaticWebAssets\targets\Microsoft.NET.Sdk.StaticWebAssets.JSModules.targets(76,5): message :       
       C:\Program Files\dotnet\sdk\10.0.103\Sdks\Microsoft.NET.Sdk.StaticWebAssets\targets\Microsoft.NET.Sdk.StaticWebAssets.JSModules.targets(76,5): message :       ResolveCorePublishStaticWebAssets;
       C:\Program Files\dotnet\sdk\10.0.103\Sdks\Microsoft.NET.Sdk.StaticWebAssets\targets\Microsoft.NET.Sdk.StaticWebAssets.JSModules.targets(76,5): message :       GenerateComputedPublishStaticWebAssets;
       C:\Program Files\dotnet\sdk\10.0.103\Sdks\Microsoft.NET.Sdk.StaticWebAssets\targets\Microsoft.NET.Sdk.StaticWebAssets.JSModules.targets(76,5): message :       ;
       C:\Program Files\dotnet\sdk\10.0.103\Sdks\Microsoft.NET.Sdk.StaticWebAssets\targets\Microsoft.NET.Sdk.StaticWebAssets.JSModules.targets(76,5): message :     
       C:\Program Files\dotnet\sdk\10.0.103\Sdks\Microsoft.NET.Sdk.StaticWebAssets\targets\Microsoft.NET.Sdk.StaticWebAssets.JSModules.targets(76,5): message :     " (valor anterior: "
       C:\Program Files\dotnet\sdk\10.0.103\Sdks\Microsoft.NET.Sdk.StaticWebAssets\targets\Microsoft.NET.Sdk.StaticWebAssets.JSModules.targets(76,5): message :       ResolveCorePublishStaticWebAssets;
       C:\Program Files\dotnet\sdk\10.0.103\Sdks\Microsoft.NET.Sdk.StaticWebAssets\targets\Microsoft.NET.Sdk.StaticWebAssets.JSModules.targets(76,5): message :       GenerateComputedPublishStaticWebAssets;
       C:\Program Files\dotnet\sdk\10.0.103\Sdks\Microsoft.NET.Sdk.StaticWebAssets\targets\Microsoft.NET.Sdk.StaticWebAssets.JSModules.targets(76,5): message :       ;
       C:\Program Files\dotnet\sdk\10.0.103\Sdks\Microsoft.NET.Sdk.StaticWebAssets\targets\Microsoft.NET.Sdk.StaticWebAssets.JSModules.targets(76,5): message :     ") en C:\Program Files\dotnet\sdk\10.0.103\Sdks\Microsoft.NET.Sdk.StaticWebAssets\targets\Microsoft.NET.Sdk.StaticWebAssets.JSModules.targets (76,5)
       C:\Program Files\dotnet\sdk\10.0.103\Sdks\Microsoft.NET.Sdk.StaticWebAssets\targets\Microsoft.NET.Sdk.StaticWebAssets.Compression.targets(185,5): message : Reasignación de propiedad: $(ResolveBuildRelatedStaticWebAssetsDependsOn)="
       C:\Program Files\dotnet\sdk\10.0.103\Sdks\Microsoft.NET.Sdk.StaticWebAssets\targets\Microsoft.NET.Sdk.StaticWebAssets.Compression.targets(185,5): message :       ResolveBuildCompressedStaticWebAssets;
       C:\Program Files\dotnet\sdk\10.0.103\Sdks\Microsoft.NET.Sdk.StaticWebAssets\targets\Microsoft.NET.Sdk.StaticWebAssets.Compression.targets(185,5): message :       
       C:\Program Files\dotnet\sdk\10.0.103\Sdks\Microsoft.NET.Sdk.StaticWebAssets\targets\Microsoft.NET.Sdk.StaticWebAssets.Compression.targets(185,5): message :       ResolveStaticWebAssetsInputs;
       C:\Program Files\dotnet\sdk\10.0.103\Sdks\Microsoft.NET.Sdk.StaticWebAssets\targets\Microsoft.NET.Sdk.StaticWebAssets.Compression.targets(185,5): message :       
       C:\Program Files\dotnet\sdk\10.0.103\Sdks\Microsoft.NET.Sdk.StaticWebAssets\targets\Microsoft.NET.Sdk.StaticWebAssets.Compression.targets(185,5): message :     
       C:\Program Files\dotnet\sdk\10.0.103\Sdks\Microsoft.NET.Sdk.StaticWebAssets\targets\Microsoft.NET.Sdk.StaticWebAssets.Compression.targets(185,5): message :     " (valor anterior: "
       C:\Program Files\dotnet\sdk\10.0.103\Sdks\Microsoft.NET.Sdk.StaticWebAssets\targets\Microsoft.NET.Sdk.StaticWebAssets.Compression.targets(185,5): message :       ResolveStaticWebAssetsInputs;
       C:\Program Files\dotnet\sdk\10.0.103\Sdks\Microsoft.NET.Sdk.StaticWebAssets\targets\Microsoft.NET.Sdk.StaticWebAssets.Compression.targets(185,5): message :       
       C:\Program Files\dotnet\sdk\10.0.103\Sdks\Microsoft.NET.Sdk.StaticWebAssets\targets\Microsoft.NET.Sdk.StaticWebAssets.Compression.targets(185,5): message :     ") en C:\Program Files\dotnet\sdk\10.0.103\Sdks\Microsoft.NET.Sdk.StaticWebAssets\targets\Microsoft.NET.Sdk.StaticWebAssets.Compression.targets (185,5)
       C:\Program Files\dotnet\sdk\10.0.103\Sdks\Microsoft.NET.Sdk.StaticWebAssets\targets\Microsoft.NET.Sdk.StaticWebAssets.Compression.targets(204,5): message : Reasignación de propiedad: $(ResolvePublishRelatedStaticWebAssetsDependsOn)="
       C:\Program Files\dotnet\sdk\10.0.103\Sdks\Microsoft.NET.Sdk.StaticWebAssets\targets\Microsoft.NET.Sdk.StaticWebAssets.Compression.targets(204,5): message :       ResolvePublishCompressedStaticWebAssets;
       C:\Program Files\dotnet\sdk\10.0.103\Sdks\Microsoft.NET.Sdk.StaticWebAssets\targets\Microsoft.NET.Sdk.StaticWebAssets.Compression.targets(204,5): message :       
       C:\Program Files\dotnet\sdk\10.0.103\Sdks\Microsoft.NET.Sdk.StaticWebAssets\targets\Microsoft.NET.Sdk.StaticWebAssets.Compression.targets(204,5): message :     " (valor anterior: "") en C:\Program Files\dotnet\sdk\10.0.103\Sdks\Microsoft.NET.Sdk.StaticWebAssets\targets\Microsoft.NET.Sdk.StaticWebAssets.Compression.targets (204,5)
       C:\Program Files\dotnet\sdk\10.0.103\Sdks\Microsoft.NET.Sdk.Razor\targets\Sdk.Razor.CurrentVersion.targets(220,5): message : Reasignación de propiedad: $(DebugSymbolsProjectOutputGroupDependsOn)="
       C:\Program Files\dotnet\sdk\10.0.103\Sdks\Microsoft.NET.Sdk.Razor\targets\Sdk.Razor.CurrentVersion.targets(220,5): message :       ;
       C:\Program Files\dotnet\sdk\10.0.103\Sdks\Microsoft.NET.Sdk.Razor\targets\Sdk.Razor.CurrentVersion.targets(220,5): message :       _RazorAddDebugSymbolsProjectOutputGroupOutput
       C:\Program Files\dotnet\sdk\10.0.103\Sdks\Microsoft.NET.Sdk.Razor\targets\Sdk.Razor.CurrentVersion.targets(220,5): message :     " (valor anterior: "") en C:\Program Files\dotnet\sdk\10.0.103\Sdks\Microsoft.NET.Sdk.Razor\targets\Sdk.Razor.CurrentVersion.targets (220,5)
       C:\Program Files\dotnet\sdk\10.0.103\Sdks\Microsoft.NET.Sdk.Razor\targets\Sdk.Razor.CurrentVersion.targets(225,5): message : Reasignación de propiedad: $(PrepareForBuildDependsOn)="
       C:\Program Files\dotnet\sdk\10.0.103\Sdks\Microsoft.NET.Sdk.Razor\targets\Sdk.Razor.CurrentVersion.targets(225,5): message :       ;GetFrameworkPaths;GetReferenceAssemblyPaths;AssignLinkMetadata;
       C:\Program Files\dotnet\sdk\10.0.103\Sdks\Microsoft.NET.Sdk.Razor\targets\Sdk.Razor.CurrentVersion.targets(225,5): message :       ResolveRazorGenerateInputs
       C:\Program Files\dotnet\sdk\10.0.103\Sdks\Microsoft.NET.Sdk.Razor\targets\Sdk.Razor.CurrentVersion.targets(225,5): message :     " (valor anterior: ";GetFrameworkPaths;GetReferenceAssemblyPaths;AssignLinkMetadata") en C:\Program Files\dotnet\sdk\10.0.103\Sdks\Microsoft.NET.Sdk.Razor\targets\Sdk.Razor.CurrentVersion.targets (225,5)
       C:\Program Files\dotnet\sdk\10.0.103\Sdks\Microsoft.NET.Sdk.Razor\targets\Sdk.Razor.CurrentVersion.targets(230,5): message : Reasignación de propiedad: $(GenerateNuspecDependsOn)="
       C:\Program Files\dotnet\sdk\10.0.103\Sdks\Microsoft.NET.Sdk.Razor\targets\Sdk.Razor.CurrentVersion.targets(230,5): message :       ResolveRazorGenerateInputs;
       C:\Program Files\dotnet\sdk\10.0.103\Sdks\Microsoft.NET.Sdk.Razor\targets\Sdk.Razor.CurrentVersion.targets(230,5): message :       
       C:\Program Files\dotnet\sdk\10.0.103\Sdks\Microsoft.NET.Sdk.Razor\targets\Sdk.Razor.CurrentVersion.targets(230,5): message :       IncludeStaticWebAssetsPackItems;
       C:\Program Files\dotnet\sdk\10.0.103\Sdks\Microsoft.NET.Sdk.Razor\targets\Sdk.Razor.CurrentVersion.targets(230,5): message :       Build;_LoadPackInputItems; _GetTargetFrameworksOutput; _WalkEachTargetPerFramework; _GetPackageFiles; ;
       C:\Program Files\dotnet\sdk\10.0.103\Sdks\Microsoft.NET.Sdk.Razor\targets\Sdk.Razor.CurrentVersion.targets(230,5): message :     
       C:\Program Files\dotnet\sdk\10.0.103\Sdks\Microsoft.NET.Sdk.Razor\targets\Sdk.Razor.CurrentVersion.targets(230,5): message :     " (valor anterior: "
       C:\Program Files\dotnet\sdk\10.0.103\Sdks\Microsoft.NET.Sdk.Razor\targets\Sdk.Razor.CurrentVersion.targets(230,5): message :       IncludeStaticWebAssetsPackItems;
       C:\Program Files\dotnet\sdk\10.0.103\Sdks\Microsoft.NET.Sdk.Razor\targets\Sdk.Razor.CurrentVersion.targets(230,5): message :       Build;_LoadPackInputItems; _GetTargetFrameworksOutput; _WalkEachTargetPerFramework; _GetPackageFiles; ;
       C:\Program Files\dotnet\sdk\10.0.103\Sdks\Microsoft.NET.Sdk.Razor\targets\Sdk.Razor.CurrentVersion.targets(230,5): message :     ") en C:\Program Files\dotnet\sdk\10.0.103\Sdks\Microsoft.NET.Sdk.Razor\targets\Sdk.Razor.CurrentVersion.targets (230,5)
       C:\Program Files\dotnet\sdk\10.0.103\Sdks\Microsoft.NET.Sdk.Razor\targets\Sdk.Razor.CurrentVersion.targets(235,5): message : Reasignación de propiedad: $(PrepareForRunDependsOn)="
       C:\Program Files\dotnet\sdk\10.0.103\Sdks\Microsoft.NET.Sdk.Razor\targets\Sdk.Razor.CurrentVersion.targets(235,5): message :       _RazorPrepareForRun;
       C:\Program Files\dotnet\sdk\10.0.103\Sdks\Microsoft.NET.Sdk.Razor\targets\Sdk.Razor.CurrentVersion.targets(235,5): message :       StaticWebAssetsPrepareForRun;
       C:\Program Files\dotnet\sdk\10.0.103\Sdks\Microsoft.NET.Sdk.Razor\targets\Sdk.Razor.CurrentVersion.targets(235,5): message :       CopyFilesToOutputDirectory
       C:\Program Files\dotnet\sdk\10.0.103\Sdks\Microsoft.NET.Sdk.Razor\targets\Sdk.Razor.CurrentVersion.targets(235,5): message :     
       C:\Program Files\dotnet\sdk\10.0.103\Sdks\Microsoft.NET.Sdk.Razor\targets\Sdk.Razor.CurrentVersion.targets(235,5): message :     " (valor anterior: "StaticWebAssetsPrepareForRun;
       C:\Program Files\dotnet\sdk\10.0.103\Sdks\Microsoft.NET.Sdk.Razor\targets\Sdk.Razor.CurrentVersion.targets(235,5): message :       CopyFilesToOutputDirectory
       C:\Program Files\dotnet\sdk\10.0.103\Sdks\Microsoft.NET.Sdk.Razor\targets\Sdk.Razor.CurrentVersion.targets(235,5): message :     ") en C:\Program Files\dotnet\sdk\10.0.103\Sdks\Microsoft.NET.Sdk.Razor\targets\Sdk.Razor.CurrentVersion.targets (235,5)
       C:\Program Files\dotnet\sdk\10.0.103\Sdks\Microsoft.NET.Sdk.Razor\targets\Sdk.Razor.CurrentVersion.targets(326,5): message : Reasignación de propiedad: $(UseRazorBuildServer)="true" (valor anterior: "") en C:\Program Files\dotnet\sdk\10.0.103\Sdks\Microsoft.NET.Sdk.Razor\targets\Sdk.Razor.CurrentVersion.targets (326,5)
       C:\Program Files\dotnet\sdk\10.0.103\Sdks\Microsoft.NET.Sdk.Razor\targets\Sdk.Razor.CurrentVersion.targets(332,5): message : Reasignación de propiedad: $(_RazorDebugSymbolsProduced)="true" (valor anterior: "false") en C:\Program Files\dotnet\sdk\10.0.103\Sdks\Microsoft.NET.Sdk.Razor\targets\Sdk.Razor.CurrentVersion.targets (332,5)
       C:\Program Files\dotnet\sdk\10.0.103\Sdks\Microsoft.NET.Sdk.Razor\targets\Microsoft.NET.Sdk.Razor.GenerateAssemblyInfo.targets(36,5): message : Reasignación de propiedad: $(GenerateRazorTargetAssemblyInfoDependsOn)="
       C:\Program Files\dotnet\sdk\10.0.103\Sdks\Microsoft.NET.Sdk.Razor\targets\Microsoft.NET.Sdk.Razor.GenerateAssemblyInfo.targets(36,5): message :       _ResolveMvcAssemblyAttributes;
       C:\Program Files\dotnet\sdk\10.0.103\Sdks\Microsoft.NET.Sdk.Razor\targets\Microsoft.NET.Sdk.Razor.GenerateAssemblyInfo.targets(36,5): message :       
       C:\Program Files\dotnet\sdk\10.0.103\Sdks\Microsoft.NET.Sdk.Razor\targets\Microsoft.NET.Sdk.Razor.GenerateAssemblyInfo.targets(36,5): message :       GetRazorTargetAssemblyAttributes;
       C:\Program Files\dotnet\sdk\10.0.103\Sdks\Microsoft.NET.Sdk.Razor\targets\Microsoft.NET.Sdk.Razor.GenerateAssemblyInfo.targets(36,5): message :       _CreateRazorTargetAssemblyInfoInputsCacheFile;
       C:\Program Files\dotnet\sdk\10.0.103\Sdks\Microsoft.NET.Sdk.Razor\targets\Microsoft.NET.Sdk.Razor.GenerateAssemblyInfo.targets(36,5): message :       CoreGenerateRazorTargetAssemblyInfo
       C:\Program Files\dotnet\sdk\10.0.103\Sdks\Microsoft.NET.Sdk.Razor\targets\Microsoft.NET.Sdk.Razor.GenerateAssemblyInfo.targets(36,5): message :     
       C:\Program Files\dotnet\sdk\10.0.103\Sdks\Microsoft.NET.Sdk.Razor\targets\Microsoft.NET.Sdk.Razor.GenerateAssemblyInfo.targets(36,5): message :     " (valor anterior: "
       C:\Program Files\dotnet\sdk\10.0.103\Sdks\Microsoft.NET.Sdk.Razor\targets\Microsoft.NET.Sdk.Razor.GenerateAssemblyInfo.targets(36,5): message :       GetRazorTargetAssemblyAttributes;
       C:\Program Files\dotnet\sdk\10.0.103\Sdks\Microsoft.NET.Sdk.Razor\targets\Microsoft.NET.Sdk.Razor.GenerateAssemblyInfo.targets(36,5): message :       _CreateRazorTargetAssemblyInfoInputsCacheFile;
       C:\Program Files\dotnet\sdk\10.0.103\Sdks\Microsoft.NET.Sdk.Razor\targets\Microsoft.NET.Sdk.Razor.GenerateAssemblyInfo.targets(36,5): message :       CoreGenerateRazorTargetAssemblyInfo
       C:\Program Files\dotnet\sdk\10.0.103\Sdks\Microsoft.NET.Sdk.Razor\targets\Microsoft.NET.Sdk.Razor.GenerateAssemblyInfo.targets(36,5): message :     ") en C:\Program Files\dotnet\sdk\10.0.103\Sdks\Microsoft.NET.Sdk.Razor\targets\Microsoft.NET.Sdk.Razor.GenerateAssemblyInfo.targets (36,5)
       C:\Program Files\dotnet\sdk\10.0.103\Sdks\Microsoft.NET.Sdk.Razor\targets\Microsoft.NET.Sdk.Razor.GenerateAssemblyInfo.targets(181,5): message : Reasignación de propiedad: $(CoreCompileDependsOn)="
       C:\Program Files\dotnet\sdk\10.0.103\Sdks\Microsoft.NET.Sdk.Razor\targets\Microsoft.NET.Sdk.Razor.GenerateAssemblyInfo.targets(181,5): message :       ;_ComputeNonExistentFileProperty;ResolveCodeAnalysisRuleSet;
       C:\Program Files\dotnet\sdk\10.0.103\Sdks\Microsoft.NET.Sdk.Razor\targets\Microsoft.NET.Sdk.Razor.GenerateAssemblyInfo.targets(181,5): message :       _GenerateRazorAssemblyInfo
       C:\Program Files\dotnet\sdk\10.0.103\Sdks\Microsoft.NET.Sdk.Razor\targets\Microsoft.NET.Sdk.Razor.GenerateAssemblyInfo.targets(181,5): message :     " (valor anterior: ";_ComputeNonExistentFileProperty;ResolveCodeAnalysisRuleSet") en C:\Program Files\dotnet\sdk\10.0.103\Sdks\Microsoft.NET.Sdk.Razor\targets\Microsoft.NET.Sdk.Razor.GenerateAssemblyInfo.targets (181,5)
       C:\Program Files\dotnet\sdk\10.0.103\Sdks\Microsoft.NET.Sdk.Razor\targets\Microsoft.NET.Sdk.Razor.GenerateAssemblyInfo.targets(189,5): message : Reasignación de propiedad: $(_GenerateRazorAssemblyInfoDependsOn)="
       C:\Program Files\dotnet\sdk\10.0.103\Sdks\Microsoft.NET.Sdk.Razor\targets\Microsoft.NET.Sdk.Razor.GenerateAssemblyInfo.targets(189,5): message :       _ResolveMvcAssemblyAttributes;
       C:\Program Files\dotnet\sdk\10.0.103\Sdks\Microsoft.NET.Sdk.Razor\targets\Microsoft.NET.Sdk.Razor.GenerateAssemblyInfo.targets(189,5): message :       RazorGetAssemblyAttributes;PrepareForBuild;_CoreGenerateRazorAssemblyInfo;
       C:\Program Files\dotnet\sdk\10.0.103\Sdks\Microsoft.NET.Sdk.Razor\targets\Microsoft.NET.Sdk.Razor.GenerateAssemblyInfo.targets(189,5): message :     " (valor anterior: "RazorGetAssemblyAttributes;PrepareForBuild;_CoreGenerateRazorAssemblyInfo") en C:\Program Files\dotnet\sdk\10.0.103\Sdks\Microsoft.NET.Sdk.Razor\targets\Microsoft.NET.Sdk.Razor.GenerateAssemblyInfo.targets (189,5)
       C:\Program Files\dotnet\sdk\10.0.103\Sdks\Microsoft.NET.Sdk.Razor\targets\Microsoft.NET.Sdk.Razor.MvcApplicationPartsDiscovery.targets(22,5): message : Reasignación de propiedad: $(CoreCompileDependsOn)="
       C:\Program Files\dotnet\sdk\10.0.103\Sdks\Microsoft.NET.Sdk.Razor\targets\Microsoft.NET.Sdk.Razor.MvcApplicationPartsDiscovery.targets(22,5): message :       _DiscoverMvcApplicationParts;
       C:\Program Files\dotnet\sdk\10.0.103\Sdks\Microsoft.NET.Sdk.Razor\targets\Microsoft.NET.Sdk.Razor.MvcApplicationPartsDiscovery.targets(22,5): message :       
       C:\Program Files\dotnet\sdk\10.0.103\Sdks\Microsoft.NET.Sdk.Razor\targets\Microsoft.NET.Sdk.Razor.MvcApplicationPartsDiscovery.targets(22,5): message :       ;_ComputeNonExistentFileProperty;ResolveCodeAnalysisRuleSet;
       C:\Program Files\dotnet\sdk\10.0.103\Sdks\Microsoft.NET.Sdk.Razor\targets\Microsoft.NET.Sdk.Razor.MvcApplicationPartsDiscovery.targets(22,5): message :       _GenerateRazorAssemblyInfo
       C:\Program Files\dotnet\sdk\10.0.103\Sdks\Microsoft.NET.Sdk.Razor\targets\Microsoft.NET.Sdk.Razor.MvcApplicationPartsDiscovery.targets(22,5): message :     ;
       C:\Program Files\dotnet\sdk\10.0.103\Sdks\Microsoft.NET.Sdk.Razor\targets\Microsoft.NET.Sdk.Razor.MvcApplicationPartsDiscovery.targets(22,5): message :     " (valor anterior: "
       C:\Program Files\dotnet\sdk\10.0.103\Sdks\Microsoft.NET.Sdk.Razor\targets\Microsoft.NET.Sdk.Razor.MvcApplicationPartsDiscovery.targets(22,5): message :       ;_ComputeNonExistentFileProperty;ResolveCodeAnalysisRuleSet;
       C:\Program Files\dotnet\sdk\10.0.103\Sdks\Microsoft.NET.Sdk.Razor\targets\Microsoft.NET.Sdk.Razor.MvcApplicationPartsDiscovery.targets(22,5): message :       _GenerateRazorAssemblyInfo
       C:\Program Files\dotnet\sdk\10.0.103\Sdks\Microsoft.NET.Sdk.Razor\targets\Microsoft.NET.Sdk.Razor.MvcApplicationPartsDiscovery.targets(22,5): message :     ") en C:\Program Files\dotnet\sdk\10.0.103\Sdks\Microsoft.NET.Sdk.Razor\targets\Microsoft.NET.Sdk.Razor.MvcApplicationPartsDiscovery.targets (22,5)
       C:\Program Files\dotnet\sdk\10.0.103\Sdks\Microsoft.NET.Sdk.Razor\targets\Sdk.Razor.CurrentVersion.targets(884,5): message : Reasignación de propiedad: $(RazorDesignTimeTargets)="C:\Program Files\dotnet\sdk\10.0.103\Sdks\Microsoft.NET.Sdk.Razor\targets\Microsoft.NET.Sdk.Razor.DesignTime.targets" (valor anterior: "C:\Program Files\dotnet\sdk\10.0.103\\Microsoft\VisualStudio\Razor\Microsoft.NET.Sdk.Razor.DesignTime.targets") en C:\Program Files\dotnet\sdk\10.0.103\Sdks\Microsoft.NET.Sdk.Razor\targets\Sdk.Razor.CurrentVersion.targets (884,5)
       C:\Program Files\dotnet\sdk\10.0.103\Sdks\Microsoft.NET.Sdk.Web.ProjectSystem\targets\Microsoft.NET.Sdk.Web.ProjectSystem.targets(21,5): message : Reasignación de propiedad: $(RunWorkingDirectory)="e:\Documentos\Proyectos\Spherikal\Spherical\src\Spherical" (valor anterior: "") en C:\Program Files\dotnet\sdk\10.0.103\Sdks\Microsoft.NET.Sdk.Web.ProjectSystem\targets\Microsoft.NET.Sdk.Web.ProjectSystem.targets (21,5)
       C:\Program Files\dotnet\sdk\10.0.103\Sdks\Microsoft.NET.Sdk.Publish\targets\Microsoft.NET.Sdk.Publish.targets(60,5): message : Reasignación de propiedad: $(PublishProfileImported)="true" (valor anterior: "false") en C:\Program Files\dotnet\sdk\10.0.103\Sdks\Microsoft.NET.Sdk.Publish\targets\Microsoft.NET.Sdk.Publish.targets (60,5)
       C:\Program Files\dotnet\sdk\10.0.103\Sdks\Microsoft.NET.Sdk.Publish\targets\Microsoft.NET.Sdk.Publish.targets(81,5): message : Reasignación de propiedad: $(PublishConfiguration)="Debug" (valor anterior: "") en C:\Program Files\dotnet\sdk\10.0.103\Sdks\Microsoft.NET.Sdk.Publish\targets\Microsoft.NET.Sdk.Publish.targets (81,5)
       C:\Program Files\dotnet\sdk\10.0.103\Sdks\Microsoft.NET.Sdk.Publish\targets\Microsoft.NET.Sdk.Publish.targets(87,5): message : Reasignación de propiedad: $(BaseIntermediateOutputPath)="e:\Documentos\Proyectos\Spherikal\Spherical\src\Spherical\obj\" (valor anterior: "obj\") en C:\Program Files\dotnet\sdk\10.0.103\Sdks\Microsoft.NET.Sdk.Publish\targets\Microsoft.NET.Sdk.Publish.targets (87,5)
       Invalidando el destino "ResolveFrameworkReferences" del proyecto"C:\Program Files\dotnet\sdk\10.0.103\Microsoft.Common.CurrentVersion.targets" con el destino "ResolveFrameworkReferences" del proyecto "C:\Program Files\dotnet\sdk\10.0.103\Sdks\Microsoft.NET.Sdk\targets\Microsoft.NET.Sdk.FrameworkReferenceResolution.targets".
       Invalidando el destino "GenerateSupportedTargetFrameworkAlias" del proyecto"C:\Program Files\dotnet\sdk\10.0.103\Microsoft.Common.CurrentVersion.targets" con el destino "GenerateSupportedTargetFrameworkAlias" del proyecto "C:\Program Files\dotnet\sdk\10.0.103\Sdks\Microsoft.NET.Sdk\targets\Microsoft.NET.Sdk.targets".
       Invalidando el destino "GetReferenceAssemblyPaths" del proyecto"C:\Program Files\dotnet\sdk\10.0.103\Microsoft.Common.CurrentVersion.targets" con el destino "GetReferenceAssemblyPaths" del proyecto "C:\Program Files\dotnet\sdk\10.0.103\Sdks\Microsoft.NET.Sdk\targets\Microsoft.NET.DisableStandardFrameworkResolution.targets".
       Invalidando el destino "GetFrameworkPaths" del proyecto"C:\Program Files\dotnet\sdk\10.0.103\Microsoft.Common.CurrentVersion.targets" con el destino "GetFrameworkPaths" del proyecto "C:\Program Files\dotnet\sdk\10.0.103\Sdks\Microsoft.NET.Sdk\targets\Microsoft.NET.DisableStandardFrameworkResolution.targets".
       Invalidando el destino "DesignerRuntimeImplementationProjectOutputGroup" del proyecto"C:\Program Files\dotnet\sdk\10.0.103\Microsoft.Common.CurrentVersion.targets" con el destino "DesignerRuntimeImplementationProjectOutputGroup" del proyecto "C:\Program Files\dotnet\sdk\10.0.103\Sdks\Microsoft.NET.Sdk\targets\Microsoft.NET.DesignerSupport.targets".
       Invalidando el destino "Publish" del proyecto"C:\Program Files\dotnet\sdk\10.0.103\Microsoft.Common.CurrentVersion.targets" con el destino "Publish" del proyecto "C:\Program Files\dotnet\sdk\10.0.103\Sdks\Microsoft.NET.Sdk\targets\Microsoft.NET.Publish.targets".
       Invalidando el destino "ResolveReadyToRunCompilers" del proyecto"C:\Program Files\dotnet\sdk\10.0.103\Sdks\Microsoft.NET.Sdk\targets\Microsoft.NET.CrossGen.targets" con el destino "ResolveReadyToRunCompilers" del proyecto "C:\Program Files\dotnet\sdk\10.0.103\Sdks\Microsoft.NET.Sdk\targets\Microsoft.NET.Publish.targets".
       Invalidando el destino "GetCopyToPublishDirectoryItems" del proyecto"C:\Program Files\dotnet\sdk\10.0.103\Microsoft.Common.CurrentVersion.targets" con el destino "GetCopyToPublishDirectoryItems" del proyecto "C:\Program Files\dotnet\sdk\10.0.103\Sdks\Microsoft.NET.Sdk\targets\Microsoft.NET.Publish.targets".
       Invalidando el destino "Run" del proyecto"C:\Program Files\dotnet\sdk\10.0.103\Microsoft.Common.CurrentVersion.targets" con el destino "Run" del proyecto "C:\Program Files\dotnet\sdk\10.0.103\Sdks\Microsoft.NET.Sdk\targets\Microsoft.NET.Sdk.targets".
       Invalidando el destino "BeforePublish" del proyecto"C:\Program Files\dotnet\sdk\10.0.103\Microsoft.Common.CurrentVersion.targets" con el destino "BeforePublish" del proyecto "C:\Program Files\dotnet\sdk\10.0.103\Sdks\Microsoft.NET.Sdk.Publish\targets\Microsoft.NET.Sdk.Publish.targets".
       Invalidando el destino "AfterPublish" del proyecto"C:\Program Files\dotnet\sdk\10.0.103\Microsoft.Common.CurrentVersion.targets" con el destino "AfterPublish" del proyecto "C:\Program Files\dotnet\sdk\10.0.103\Sdks\Microsoft.NET.Sdk.Publish\targets\Microsoft.NET.Sdk.Publish.targets".
       El destino "CollectUpToDateCheckInputDesignTime" que aparece en un atributo BeforeTargets en "C:\Program Files\dotnet\sdk\10.0.103\Sdks\Microsoft.NET.Sdk.StaticWebAssets\targets\Microsoft.NET.Sdk.StaticWebAssets.ScopedCss.targets (171,5)" no existe en el proyecto y se omitirá.
       El destino "CollectUpToDateCheckBuiltDesignTime" que aparece en un atributo BeforeTargets en "C:\Program Files\dotnet\sdk\10.0.103\Sdks\Microsoft.NET.Sdk.StaticWebAssets\targets\Microsoft.NET.Sdk.StaticWebAssets.ScopedCss.targets (171,5)" no existe en el proyecto y se omitirá.
       El destino "RazorGenerateComponentDeclaration" que aparece en un atributo AfterTargets en "C:\Program Files\dotnet\sdk\10.0.103\Sdks\Microsoft.NET.Sdk.Razor\targets\Microsoft.NET.Sdk.Razor.DesignTime.targets (55,53)" no existe en el proyecto y se omitirá.
     1>El proyecto "e:\Documentos\Proyectos\Spherikal\Spherical\src\Spherical\Spherical.csproj" (1) está compilando "e:\Documentos\Proyectos\Spherikal\Spherical\src\Spherical\Spherical.csproj" (1:2) en el nodo 1 (_IsProjectRestoreSupported destinos).
   1:2>Destino "_IsProjectRestoreSupported" en el archivo "C:\Program Files\dotnet\sdk\10.0.103\NuGet.targets" del proyecto "e:\Documentos\Proyectos\Spherikal\Spherical\src\Spherical\Spherical.csproj" (punto de entrada):
   1:2>Compilación terminada del destino "_IsProjectRestoreSupported" en el proyecto "Spherical.csproj".
   1:2>Compilación del proyecto terminada "e:\Documentos\Proyectos\Spherikal\Spherical\src\Spherical\Spherical.csproj" (_IsProjectRestoreSupported destinos).
     1>Ejecución de la tarea "MSBuild" terminada.
       Ensamblado cargado durante TaskRun: NuGet.Build.Tasks, Version=7.0.2.0, Culture=neutral, PublicKeyToken=31bf3856ad364e35(ubicación: C:\Program Files\dotnet\sdk\10.0.103\NuGet.Build.Tasks.dll, MVID: c55bf910-9abe-4187-805d-dad3881bc30c, AssemblyLoadContext: MSBuild plugin C:\Program Files\dotnet\sdk\10.0.103\NuGet.Build.Tasks.dll)
       Ensamblado cargado durante TaskRun: NuGet.Common, Version=7.0.2.0, Culture=neutral, PublicKeyToken=31bf3856ad364e35(ubicación: C:\Program Files\dotnet\sdk\10.0.103\NuGet.Common.dll, MVID: 9a75e9a2-ebcf-4c20-863c-86b8d21a910c, AssemblyLoadContext: MSBuild plugin C:\Program Files\dotnet\sdk\10.0.103\NuGet.Build.Tasks.dll)
       Ensamblado cargado durante TaskRun: NuGet.Commands, Version=7.0.2.0, Culture=neutral, PublicKeyToken=31bf3856ad364e35(ubicación: C:\Program Files\dotnet\sdk\10.0.103\NuGet.Commands.dll, MVID: 678affb3-c99b-4423-9cb9-5b8405af771f, AssemblyLoadContext: MSBuild plugin C:\Program Files\dotnet\sdk\10.0.103\NuGet.Build.Tasks.dll)
       Ensamblado cargado durante TaskRun: NuGet.ProjectModel, Version=7.0.2.0, Culture=neutral, PublicKeyToken=31bf3856ad364e35(ubicación: C:\Program Files\dotnet\sdk\10.0.103\NuGet.ProjectModel.dll, MVID: 186e02d1-69bd-4fe8-b063-002229001751, AssemblyLoadContext: MSBuild plugin C:\Program Files\dotnet\sdk\10.0.103\NuGet.Build.Tasks.dll)
       Usando la tarea "WarnForInvalidProjectsTask" del ensamblado "C:\Program Files\dotnet\sdk\10.0.103\NuGet.Build.Tasks.dll".
       Tarea "WarnForInvalidProjectsTask"
       Ejecución de la tarea "WarnForInvalidProjectsTask" terminada.
     1>Compilación terminada del destino "_FilterRestoreGraphProjectInputItems" en el proyecto "Spherical.csproj".
       Se omitió el destino "_FilterRestoreGraphProjectInputItems". Compilado previamente de forma correcta.
     1>Destino "_GetAllRestoreProjectPathItems" en el archivo "C:\Program Files\dotnet\sdk\10.0.103\NuGet.targets" del proyecto "e:\Documentos\Proyectos\Spherikal\Spherical\src\Spherical\Spherical.csproj" (el destino "_GenerateRestoreGraph" depende de él):
       Usando la tarea "NuGetMessageTask" del ensamblado "C:\Program Files\dotnet\sdk\10.0.103\NuGet.Build.Tasks.dll".
       Tarea "NuGetMessageTask"
         Ensamblado cargado durante TaskRun (NuGet.Build.Tasks.NuGetMessageTask): NuGet.Build.Tasks.resources, Version=7.0.2.0, Culture=es, PublicKeyToken=31bf3856ad364e35(ubicación: C:\Program Files\dotnet\sdk\10.0.103\es\NuGet.Build.Tasks.resources.dll, MVID: 4104f234-7c1d-4622-bb40-cfb13747ff29, AssemblyLoadContext: MSBuild plugin C:\Program Files\dotnet\sdk\10.0.103\NuGet.Build.Tasks.dll)
         Determinando los proyectos que se van a restaurar...
       Ejecución de la tarea "NuGetMessageTask" terminada.
       Tarea "MSBuild"
         Propiedades globales:
           ExcludeRestorePackageImports=true
     1>El proyecto "e:\Documentos\Proyectos\Spherikal\Spherical\src\Spherical\Spherical.csproj" (1) está compilando "e:\Documentos\Proyectos\Spherikal\Spherical\src\Spherical\Spherical.csproj" (1:3) en el nodo 1 (_GenerateRestoreProjectPathWalk destinos).
   1:3>Destino "_GenerateRestoreProjectPathItemsPerFramework" en el archivo "C:\Program Files\dotnet\sdk\10.0.103\NuGet.targets" del proyecto "e:\Documentos\Proyectos\Spherikal\Spherical\src\Spherical\Spherical.csproj" (el destino "_GenerateRestoreProjectPathItemsCurrentProject" depende de él):
   1:3>Usando la tarea "ConvertToAbsolutePath" del ensamblado "Microsoft.Build.Tasks.Core, Version=15.1.0.0, Culture=neutral, PublicKeyToken=b03f5f7f11d50a3a".
       Tarea "ConvertToAbsolutePath"
       Ejecución de la tarea "ConvertToAbsolutePath" terminada.
   1:3>Compilación terminada del destino "_GenerateRestoreProjectPathItemsPerFramework" en el proyecto "Spherical.csproj".
   1:3>Destino "_GenerateRestoreProjectPathItemsCurrentProject" en el archivo "C:\Program Files\dotnet\sdk\10.0.103\NuGet.targets" del proyecto "e:\Documentos\Proyectos\Spherikal\Spherical\src\Spherical\Spherical.csproj" (el destino "_GenerateRestoreProjectPathItems" depende de él):
   1:3>Compilación terminada del destino "_GenerateRestoreProjectPathItemsCurrentProject" en el proyecto "Spherical.csproj".
   1:3>Destino "_GenerateRestoreProjectPathItems" en el archivo "C:\Program Files\dotnet\sdk\10.0.103\NuGet.targets" del proyecto "e:\Documentos\Proyectos\Spherikal\Spherical\src\Spherical\Spherical.csproj" (el destino "_GenerateRestoreProjectPathWalk" depende de él):
       Tarea "RemoveDuplicates"
       Ejecución de la tarea "RemoveDuplicates" terminada.
   1:3>Compilación terminada del destino "_GenerateRestoreProjectPathItems" en el proyecto "Spherical.csproj".
   1:3>Destino "_GenerateRestoreProjectPathWalk" en el archivo "C:\Program Files\dotnet\sdk\10.0.103\NuGet.targets" del proyecto "e:\Documentos\Proyectos\Spherikal\Spherical\src\Spherical\Spherical.csproj" (punto de entrada):
       Tarea "MSBuild"
       Ejecución de la tarea "MSBuild" terminada.
       Tarea "RemoveDuplicates"
       Ejecución de la tarea "RemoveDuplicates" terminada.
   1:3>Compilación terminada del destino "_GenerateRestoreProjectPathWalk" en el proyecto "Spherical.csproj".
   1:3>Compilación del proyecto terminada "e:\Documentos\Proyectos\Spherikal\Spherical\src\Spherical\Spherical.csproj" (_GenerateRestoreProjectPathWalk destinos).
     1>Ejecución de la tarea "MSBuild" terminada.
       Tarea "RemoveDuplicates"
       Ejecución de la tarea "RemoveDuplicates" terminada.
       Tarea "MSBuild"
         Propiedades globales:
           ExcludeRestorePackageImports=true
     1>El proyecto "e:\Documentos\Proyectos\Spherikal\Spherical\src\Spherical\Spherical.csproj" (1) está compilando "e:\Documentos\Proyectos\Spherikal\Spherical\src\Spherical\Spherical.csproj" (1:4) en el nodo 1 (_IsProjectRestoreSupported destinos).
   1:4>Se omitió el destino "_IsProjectRestoreSupported". Compilado previamente de forma correcta.
   1:4>Compilación del proyecto terminada "e:\Documentos\Proyectos\Spherikal\Spherical\src\Spherical\Spherical.csproj" (_IsProjectRestoreSupported destinos).
     1>Ejecución de la tarea "MSBuild" terminada.
     1>Compilación terminada del destino "_GetAllRestoreProjectPathItems" en el proyecto "Spherical.csproj".
     1>Destino "_GenerateRestoreGraph" en el archivo "C:\Program Files\dotnet\sdk\10.0.103\NuGet.targets" del proyecto "e:\Documentos\Proyectos\Spherikal\Spherical\src\Spherical\Spherical.csproj" (el destino "Restore" depende de él):
       Usando la tarea "Message" del ensamblado "Microsoft.Build.Tasks.Core, Version=15.1.0.0, Culture=neutral, PublicKeyToken=b03f5f7f11d50a3a".
       Tarea "Message"
         Generating dg file
       Ejecución de la tarea "Message" terminada.
       Tarea "Message"
         e:\Documentos\Proyectos\Spherikal\Spherical\src\Spherical\Spherical.csproj
       Ejecución de la tarea "Message" terminada.
       Tarea "MSBuild"
         Propiedades globales:
           ExcludeRestorePackageImports=true
     1>El proyecto "e:\Documentos\Proyectos\Spherikal\Spherical\src\Spherical\Spherical.csproj" (1) está compilando "e:\Documentos\Proyectos\Spherikal\Spherical\src\Spherical\Spherical.csproj" (1:5) en el nodo 1 (_GenerateRestoreGraphProjectEntry destinos).
   1:5>Destino "_CheckForUnsupportedNETCoreVersion" en el archivo "C:\Program Files\dotnet\sdk\10.0.103\Sdks\Microsoft.NET.Sdk\targets\Microsoft.NET.TargetFrameworkInference.targets" del proyecto "e:\Documentos\Proyectos\Spherikal\Spherical\src\Spherical\Spherical.csproj" (el destino "CollectPackageReferences" depende de él):
   1:5>Compilación terminada del destino "_CheckForUnsupportedNETCoreVersion" en el proyecto "Spherical.csproj".
   1:5>Destino "_CheckForUnsupportedCppNETCoreVersion" en el archivo "C:\Program Files\dotnet\sdk\10.0.103\Sdks\Microsoft.NET.Sdk\targets\Microsoft.NET.TargetFrameworkInference.targets" del proyecto "e:\Documentos\Proyectos\Spherikal\Spherical\src\Spherical\Spherical.csproj" (el destino "CollectPackageReferences" depende de él):
   1:5>Compilación terminada del destino "_CheckForUnsupportedCppNETCoreVersion" en el proyecto "Spherical.csproj".
   1:5>Destino "UpdateAspNetToFrameworkReference" en el archivo "C:\Program Files\dotnet\sdk\10.0.103\Sdks\Microsoft.NET.Sdk\targets\Microsoft.NET.Sdk.DefaultItems.Shared.targets" del proyecto "e:\Documentos\Proyectos\Spherikal\Spherical\src\Spherical\Spherical.csproj" (el destino "ApplyImplicitVersions" depende de él):
       Usando la tarea "CheckIfPackageReferenceShouldBeFrameworkReference" del ensamblado "C:\Program Files\dotnet\sdk\10.0.103\Sdks\Microsoft.NET.Sdk\targets\..\tools\net10.0\Microsoft.NET.Build.Tasks.dll".
       Tarea "CheckIfPackageReferenceShouldBeFrameworkReference"
       Ejecución de la tarea "CheckIfPackageReferenceShouldBeFrameworkReference" terminada.
       Tarea "CheckIfPackageReferenceShouldBeFrameworkReference"
       Ejecución de la tarea "CheckIfPackageReferenceShouldBeFrameworkReference" terminada.
   1:5>Compilación terminada del destino "UpdateAspNetToFrameworkReference" en el proyecto "Spherical.csproj".
   1:5>Destino "CheckForImplicitPackageReferenceOverrides" en el archivo "C:\Program Files\dotnet\sdk\10.0.103\Sdks\Microsoft.NET.Sdk\targets\Microsoft.NET.Sdk.DefaultItems.Shared.targets" del proyecto "e:\Documentos\Proyectos\Spherikal\Spherical\src\Spherical\Spherical.csproj" (el destino "ApplyImplicitVersions" depende de él):
       Usando la tarea "CheckForImplicitPackageReferenceOverrides" del ensamblado "C:\Program Files\dotnet\sdk\10.0.103\Sdks\Microsoft.NET.Sdk\targets\..\tools\net10.0\Microsoft.NET.Build.Tasks.dll".
       Tarea "CheckForImplicitPackageReferenceOverrides"
       Ejecución de la tarea "CheckForImplicitPackageReferenceOverrides" terminada.
   1:5>Compilación terminada del destino "CheckForImplicitPackageReferenceOverrides" en el proyecto "Spherical.csproj".
   1:5>Destino "ApplyImplicitVersions" en el archivo "C:\Program Files\dotnet\sdk\10.0.103\Sdks\Microsoft.NET.Sdk\targets\Microsoft.NET.Sdk.DefaultItems.Shared.targets" del proyecto "e:\Documentos\Proyectos\Spherikal\Spherical\src\Spherical\Spherical.csproj" (el destino "CollectPackageReferences" depende de él):
       Usando la tarea "ApplyImplicitVersions" del ensamblado "C:\Program Files\dotnet\sdk\10.0.103\Sdks\Microsoft.NET.Sdk\targets\..\tools\net10.0\Microsoft.NET.Build.Tasks.dll".
       Tarea "ApplyImplicitVersions"
       Ejecución de la tarea "ApplyImplicitVersions" terminada.
   1:5>Compilación terminada del destino "ApplyImplicitVersions" en el proyecto "Spherical.csproj".
       Se omitió el destino "CheckForImplicitPackageReferenceOverrides". Compilado previamente de forma correcta.
   1:5>Destino "_CheckForLanguageAndFeatureCombinationSupport" en el archivo "C:\Program Files\dotnet\sdk\10.0.103\Sdks\Microsoft.NET.Sdk\targets\Microsoft.NET.RuntimeIdentifierInference.targets" del proyecto "e:\Documentos\Proyectos\Spherikal\Spherical\src\Spherical\Spherical.csproj" (el destino "ProcessFrameworkReferences" depende de él):
   1:5>Compilación terminada del destino "_CheckForLanguageAndFeatureCombinationSupport" en el proyecto "Spherical.csproj".
   1:5>Destino "_ComputeToolPackInputsToProcessFrameworkReferences" en el archivo "C:\Program Files\dotnet\sdk\10.0.103\Sdks\Microsoft.NET.Sdk\targets\Microsoft.NET.Publish.targets" del proyecto "e:\Documentos\Proyectos\Spherikal\Spherical\src\Spherical\Spherical.csproj" (el destino "ProcessFrameworkReferences" depende de él):
   1:5>Compilación terminada del destino "_ComputeToolPackInputsToProcessFrameworkReferences" en el proyecto "Spherical.csproj".
   1:5>Destino "ResolveRequiredWebAssets" en el archivo "C:\Program Files\dotnet\sdk\10.0.103\Sdks\Microsoft.NET.Sdk.Web.ProjectSystem\targets\Microsoft.NET.Sdk.Web.ProjectSystem.targets" del proyecto "e:\Documentos\Proyectos\Spherikal\Spherical\src\Spherical\Spherical.csproj" (el destino "ProcessFrameworkReferences" depende de él):
   1:5>Compilación terminada del destino "ResolveRequiredWebAssets" en el proyecto "Spherical.csproj".
   1:5>Destino "ProcessFrameworkReferences" en el archivo "C:\Program Files\dotnet\sdk\10.0.103\Sdks\Microsoft.NET.Sdk\targets\Microsoft.NET.Sdk.FrameworkReferenceResolution.targets" del proyecto "e:\Documentos\Proyectos\Spherikal\Spherical\src\Spherical\Spherical.csproj" (el destino "CollectPackageReferences" depende de él):
       Usando la tarea "CheckForDuplicateFrameworkReferences" del ensamblado "C:\Program Files\dotnet\sdk\10.0.103\Sdks\Microsoft.NET.Sdk\targets\..\tools\net10.0\Microsoft.NET.Build.Tasks.dll".
       Tarea "CheckForDuplicateFrameworkReferences"
       Ejecución de la tarea "CheckForDuplicateFrameworkReferences" terminada.
       Usando la tarea "ProcessFrameworkReferences" del ensamblado "C:\Program Files\dotnet\sdk\10.0.103\Sdks\Microsoft.NET.Sdk\targets\..\tools\net10.0\Microsoft.NET.Build.Tasks.dll".
       Tarea "ProcessFrameworkReferences"
         Found 2 known framework references for target framework .NETCoreApp
         Found 5 known runtime packs for target framework .NETCoreApp
         Selected Microsoft.NETCore.App with RIDs 'linux-arm;linux-arm64;linux-musl-arm64;linux-musl-x64;linux-x64;osx-x64;tizen.4.0.0-armel;tizen.5.0.0-armel;win-arm64;win-x64;win-x86;linux-musl-arm;osx-arm64;linux-s390x;linux-loongarch64;linux-bionic-arm;linux-bionic-arm64;linux-bionic-x64;linux-bionic-x86;linux-ppc64le;freebsd-x64;freebsd-arm64;linux-riscv64;linux-musl-riscv64;linux-musl-loongarch64;android-arm64;android-x64'
         Selected targeting pack 'Microsoft.NETCore.App@10.0.3'
         Added runtime framework 'Microsoft.NETCore.App@10.0.0'
         Selected Microsoft.WindowsDesktop.App with RIDs 'win-x64;win-x86;win-arm64'
         Selected targeting pack 'Microsoft.WindowsDesktop.App@10.0.3'
         Added runtime framework 'Microsoft.WindowsDesktop.App@10.0.0'
         Selected Microsoft.WindowsDesktop.App with RIDs 'win-x64;win-x86;win-arm64'
         Selected targeting pack 'Microsoft.WindowsDesktop.App.WPF@10.0.3'
         Added runtime framework 'Microsoft.WindowsDesktop.App@10.0.0'
         Selected Microsoft.WindowsDesktop.App with RIDs 'win-x64;win-x86;win-arm64'
         Selected targeting pack 'Microsoft.WindowsDesktop.App.WindowsForms@10.0.3'
         Added runtime framework 'Microsoft.WindowsDesktop.App@10.0.0'
         Selected Microsoft.AspNetCore.App with RIDs 'win-x64;win-x86;osx-x64;linux-musl-x64;linux-musl-arm64;linux-x64;linux-arm;linux-arm64;linux-musl-arm;win-arm64;osx-arm64;linux-s390x;linux-loongarch64;linux-ppc64le;freebsd-x64;freebsd-arm64;linux-riscv64;linux-musl-riscv64;linux-loongarch64;linux-musl-loongarch64'
         Selected targeting pack 'Microsoft.AspNetCore.App@10.0.3'
         Added runtime framework 'Microsoft.AspNetCore.App@10.0.0'
         Adding tool pack AspNetCore for runtime 10.0
         Found AspNetCore pack 'Microsoft.AspNetCore.App.Internal.Assets@10.0.3'
         Added Microsoft.AspNetCore.App.Internal.Assets@10.0.3 for build-time targets
       Ejecución de la tarea "ProcessFrameworkReferences" terminada.
       Usando la tarea "ResolveAppHosts" del ensamblado "C:\Program Files\dotnet\sdk\10.0.103\Sdks\Microsoft.NET.Sdk\targets\..\tools\net10.0\Microsoft.NET.Build.Tasks.dll".
       Tarea "ResolveAppHosts"
       Ejecución de la tarea "ResolveAppHosts" terminada.
   1:5>Compilación terminada del destino "ProcessFrameworkReferences" en el proyecto "Spherical.csproj".
   1:5>Destino "_CheckForObsoleteDotNetCliToolReferences" en el archivo "C:\Program Files\dotnet\sdk\10.0.103\Sdks\Microsoft.NET.Sdk\targets\Microsoft.NET.ObsoleteReferences.targets" del proyecto "e:\Documentos\Proyectos\Spherikal\Spherical\src\Spherical\Spherical.csproj" (el destino "CollectPackageReferences" depende de él):
   1:5>Compilación terminada del destino "_CheckForObsoleteDotNetCliToolReferences" en el proyecto "Spherical.csproj".
   1:5>Destino "CollectPackageReferences" en el archivo "C:\Program Files\dotnet\sdk\10.0.103\NuGet.targets" del proyecto "e:\Documentos\Proyectos\Spherikal\Spherical\src\Spherical\Spherical.csproj" (el destino "_GetRestoreProjectStyle" depende de él):
       Usando la tarea "CheckForDuplicateNuGetItemsTask" del ensamblado "C:\Program Files\dotnet\sdk\10.0.103\NuGet.Build.Tasks.dll".
       Tarea "CheckForDuplicateNuGetItemsTask"
       Ejecución de la tarea "CheckForDuplicateNuGetItemsTask" terminada.
   1:5>Compilación terminada del destino "CollectPackageReferences" en el proyecto "Spherical.csproj".
   1:5>Destino "_GetRestoreProjectStyle" en el archivo "C:\Program Files\dotnet\sdk\10.0.103\NuGet.targets" del proyecto "e:\Documentos\Proyectos\Spherikal\Spherical\src\Spherical\Spherical.csproj" (el destino "_GenerateRestoreSpecs" depende de él):
       Usando la tarea "GetRestoreProjectStyleTask" del ensamblado "C:\Program Files\dotnet\sdk\10.0.103\NuGet.Build.Tasks.dll".
       Tarea "GetRestoreProjectStyleTask"
       Ejecución de la tarea "GetRestoreProjectStyleTask" terminada.
   1:5>Compilación terminada del destino "_GetRestoreProjectStyle" en el proyecto "Spherical.csproj".
   1:5>Destino "_GenerateRestoreSpecs" en el archivo "C:\Program Files\dotnet\sdk\10.0.103\NuGet.targets" del proyecto "e:\Documentos\Proyectos\Spherikal\Spherical\src\Spherical\Spherical.csproj" (el destino "_GenerateRestoreGraphProjectEntry" depende de él):
       Tarea "Message"
         Restore entry point e:\Documentos\Proyectos\Spherikal\Spherical\src\Spherical\Spherical.csproj
       Ejecución de la tarea "Message" terminada.
   1:5>Compilación terminada del destino "_GenerateRestoreSpecs" en el proyecto "Spherical.csproj".
   1:5>Destino "_GetRestoreSettingsOverrides" en el archivo "C:\Program Files\dotnet\sdk\10.0.103\NuGet.targets" del proyecto "e:\Documentos\Proyectos\Spherikal\Spherical\src\Spherical\Spherical.csproj" (el destino "_GetRestoreSettings" depende de él):
   1:5>Compilación terminada del destino "_GetRestoreSettingsOverrides" en el proyecto "Spherical.csproj".
   1:5>Destino "_GetRestoreSettingsPerFramework" en el archivo "C:\Program Files\dotnet\sdk\10.0.103\NuGet.targets" del proyecto "e:\Documentos\Proyectos\Spherikal\Spherical\src\Spherical\Spherical.csproj" (el destino "_GetRestoreSettingsCurrentProject" depende de él):
   1:5>Compilación terminada del destino "_GetRestoreSettingsPerFramework" en el proyecto "Spherical.csproj".
   1:5>Destino "_GetRestoreSettingsCurrentProject" en el archivo "C:\Program Files\dotnet\sdk\10.0.103\NuGet.targets" del proyecto "e:\Documentos\Proyectos\Spherikal\Spherical\src\Spherical\Spherical.csproj" (el destino "_GetRestoreSettings" depende de él):
   1:5>Compilación terminada del destino "_GetRestoreSettingsCurrentProject" en el proyecto "Spherical.csproj".
   1:5>Destino "_GetRestoreSettings" en el archivo "C:\Program Files\dotnet\sdk\10.0.103\NuGet.targets" del proyecto "e:\Documentos\Proyectos\Spherikal\Spherical\src\Spherical\Spherical.csproj" (el destino "_GenerateDotnetCliToolReferenceSpecs" depende de él):
       Usando la tarea "GetRestoreSettingsTask" del ensamblado "C:\Program Files\dotnet\sdk\10.0.103\NuGet.Build.Tasks.dll".
       Tarea "GetRestoreSettingsTask"
         Ensamblado cargado durante TaskRun (NuGet.Build.Tasks.GetRestoreSettingsTask): NuGet.Configuration, Version=7.0.2.0, Culture=neutral, PublicKeyToken=31bf3856ad364e35(ubicación: C:\Program Files\dotnet\sdk\10.0.103\NuGet.Configuration.dll, MVID: 522ba7e1-ae9d-4267-926f-e81ab189d75f, AssemblyLoadContext: MSBuild plugin C:\Program Files\dotnet\sdk\10.0.103\NuGet.Build.Tasks.dll)
       Ejecución de la tarea "GetRestoreSettingsTask" terminada.
   1:5>Compilación terminada del destino "_GetRestoreSettings" en el proyecto "Spherical.csproj".
   1:5>Destino "_GenerateDotnetCliToolReferenceSpecs" en el archivo "C:\Program Files\dotnet\sdk\10.0.103\NuGet.targets" del proyecto "e:\Documentos\Proyectos\Spherikal\Spherical\src\Spherical\Spherical.csproj" (el destino "_GenerateRestoreGraphProjectEntry" depende de él):
       Usando la tarea "GetRestoreDotnetCliToolsTask" del ensamblado "C:\Program Files\dotnet\sdk\10.0.103\NuGet.Build.Tasks.dll".
       Tarea "GetRestoreDotnetCliToolsTask"
       Ejecución de la tarea "GetRestoreDotnetCliToolsTask" terminada.
   1:5>Compilación terminada del destino "_GenerateDotnetCliToolReferenceSpecs" en el proyecto "Spherical.csproj".
   1:5>Destino "_GenerateRestoreGraphProjectEntry" en el archivo "C:\Program Files\dotnet\sdk\10.0.103\NuGet.targets" del proyecto "e:\Documentos\Proyectos\Spherikal\Spherical\src\Spherical\Spherical.csproj" (punto de entrada):
   1:5>Compilación terminada del destino "_GenerateRestoreGraphProjectEntry" en el proyecto "Spherical.csproj".
   1:5>Compilación del proyecto terminada "e:\Documentos\Proyectos\Spherikal\Spherical\src\Spherical\Spherical.csproj" (_GenerateRestoreGraphProjectEntry destinos).
     1>Ejecución de la tarea "MSBuild" terminada.
       Tarea "MSBuild"
         Propiedades globales:
           ExcludeRestorePackageImports=true
     1>El proyecto "e:\Documentos\Proyectos\Spherikal\Spherical\src\Spherical\Spherical.csproj" (1) está compilando "e:\Documentos\Proyectos\Spherikal\Spherical\src\Spherical\Spherical.csproj" (1:6) en el nodo 1 (_GenerateProjectRestoreGraph destinos).
   1:6>Se omitió el destino "_GetRestoreProjectStyle". Compilado previamente de forma correcta.
       Se omitió el destino "_GetRestoreProjectStyle". Compilado previamente de forma correcta.
       Se omitió el destino "_GetRestoreProjectStyle". Compilado previamente de forma correcta.
   1:6>Destino "_GetRestoreTargetFrameworkOverride" en el archivo "C:\Program Files\dotnet\sdk\10.0.103\NuGet.targets" del proyecto "e:\Documentos\Proyectos\Spherikal\Spherical\src\Spherical\Spherical.csproj" (el destino "_GetRestoreTargetFrameworksOutput" depende de él):
   1:6>Compilación terminada del destino "_GetRestoreTargetFrameworkOverride" en el proyecto "Spherical.csproj".
   1:6>Destino "_GetRestoreTargetFrameworksOutput" en el archivo "C:\Program Files\dotnet\sdk\10.0.103\NuGet.targets" del proyecto "e:\Documentos\Proyectos\Spherikal\Spherical\src\Spherical\Spherical.csproj" (el destino "_GenerateRestoreProjectSpec" depende de él):
       Usando la tarea "GetProjectTargetFrameworksTask" del ensamblado "C:\Program Files\dotnet\sdk\10.0.103\NuGet.Build.Tasks.dll".
       Tarea "GetProjectTargetFrameworksTask"
       Ejecución de la tarea "GetProjectTargetFrameworksTask" terminada.
   1:6>Compilación terminada del destino "_GetRestoreTargetFrameworksOutput" en el proyecto "Spherical.csproj".
       Se omitió el destino "_GetRestoreSettings". Compilado previamente de forma correcta.
   1:6>Destino "_GenerateRestoreProjectSpec" en el archivo "C:\Program Files\dotnet\sdk\10.0.103\NuGet.targets" del proyecto "e:\Documentos\Proyectos\Spherikal\Spherical\src\Spherical\Spherical.csproj" (el destino "_GenerateProjectRestoreGraph" depende de él):
       Tarea "ConvertToAbsolutePath"
       Ejecución de la tarea "ConvertToAbsolutePath" terminada.
   1:6>Compilación terminada del destino "_GenerateRestoreProjectSpec" en el proyecto "Spherical.csproj".
       Se omitió el destino "_GetRestoreProjectStyle". Compilado previamente de forma correcta.
       Se omitió el destino "CollectPackageReferences". Compilado previamente de forma correcta.
   1:6>Destino "CollectPackageDownloads" en el archivo "C:\Program Files\dotnet\sdk\10.0.103\NuGet.targets" del proyecto "e:\Documentos\Proyectos\Spherikal\Spherical\src\Spherical\Spherical.csproj" (el destino "_CollectRestoreInputs" depende de él):
       Tarea "CheckForDuplicateNuGetItemsTask"
       Ejecución de la tarea "CheckForDuplicateNuGetItemsTask" terminada.
   1:6>Compilación terminada del destino "CollectPackageDownloads" en el proyecto "Spherical.csproj".
   1:6>Destino "CollectFrameworkReferences" en el archivo "C:\Program Files\dotnet\sdk\10.0.103\NuGet.targets" del proyecto "e:\Documentos\Proyectos\Spherikal\Spherical\src\Spherical\Spherical.csproj" (el destino "_CollectRestoreInputs" depende de él):
   1:6>Compilación terminada del destino "CollectFrameworkReferences" en el proyecto "Spherical.csproj".
   1:6>Destino "CollectCentralPackageVersions" en el archivo "C:\Program Files\dotnet\sdk\10.0.103\NuGet.targets" del proyecto "e:\Documentos\Proyectos\Spherikal\Spherical\src\Spherical\Spherical.csproj" (el destino "_CollectRestoreInputs" depende de él):
       Tarea "CheckForDuplicateNuGetItemsTask"
       Ejecución de la tarea "CheckForDuplicateNuGetItemsTask" terminada.
   1:6>Compilación terminada del destino "CollectCentralPackageVersions" en el proyecto "Spherical.csproj".
   1:6>Destino "CollectNuGetAuditSuppressions" en el archivo "C:\Program Files\dotnet\sdk\10.0.103\NuGet.targets" del proyecto "e:\Documentos\Proyectos\Spherikal\Spherical\src\Spherical\Spherical.csproj" (el destino "_CollectRestoreInputs" depende de él):
       Tarea "CheckForDuplicateNuGetItemsTask"
       Ejecución de la tarea "CheckForDuplicateNuGetItemsTask" terminada.
   1:6>Compilación terminada del destino "CollectNuGetAuditSuppressions" en el proyecto "Spherical.csproj".
       Se omitió el destino "ProcessFrameworkReferences". Compilado previamente de forma correcta.
   1:6>Destino "AddPrunePackageReferences" en el archivo "C:\Program Files\dotnet\sdk\10.0.103\Sdks\Microsoft.NET.Sdk\targets\Microsoft.NET.Sdk.FrameworkReferenceResolution.targets" del proyecto "e:\Documentos\Proyectos\Spherikal\Spherical\src\Spherical\Spherical.csproj" (el destino "CollectPrunePackageReferences" depende de él):
       Usando la tarea "GetPackagesToPrune" del ensamblado "C:\Program Files\dotnet\sdk\10.0.103\Sdks\Microsoft.NET.Sdk\targets\..\tools\net10.0\Microsoft.NET.Build.Tasks.dll".
       Tarea "GetPackagesToPrune"
         Loading packages to prune for .NETCoreApp 10.0 Microsoft.NETCore.App
         Loading prune package data from PrunePackageData folder
         Failed to load prune package data from PrunePackageData folder, loading from targeting packs instead
         Looking for targeting packs in C:\Program Files\dotnet\packs\Microsoft.NETCore.App.Ref
         Pack directories found: C:\Program Files\dotnet\packs\Microsoft.NETCore.App.Ref\10.0.3
         Found package overrides file C:\Program Files\dotnet\packs\Microsoft.NETCore.App.Ref\10.0.3\data\PackageOverrides.txt
         Loading packages to prune for .NETCoreApp 10.0 Microsoft.AspNetCore.App
         Loading prune package data from PrunePackageData folder
         Failed to load prune package data from PrunePackageData folder, loading from targeting packs instead
         Looking for targeting packs in C:\Program Files\dotnet\packs\Microsoft.AspNetCore.App.Ref
         Pack directories found: C:\Program Files\dotnet\packs\Microsoft.AspNetCore.App.Ref\10.0.3
         Found package overrides file C:\Program Files\dotnet\packs\Microsoft.AspNetCore.App.Ref\10.0.3\data\PackageOverrides.txt
       Ejecución de la tarea "GetPackagesToPrune" terminada.
   1:6>Compilación terminada del destino "AddPrunePackageReferences" en el proyecto "Spherical.csproj".
   1:6>Destino "CollectPrunePackageReferences" en el archivo "C:\Program Files\dotnet\sdk\10.0.103\NuGet.targets" del proyecto "e:\Documentos\Proyectos\Spherikal\Spherical\src\Spherical\Spherical.csproj" (el destino "_CollectRestoreInputs" depende de él):
       Tarea "CheckForDuplicateNuGetItemsTask"
       Ejecución de la tarea "CheckForDuplicateNuGetItemsTask" terminada.
   1:6>Compilación terminada del destino "CollectPrunePackageReferences" en el proyecto "Spherical.csproj".
   1:6>Destino "_CollectRestoreInputs" en el archivo "C:\Program Files\dotnet\sdk\10.0.103\NuGet.targets" del proyecto "e:\Documentos\Proyectos\Spherikal\Spherical\src\Spherical\Spherical.csproj" (el destino "_GenerateProjectRestoreGraphPerFramework" depende de él):
   1:6>Compilación terminada del destino "_CollectRestoreInputs" en el proyecto "Spherical.csproj".
   1:6>Destino "_GenerateProjectRestoreGraphPerFramework" en el archivo "C:\Program Files\dotnet\sdk\10.0.103\NuGet.targets" del proyecto "e:\Documentos\Proyectos\Spherikal\Spherical\src\Spherical\Spherical.csproj" (el destino "_GenerateProjectRestoreGraphCurrentProject" depende de él):
       Usando la tarea "GetRestoreProjectReferencesTask" del ensamblado "C:\Program Files\dotnet\sdk\10.0.103\NuGet.Build.Tasks.dll".
       Tarea "GetRestoreProjectReferencesTask"
       Ejecución de la tarea "GetRestoreProjectReferencesTask" terminada.
       Usando la tarea "GetRestorePackageReferencesTask" del ensamblado "C:\Program Files\dotnet\sdk\10.0.103\NuGet.Build.Tasks.dll".
       Tarea "GetRestorePackageReferencesTask"
       Ejecución de la tarea "GetRestorePackageReferencesTask" terminada.
       Usando la tarea "GetRestorePackageDownloadsTask" del ensamblado "C:\Program Files\dotnet\sdk\10.0.103\NuGet.Build.Tasks.dll".
       Tarea "GetRestorePackageDownloadsTask"
       Ejecución de la tarea "GetRestorePackageDownloadsTask" terminada.
       Usando la tarea "GetRestoreFrameworkReferencesTask" del ensamblado "C:\Program Files\dotnet\sdk\10.0.103\NuGet.Build.Tasks.dll".
       Tarea "GetRestoreFrameworkReferencesTask"
       Ejecución de la tarea "GetRestoreFrameworkReferencesTask" terminada.
       Usando la tarea "GetRestoreNuGetAuditSuppressionsTask" del ensamblado "C:\Program Files\dotnet\sdk\10.0.103\NuGet.Build.Tasks.dll".
       Tarea "GetRestoreNuGetAuditSuppressionsTask"
       Ejecución de la tarea "GetRestoreNuGetAuditSuppressionsTask" terminada.
       Usando la tarea "GetRestorePrunePackageReferencesTask" del ensamblado "C:\Program Files\dotnet\sdk\10.0.103\NuGet.Build.Tasks.dll".
       Tarea "GetRestorePrunePackageReferencesTask"
       Ejecución de la tarea "GetRestorePrunePackageReferencesTask" terminada.
   1:6>Compilación terminada del destino "_GenerateProjectRestoreGraphPerFramework" en el proyecto "Spherical.csproj".
   1:6>Destino "_GenerateProjectRestoreGraphCurrentProject" en el archivo "C:\Program Files\dotnet\sdk\10.0.103\NuGet.targets" del proyecto "e:\Documentos\Proyectos\Spherikal\Spherical\src\Spherical\Spherical.csproj" (el destino "_GenerateRestoreDependencies" depende de él):
   1:6>Compilación terminada del destino "_GenerateProjectRestoreGraphCurrentProject" en el proyecto "Spherical.csproj".
   1:6>Destino "_GenerateRestoreDependencies" en el archivo "C:\Program Files\dotnet\sdk\10.0.103\NuGet.targets" del proyecto "e:\Documentos\Proyectos\Spherikal\Spherical\src\Spherical\Spherical.csproj" (el destino "_GenerateProjectRestoreGraph" depende de él):
   1:6>Compilación terminada del destino "_GenerateRestoreDependencies" en el proyecto "Spherical.csproj".
   1:6>Destino "_GenerateProjectRestoreGraph" en el archivo "C:\Program Files\dotnet\sdk\10.0.103\NuGet.targets" del proyecto "e:\Documentos\Proyectos\Spherikal\Spherical\src\Spherical\Spherical.csproj" (punto de entrada):
   1:6>Compilación terminada del destino "_GenerateProjectRestoreGraph" en el proyecto "Spherical.csproj".
   1:6>Compilación del proyecto terminada "e:\Documentos\Proyectos\Spherikal\Spherical\src\Spherical\Spherical.csproj" (_GenerateProjectRestoreGraph destinos).
     1>Ejecución de la tarea "MSBuild" terminada.
     1>Compilación terminada del destino "_GenerateRestoreGraph" en el proyecto "Spherical.csproj".
     1>Destino "_CollectTargetFrameworkForTelemetry" en el archivo "C:\Program Files\dotnet\sdk\10.0.103\Sdks\Microsoft.NET.Sdk\targets\Microsoft.NET.TargetFrameworkInference.targets" del proyecto "e:\Documentos\Proyectos\Spherikal\Spherical\src\Spherical\Spherical.csproj" (el destino "Restore" depende de él):
       Usando la tarea "AllowEmptyTelemetry" del ensamblado "C:\Program Files\dotnet\sdk\10.0.103\Sdks\Microsoft.NET.Sdk\targets\..\tools\net10.0\Microsoft.NET.Build.Tasks.dll".
       Tarea "AllowEmptyTelemetry"
       Ejecución de la tarea "AllowEmptyTelemetry" terminada.
     1>Compilación terminada del destino "_CollectTargetFrameworkForTelemetry" en el proyecto "Spherical.csproj".
     1>Destino "_CheckForUnsupportedNETCoreVersion" en el archivo "C:\Program Files\dotnet\sdk\10.0.103\Sdks\Microsoft.NET.Sdk\targets\Microsoft.NET.TargetFrameworkInference.targets" del proyecto "e:\Documentos\Proyectos\Spherikal\Spherical\src\Spherical\Spherical.csproj" (el destino "Restore" depende de él):
     1>Compilación terminada del destino "_CheckForUnsupportedNETCoreVersion" en el proyecto "Spherical.csproj".
     1>Destino "_CheckForUnsupportedCppNETCoreVersion" en el archivo "C:\Program Files\dotnet\sdk\10.0.103\Sdks\Microsoft.NET.Sdk\targets\Microsoft.NET.TargetFrameworkInference.targets" del proyecto "e:\Documentos\Proyectos\Spherikal\Spherical\src\Spherical\Spherical.csproj" (el destino "Restore" depende de él):
     1>Compilación terminada del destino "_CheckForUnsupportedCppNETCoreVersion" en el proyecto "Spherical.csproj".
     1>Destino "Restore" en el archivo "C:\Program Files\dotnet\sdk\10.0.103\NuGet.targets" del proyecto "e:\Documentos\Proyectos\Spherikal\Spherical\src\Spherical\Spherical.csproj" (punto de entrada):
       Tarea "RemoveDuplicates"
       Ejecución de la tarea "RemoveDuplicates" terminada.
       Usando la tarea "RestoreTask" del ensamblado "C:\Program Files\dotnet\sdk\10.0.103\NuGet.Build.Tasks.dll".
       Tarea "RestoreTask"
         Ensamblado cargado durante TaskRun (NuGet.Build.Tasks.RestoreTask): NuGet.Packaging, Version=7.0.2.0, Culture=neutral, PublicKeyToken=31bf3856ad364e35(ubicación: C:\Program Files\dotnet\sdk\10.0.103\NuGet.Packaging.dll, MVID: 691fbee5-b36c-46fd-a673-db79d3c14051, AssemblyLoadContext: MSBuild plugin C:\Program Files\dotnet\sdk\10.0.103\NuGet.Build.Tasks.dll)
         Ensamblado cargado durante TaskRun (NuGet.Build.Tasks.RestoreTask): NuGet.LibraryModel, Version=7.0.2.0, Culture=neutral, PublicKeyToken=31bf3856ad364e35(ubicación: C:\Program Files\dotnet\sdk\10.0.103\NuGet.LibraryModel.dll, MVID: a6bbad50-9e54-4ecf-9ee6-06659d261f87, AssemblyLoadContext: MSBuild plugin C:\Program Files\dotnet\sdk\10.0.103\NuGet.Build.Tasks.dll)
         Ensamblado cargado durante TaskRun (NuGet.Build.Tasks.RestoreTask): NuGet.Versioning, Version=7.0.2.0, Culture=neutral, PublicKeyToken=31bf3856ad364e35(ubicación: C:\Program Files\dotnet\sdk\10.0.103\NuGet.Versioning.dll, MVID: 3f1bd844-829c-40f0-b7b2-db643543649c, AssemblyLoadContext: MSBuild plugin C:\Program Files\dotnet\sdk\10.0.103\NuGet.Build.Tasks.dll)
         Ensamblado cargado durante TaskRun (NuGet.Build.Tasks.RestoreTask): NuGet.Frameworks, Version=7.0.2.0, Culture=neutral, PublicKeyToken=31bf3856ad364e35(ubicación: C:\Program Files\dotnet\sdk\10.0.103\NuGet.Frameworks.dll, MVID: 1b7b49ca-9945-4cfa-824f-5d73c248e8d6, AssemblyLoadContext: MSBuild plugin C:\Program Files\dotnet\sdk\10.0.103\NuGet.Build.Tasks.dll)
         Ensamblado cargado durante TaskRun (NuGet.Build.Tasks.RestoreTask): NuGet.Protocol, Version=7.0.2.0, Culture=neutral, PublicKeyToken=31bf3856ad364e35(ubicación: C:\Program Files\dotnet\sdk\10.0.103\NuGet.Protocol.dll, MVID: f9fea46b-5e46-4ce0-a20f-e4253f7ea121, AssemblyLoadContext: MSBuild plugin C:\Program Files\dotnet\sdk\10.0.103\NuGet.Build.Tasks.dll)
         Ensamblado cargado durante TaskRun (NuGet.Build.Tasks.RestoreTask): NuGet.Credentials, Version=7.0.2.0, Culture=neutral, PublicKeyToken=31bf3856ad364e35(ubicación: C:\Program Files\dotnet\sdk\10.0.103\NuGet.Credentials.dll, MVID: 3086496a-ea04-4486-96b4-8a3e90687378, AssemblyLoadContext: MSBuild plugin C:\Program Files\dotnet\sdk\10.0.103\NuGet.Build.Tasks.dll)
         Ensamblado cargado durante TaskRun (NuGet.Build.Tasks.RestoreTask): NuGet.Packaging.resources, Version=7.0.2.0, Culture=es, PublicKeyToken=31bf3856ad364e35(ubicación: C:\Program Files\dotnet\sdk\10.0.103\es\NuGet.Packaging.resources.dll, MVID: 8abe33df-ef5d-4663-84f3-141906b30715, AssemblyLoadContext: MSBuild plugin C:\Program Files\dotnet\sdk\10.0.103\NuGet.Build.Tasks.dll)
         Ensamblado cargado durante TaskRun (NuGet.Build.Tasks.RestoreTask): System.Collections.NonGeneric, Version=10.0.0.0, Culture=neutral, PublicKeyToken=b03f5f7f11d50a3a(ubicación: C:\Program Files\dotnet\shared\Microsoft.NETCore.App\10.0.3\System.Collections.NonGeneric.dll, MVID: 34793951-de27-497a-86fa-ff7f73c34148, AssemblyLoadContext: Default)
         La validación de la cadena de certificados X.509 utilizará el almacén de confianza predeterminado seleccionado por .NET para la firma de código.
         La validación de la cadena de certificados X.509 utilizará el almacén de confianza predeterminado seleccionado por .NET para la marca de tiempo.
         Ensamblado cargado durante TaskRun (NuGet.Build.Tasks.RestoreTask): NuGet.DependencyResolver.Core, Version=7.0.2.0, Culture=neutral, PublicKeyToken=31bf3856ad364e35(ubicación: C:\Program Files\dotnet\sdk\10.0.103\NuGet.DependencyResolver.Core.dll, MVID: 8b34e545-21b0-4590-be6b-6b43bfa1968c, AssemblyLoadContext: MSBuild plugin C:\Program Files\dotnet\sdk\10.0.103\NuGet.Build.Tasks.dll)
         Ensamblado cargado durante TaskRun (NuGet.Build.Tasks.RestoreTask): NuGet.Commands.resources, Version=7.0.2.0, Culture=es, PublicKeyToken=31bf3856ad364e35(ubicación: C:\Program Files\dotnet\sdk\10.0.103\es\NuGet.Commands.resources.dll, MVID: 231f1b38-c158-4577-9ae6-fe8eac6b86c8, AssemblyLoadContext: MSBuild plugin C:\Program Files\dotnet\sdk\10.0.103\NuGet.Build.Tasks.dll)
         Ejecutando restauración con 12 trabajos simultáneos.
         Leyendo el archivo del proyecto e:\Documentos\Proyectos\Spherikal\Spherical\src\Spherical\Spherical.csproj.
         Ensamblado cargado durante TaskRun (NuGet.Build.Tasks.RestoreTask): Newtonsoft.Json, Version=13.0.0.0, Culture=neutral, PublicKeyToken=30ad4fe6b2a6aeed(ubicación: C:\Program Files\dotnet\sdk\10.0.103\Newtonsoft.Json.dll, MVID: 7e62198b-eab2-4380-bbac-29171862d1d8, AssemblyLoadContext: MSBuild plugin C:\Program Files\dotnet\sdk\10.0.103\NuGet.Build.Tasks.dll)
         Ensamblado cargado durante TaskRun (NuGet.Build.Tasks.RestoreTask): System.Runtime.Serialization.Primitives, Version=10.0.0.0, Culture=neutral, PublicKeyToken=b03f5f7f11d50a3a(ubicación: C:\Program Files\dotnet\shared\Microsoft.NETCore.App\10.0.3\System.Runtime.Serialization.Primitives.dll, MVID: 9bc74e02-881b-4bc0-82b9-d2a9156b6d41, AssemblyLoadContext: Default)
         Ensamblado cargado durante TaskRun (NuGet.Build.Tasks.RestoreTask): System.Runtime.Numerics, Version=10.0.0.0, Culture=neutral, PublicKeyToken=b03f5f7f11d50a3a(ubicación: C:\Program Files\dotnet\shared\Microsoft.NETCore.App\10.0.3\System.Runtime.Numerics.dll, MVID: a1d287c5-84bc-4499-8e90-494a1a3f9350, AssemblyLoadContext: Default)
         Ensamblado cargado durante TaskRun (NuGet.Build.Tasks.RestoreTask): System.Text.Encodings.Web, Version=10.0.0.0, Culture=neutral, PublicKeyToken=cc7b13ffcd2ddd51(ubicación: C:\Program Files\dotnet\shared\Microsoft.NETCore.App\10.0.3\System.Text.Encodings.Web.dll, MVID: abb4e65f-0f42-4a32-8c87-f5432ece4212, AssemblyLoadContext: Default)
         Ensamblado cargado durante TaskRun (NuGet.Build.Tasks.RestoreTask): System.Reflection.Emit.Lightweight, Version=10.0.0.0, Culture=neutral, PublicKeyToken=b03f5f7f11d50a3a(ubicación: C:\Program Files\dotnet\shared\Microsoft.NETCore.App\10.0.3\System.Reflection.Emit.Lightweight.dll, MVID: e4d954ed-5d75-4fe6-a4d9-f4b99d304032, AssemblyLoadContext: Default)
         Ensamblado cargado durante TaskRun (NuGet.Build.Tasks.RestoreTask): System.Reflection.Primitives, Version=10.0.0.0, Culture=neutral, PublicKeyToken=b03f5f7f11d50a3a(ubicación: C:\Program Files\dotnet\shared\Microsoft.NETCore.App\10.0.3\System.Reflection.Primitives.dll, MVID: 1ad3fb70-2485-42ce-8aab-38b4cb8fa126, AssemblyLoadContext: Default)
         Ensamblado cargado durante TaskRun (NuGet.Build.Tasks.RestoreTask): System.Reflection.Emit.ILGeneration, Version=10.0.0.0, Culture=neutral, PublicKeyToken=b03f5f7f11d50a3a(ubicación: C:\Program Files\dotnet\shared\Microsoft.NETCore.App\10.0.3\System.Reflection.Emit.ILGeneration.dll, MVID: a06ff280-33aa-4509-8f4c-098c866bb75a, AssemblyLoadContext: Default)
         Las entradas de restauración de "Spherical" no han cambiado. No se necesitan más acciones para finalizar la restauración.
         Ejecutando restauración...
         El archivo de recursos no ha cambiado, así que se omitirá su escritura. Ruta de acceso: e:\Documentos\Proyectos\Spherikal\Spherical\src\Spherical\obj\project.assets.json
         No hay ninguna operación de restauración. La caché no se actualizará. Ruta de acceso: e:\Documentos\Proyectos\Spherikal\Spherical\src\Spherical\obj\project.nuget.cache
         Ensamblado cargado durante TaskRun (NuGet.Build.Tasks.RestoreTask): NuGet.Common.resources, Version=7.0.2.0, Culture=es, PublicKeyToken=31bf3856ad364e35(ubicación: C:\Program Files\dotnet\sdk\10.0.103\es\NuGet.Common.resources.dll, MVID: ab7b4326-c729-4ea6-9fbb-c92b1e715833, AssemblyLoadContext: MSBuild plugin C:\Program Files\dotnet\sdk\10.0.103\NuGet.Build.Tasks.dll)
         Se ha restaurado e:\Documentos\Proyectos\Spherikal\Spherical\src\Spherical\Spherical.csproj (en 66 ms).
         
         Archivos de NuGet Config usados:
             D:\Usuarios\german.alvarez\AppData\Roaming\NuGet\NuGet.Config
             C:\Program Files (x86)\NuGet\Config\Microsoft.VisualStudio.FallbackLocation.config
             C:\Program Files (x86)\NuGet\Config\Microsoft.VisualStudio.Offline.config
         
         Fuentes usadas:
             https://api.nuget.org/v3/index.json
             C:\Program Files (x86)\Microsoft SDKs\NuGetPackages\
             C:\Program Files\dotnet\library-packs
         Todos los proyectos están actualizados para la restauración.
       Ejecución de la tarea "RestoreTask" terminada.
     1>Compilación terminada del destino "Restore" en el proyecto "Spherical.csproj".
     1>Compilación del proyecto terminada "e:\Documentos\Proyectos\Spherikal\Spherical\src\Spherical\Spherical.csproj" (Restore destinos).
     0>El SDK "Microsoft.NET.Sdk.Web" se resolvió correctamente mediante el resolvedor "DefaultSdkResolver" a la ubicación "C:\Program Files\dotnet\sdk\10.0.103\Sdks\Microsoft.NET.Sdk.Web\Sdk" y la versión "".
       El SDK "Microsoft.NET.Sdk" se resolvió correctamente mediante el resolvedor "DefaultSdkResolver" a la ubicación "C:\Program Files\dotnet\sdk\10.0.103\Sdks\Microsoft.NET.Sdk\Sdk" y la versión "".
       C:\Program Files\dotnet\sdk\10.0.103\Sdks\Microsoft.NET.Sdk\Sdk\Sdk.props(49,11): message : Propiedad "MSBuildExtensionsPath" con el valor "C:\Program Files\dotnet\sdk\10.0.103\" expandido desde el entorno.
       C:\Program Files\dotnet\sdk\10.0.103\Current\Microsoft.Common.props(60,5): message : Reasignación de propiedad: $(MSBuildProjectExtensionsPath)="e:\Documentos\Proyectos\Spherikal\Spherical\src\Spherical\obj\" (valor anterior: "obj\") en C:\Program Files\dotnet\sdk\10.0.103\Current\Microsoft.Common.props (60,5)
       e:\Documentos\Proyectos\Spherikal\Spherical\src\Spherical\obj\Spherical.csproj.nuget.g.props(7,5): message : Propiedad "USERPROFILE" con el valor "D:\Usuarios\german.alvarez" expandido desde el entorno.
       D:\Usuarios\german.alvarez\.nuget\packages\swashbuckle.aspnetcore\10.0.1\build\Swashbuckle.AspNetCore.props(3,5): message : Reasignación de propiedad: $(OpenApiGenerateDocumentsOnBuild)="false" (valor anterior: "") en D:\Usuarios\german.alvarez\.nuget\packages\swashbuckle.aspnetcore\10.0.1\build\Swashbuckle.AspNetCore.props (3,5)
       C:\Program Files\dotnet\sdk\10.0.103\Current\Microsoft.Common.props(84,119): message : Propiedad "MSBuildUserExtensionsPath" con el valor "D:\Usuarios\german.alvarez\AppData\Local\Microsoft\MSBuild" expandido desde el entorno.
       C:\Program Files\dotnet\sdk\10.0.103\Sdks\Microsoft.NET.Sdk\targets\Microsoft.NET.Sdk.props(90,5): message : Reasignación de propiedad: $(AssemblySearchPaths)="{CandidateAssemblyFiles};{HintPathFromItem}" (valor anterior: "{CandidateAssemblyFiles}") en C:\Program Files\dotnet\sdk\10.0.103\Sdks\Microsoft.NET.Sdk\targets\Microsoft.NET.Sdk.props (90,5)
       C:\Program Files\dotnet\sdk\10.0.103\Sdks\Microsoft.NET.Sdk\targets\Microsoft.NET.Sdk.props(91,5): message : Reasignación de propiedad: $(AssemblySearchPaths)="{CandidateAssemblyFiles};{HintPathFromItem};{TargetFrameworkDirectory}" (valor anterior: "{CandidateAssemblyFiles};{HintPathFromItem}") en C:\Program Files\dotnet\sdk\10.0.103\Sdks\Microsoft.NET.Sdk\targets\Microsoft.NET.Sdk.props (91,5)
       C:\Program Files\dotnet\sdk\10.0.103\Sdks\Microsoft.NET.Sdk\targets\Microsoft.NET.Sdk.props(92,5): message : Reasignación de propiedad: $(AssemblySearchPaths)="{CandidateAssemblyFiles};{HintPathFromItem};{TargetFrameworkDirectory};{RawFileName}" (valor anterior: "{CandidateAssemblyFiles};{HintPathFromItem};{TargetFrameworkDirectory}") en C:\Program Files\dotnet\sdk\10.0.103\Sdks\Microsoft.NET.Sdk\targets\Microsoft.NET.Sdk.props (92,5)
       El resolvedor "DefaultSdkResolver" intentó resolver el SDK "Microsoft.NET.SDK.WorkloadAutoImportPropsLocator".
       Advertencias: null
       Errores: MSB4276: La resolución predeterminada del SDK no pudo resolver el SDK "Microsoft.NET.SDK.WorkloadAutoImportPropsLocator" porque el directorio "C:\Program Files\dotnet\sdk\10.0.103\Sdks\Microsoft.NET.SDK.WorkloadAutoImportPropsLocator\Sdk" no existía.
       El SDK "Microsoft.NET.SDK.WorkloadAutoImportPropsLocator" se resolvió correctamente mediante el resolvedor "Microsoft.DotNet.MSBuildWorkloadSdkResolver" a la ubicación "C:\Program Files\dotnet\packs\Microsoft.Android.Sdk.Windows\36.1.2\Sdk" y la versión "null".
       El SDK "Microsoft.NET.Sdk.Razor" se resolvió correctamente mediante el resolvedor "DefaultSdkResolver" a la ubicación "C:\Program Files\dotnet\sdk\10.0.103\Sdks\Microsoft.NET.Sdk.Razor\Sdk" y la versión "".
       El SDK "Microsoft.NET.Sdk.StaticWebAssets" se resolvió correctamente mediante el resolvedor "DefaultSdkResolver" a la ubicación "C:\Program Files\dotnet\sdk\10.0.103\Sdks\Microsoft.NET.Sdk.StaticWebAssets\Sdk" y la versión "".
       C:\Program Files\dotnet\sdk\10.0.103\Sdks\Microsoft.NET.Sdk.StaticWebAssets\Sdk\Sdk.StaticWebAssets.StaticAssets.ProjectSystem.props(23,5): message : Reasignación de propiedad: $(DefaultItemExcludes)=";**\node_modules\**;node_modules\**;**\jspm_packages\**;jspm_packages\**" (valor anterior: ";**\node_modules\**;node_modules\**") en C:\Program Files\dotnet\sdk\10.0.103\Sdks\Microsoft.NET.Sdk.StaticWebAssets\Sdk\Sdk.StaticWebAssets.StaticAssets.ProjectSystem.props (23,5)
       C:\Program Files\dotnet\sdk\10.0.103\Sdks\Microsoft.NET.Sdk.StaticWebAssets\Sdk\Sdk.StaticWebAssets.StaticAssets.ProjectSystem.props(24,5): message : Reasignación de propiedad: $(DefaultItemExcludes)=";**\node_modules\**;node_modules\**;**\jspm_packages\**;jspm_packages\**;**\bower_components\**;bower_components\**" (valor anterior: ";**\node_modules\**;node_modules\**;**\jspm_packages\**;jspm_packages\**") en C:\Program Files\dotnet\sdk\10.0.103\Sdks\Microsoft.NET.Sdk.StaticWebAssets\Sdk\Sdk.StaticWebAssets.StaticAssets.ProjectSystem.props (24,5)
       C:\Program Files\dotnet\sdk\10.0.103\Sdks\Microsoft.NET.Sdk.StaticWebAssets\Sdk\Sdk.StaticWebAssets.StaticAssets.ProjectSystem.props(25,5): message : Reasignación de propiedad: $(DefaultItemExcludes)=";**\node_modules\**;node_modules\**;**\jspm_packages\**;jspm_packages\**;**\bower_components\**;bower_components\**;**\packages.lock.json" (valor anterior: ";**\node_modules\**;node_modules\**;**\jspm_packages\**;jspm_packages\**;**\bower_components\**;bower_components\**") en C:\Program Files\dotnet\sdk\10.0.103\Sdks\Microsoft.NET.Sdk.StaticWebAssets\Sdk\Sdk.StaticWebAssets.StaticAssets.ProjectSystem.props (25,5)
       El SDK "Microsoft.NET.Sdk.Web.ProjectSystem" se resolvió correctamente mediante el resolvedor "DefaultSdkResolver" a la ubicación "C:\Program Files\dotnet\sdk\10.0.103\Sdks\Microsoft.NET.Sdk.Web.ProjectSystem\Sdk" y la versión "".
       C:\Program Files\dotnet\sdk\10.0.103\Sdks\Microsoft.NET.Sdk.Web.ProjectSystem\targets\Microsoft.NET.Sdk.Web.ProjectSystem.props(16,5): message : Reasignación de propiedad: $(OutputType)="Exe" (valor anterior: "Library") en C:\Program Files\dotnet\sdk\10.0.103\Sdks\Microsoft.NET.Sdk.Web.ProjectSystem\targets\Microsoft.NET.Sdk.Web.ProjectSystem.props (16,5)
       El SDK "Microsoft.NET.Sdk.Publish" se resolvió correctamente mediante el resolvedor "DefaultSdkResolver" a la ubicación "C:\Program Files\dotnet\sdk\10.0.103\Sdks\Microsoft.NET.Sdk.Publish\Sdk" y la versión "".
       C:\Program Files\dotnet\sdk\10.0.103\Sdks\Microsoft.NET.Sdk\targets\Microsoft.NET.Sdk.ImportPublishProfile.targets(28,5): message : Reasignación de propiedad: $(PublishProfileImported)="false" (valor anterior: "true") en C:\Program Files\dotnet\sdk\10.0.103\Sdks\Microsoft.NET.Sdk\targets\Microsoft.NET.Sdk.ImportPublishProfile.targets (28,5)
       C:\Program Files\dotnet\sdk\10.0.103\Sdks\Microsoft.NET.Sdk\targets\Microsoft.NET.TargetFrameworkInference.targets(81,5): message : Reasignación de propiedad: $(TargetPlatformVersion)="" (valor anterior: "0.0") en C:\Program Files\dotnet\sdk\10.0.103\Sdks\Microsoft.NET.Sdk\targets\Microsoft.NET.TargetFrameworkInference.targets (81,5)
       C:\Program Files\dotnet\sdk\10.0.103\Sdks\Microsoft.NET.Sdk\targets\Microsoft.NET.DefaultOutputPaths.targets(126,5): message : Reasignación de propiedad: $(DefaultItemExcludes)=";**\node_modules\**;node_modules\**;**\jspm_packages\**;jspm_packages\**;**\bower_components\**;bower_components\**;**\packages.lock.json;bin\Debug\/**" (valor anterior: ";**\node_modules\**;node_modules\**;**\jspm_packages\**;jspm_packages\**;**\bower_components\**;bower_components\**;**\packages.lock.json") en C:\Program Files\dotnet\sdk\10.0.103\Sdks\Microsoft.NET.Sdk\targets\Microsoft.NET.DefaultOutputPaths.targets (126,5)
       C:\Program Files\dotnet\sdk\10.0.103\Sdks\Microsoft.NET.Sdk\targets\Microsoft.NET.DefaultOutputPaths.targets(127,5): message : Reasignación de propiedad: $(DefaultItemExcludes)=";**\node_modules\**;node_modules\**;**\jspm_packages\**;jspm_packages\**;**\bower_components\**;bower_components\**;**\packages.lock.json;bin\Debug\/**;obj\Debug\/**" (valor anterior: ";**\node_modules\**;node_modules\**;**\jspm_packages\**;jspm_packages\**;**\bower_components\**;bower_components\**;**\packages.lock.json;bin\Debug\/**") en C:\Program Files\dotnet\sdk\10.0.103\Sdks\Microsoft.NET.Sdk\targets\Microsoft.NET.DefaultOutputPaths.targets (127,5)
       C:\Program Files\dotnet\sdk\10.0.103\Sdks\Microsoft.NET.Sdk\targets\Microsoft.NET.DefaultOutputPaths.targets(142,5): message : Reasignación de propiedad: $(OutputPath)="bin\Debug\net10.0\" (valor anterior: "bin\Debug\") en C:\Program Files\dotnet\sdk\10.0.103\Sdks\Microsoft.NET.Sdk\targets\Microsoft.NET.DefaultOutputPaths.targets (142,5)
       C:\Program Files\dotnet\sdk\10.0.103\Sdks\Microsoft.NET.Sdk\targets\Microsoft.NET.DefaultOutputPaths.targets(147,5): message : Reasignación de propiedad: $(IntermediateOutputPath)="obj\Debug\net10.0\" (valor anterior: "obj\Debug\") en C:\Program Files\dotnet\sdk\10.0.103\Sdks\Microsoft.NET.Sdk\targets\Microsoft.NET.DefaultOutputPaths.targets (147,5)
       El resolvedor "DefaultSdkResolver" intentó resolver el SDK "Microsoft.NET.SDK.WorkloadManifestTargetsLocator".
       Advertencias: null
       Errores: MSB4276: La resolución predeterminada del SDK no pudo resolver el SDK "Microsoft.NET.SDK.WorkloadManifestTargetsLocator" porque el directorio "C:\Program Files\dotnet\sdk\10.0.103\Sdks\Microsoft.NET.SDK.WorkloadManifestTargetsLocator\Sdk" no existía.
       El SDK "Microsoft.NET.SDK.WorkloadManifestTargetsLocator" se resolvió correctamente mediante el resolvedor "Microsoft.DotNet.MSBuildWorkloadSdkResolver" a la ubicación "C:\Program Files\dotnet\sdk-manifests\10.0.100\microsoft.net.sdk.android\36.1.2" y la versión "null".
       C:\Program Files\dotnet\sdk\10.0.103\Sdks\Microsoft.NET.Sdk\targets\Microsoft.NET.Sdk.BeforeCommon.targets(371,5): message : Reasignación de propiedad: $(RoslynTargetsPath)="C:\Program Files\dotnet\sdk\10.0.103\Sdks\Microsoft.NET.Sdk\targets\..\..\..\Roslyn" (valor anterior: "C:\Program Files\dotnet\sdk\10.0.103\Roslyn") en C:\Program Files\dotnet\sdk\10.0.103\Sdks\Microsoft.NET.Sdk\targets\Microsoft.NET.Sdk.BeforeCommon.targets (371,5)
       C:\Program Files\dotnet\sdk\10.0.103\Roslyn\Microsoft.Managed.Core.targets(6,5): message : Reasignación de propiedad: $(_BuildTasksDirectory)="C:\Program Files\dotnet\sdk\10.0.103\Sdks\Microsoft.NET.Sdk\targets\..\..\..\Roslyn\" (valor anterior: "C:\Program Files\dotnet\sdk\10.0.103\Roslyn\") en C:\Program Files\dotnet\sdk\10.0.103\Roslyn\Microsoft.Managed.Core.targets (6,5)
       C:\Program Files\dotnet\sdk\10.0.103\Roslyn\Microsoft.CSharp.Core.targets(200,5): message : Reasignación de propiedad: $(CommandLineArgsForDesignTimeEvaluation)="-langversion:14.0 -define:TRACE" (valor anterior: "-langversion:14.0") en C:\Program Files\dotnet\sdk\10.0.103\Roslyn\Microsoft.CSharp.Core.targets (200,5)
       C:\Program Files\dotnet\sdk\10.0.103\Microsoft.Common.CurrentVersion.targets(175,5): message : Reasignación de propiedad: $(_DebugSymbolsProduced)="true" (valor anterior: "false") en C:\Program Files\dotnet\sdk\10.0.103\Microsoft.Common.CurrentVersion.targets (175,5)
       C:\Program Files\dotnet\sdk\10.0.103\Microsoft.Common.CurrentVersion.targets(185,5): message : Reasignación de propiedad: $(_DocumentationFileProduced)="false" (valor anterior: "true") en C:\Program Files\dotnet\sdk\10.0.103\Microsoft.Common.CurrentVersion.targets (185,5)
       C:\Program Files\dotnet\sdk\10.0.103\Microsoft.Common.CurrentVersion.targets(393,5): message : Reasignación de propiedad: $(MSBuildCopyMarkerName)="Spherical.csproj.Up2Date" (valor anterior: "Spherical.csproj") en C:\Program Files\dotnet\sdk\10.0.103\Microsoft.Common.CurrentVersion.targets (393,5)
       C:\Program Files\dotnet\sdk\10.0.103\Microsoft.Common.CurrentVersion.targets(541,5): message : Reasignación de propiedad: $(ProcessorArchitecture)="msil" (valor anterior: "") en C:\Program Files\dotnet\sdk\10.0.103\Microsoft.Common.CurrentVersion.targets (541,5)
       C:\Program Files\dotnet\sdk\10.0.103\Microsoft.Common.CurrentVersion.targets(580,5): message : Reasignación de propiedad: $(DelaySign)="" (valor anterior: "false") en C:\Program Files\dotnet\sdk\10.0.103\Microsoft.Common.CurrentVersion.targets (580,5)
       C:\Program Files\dotnet\sdk\10.0.103\Microsoft.Common.CurrentVersion.targets(2606,5): message : Propiedad "LOCALAPPDATA" con el valor "D:\Usuarios\german.alvarez\AppData\Local" expandido desde el entorno.
       C:\Program Files\dotnet\sdk\10.0.103\Microsoft.Common.CurrentVersion.targets(3934,5): message : Reasignación de propiedad: $(_SGenGenerateSerializationAssembliesConfig)="Auto" (valor anterior: "") en C:\Program Files\dotnet\sdk\10.0.103\Microsoft.Common.CurrentVersion.targets (3934,5)
       C:\Program Files\dotnet\sdk\10.0.103\Microsoft.Common.CurrentVersion.targets(3935,5): message : Reasignación de propiedad: $(_SGenGenerateSerializationAssembliesConfig)="Off" (valor anterior: "Auto") en C:\Program Files\dotnet\sdk\10.0.103\Microsoft.Common.CurrentVersion.targets (3935,5)
       C:\Program Files\dotnet\sdk\10.0.103\Microsoft.Common.CurrentVersion.targets(5146,5): message : Reasignación de propiedad: $(_TargetsThatPrepareProjectReferences)="
       C:\Program Files\dotnet\sdk\10.0.103\Microsoft.Common.CurrentVersion.targets(5146,5): message :       AssignProjectConfiguration;
       C:\Program Files\dotnet\sdk\10.0.103\Microsoft.Common.CurrentVersion.targets(5146,5): message :       _SplitProjectReferencesByFileExistence
       C:\Program Files\dotnet\sdk\10.0.103\Microsoft.Common.CurrentVersion.targets(5146,5): message :     " (valor anterior: "_SplitProjectReferencesByFileExistence") en C:\Program Files\dotnet\sdk\10.0.103\Microsoft.Common.CurrentVersion.targets (5146,5)
       C:\Program Files\dotnet\sdk\10.0.103\Microsoft.Common.CurrentVersion.targets(6959,5): message : Propiedad "MSBuildExtensionsPath32" con el valor "C:\Program Files\dotnet\sdk\10.0.103" expandido desde el entorno.
       La propiedad "NuGetInteractive" es global y no se puede modificar.
       D:\Usuarios\german.alvarez\.nuget\packages\microsoft.extensions.apidescription.server\10.0.0\build\Microsoft.Extensions.ApiDescription.Server.targets(9,5): message : Reasignación de propiedad: $(OpenApiGenerateDocuments)="true" (valor anterior: "") en D:\Usuarios\german.alvarez\.nuget\packages\microsoft.extensions.apidescription.server\10.0.0\build\Microsoft.Extensions.ApiDescription.Server.targets (9,5)
       C:\Program Files\dotnet\sdk\10.0.103\Sdks\Microsoft.NET.Sdk\targets\Microsoft.PackageDependencyResolution.targets(29,5): message : Reasignación de propiedad: $(ProjectAssetsCacheFile)="e:\Documentos\Proyectos\Spherikal\Spherical\src\Spherical\obj\Debug\net10.0\Spherical.assets.cache" (valor anterior: "obj\Debug\net10.0\Spherical.assets.cache") en C:\Program Files\dotnet\sdk\10.0.103\Sdks\Microsoft.NET.Sdk\targets\Microsoft.PackageDependencyResolution.targets (29,5)
       C:\Program Files\dotnet\sdk\10.0.103\Sdks\Microsoft.NET.Sdk\targets\Microsoft.PackageDependencyResolution.targets(80,5): message : Reasignación de propiedad: $(ResolveAssemblyReferencesDependsOn)="
       C:\Program Files\dotnet\sdk\10.0.103\Sdks\Microsoft.NET.Sdk\targets\Microsoft.PackageDependencyResolution.targets(80,5): message :       
       C:\Program Files\dotnet\sdk\10.0.103\Sdks\Microsoft.NET.Sdk\targets\Microsoft.PackageDependencyResolution.targets(80,5): message :       ResolveProjectReferences;
       C:\Program Files\dotnet\sdk\10.0.103\Sdks\Microsoft.NET.Sdk\targets\Microsoft.PackageDependencyResolution.targets(80,5): message :       FindInvalidProjectReferences;
       C:\Program Files\dotnet\sdk\10.0.103\Sdks\Microsoft.NET.Sdk\targets\Microsoft.PackageDependencyResolution.targets(80,5): message :       GetFrameworkPaths;
       C:\Program Files\dotnet\sdk\10.0.103\Sdks\Microsoft.NET.Sdk\targets\Microsoft.PackageDependencyResolution.targets(80,5): message :       GetReferenceAssemblyPaths;
       C:\Program Files\dotnet\sdk\10.0.103\Sdks\Microsoft.NET.Sdk\targets\Microsoft.PackageDependencyResolution.targets(80,5): message :       PrepareForBuild;
       C:\Program Files\dotnet\sdk\10.0.103\Sdks\Microsoft.NET.Sdk\targets\Microsoft.PackageDependencyResolution.targets(80,5): message :       ResolveSDKReferences;
       C:\Program Files\dotnet\sdk\10.0.103\Sdks\Microsoft.NET.Sdk\targets\Microsoft.PackageDependencyResolution.targets(80,5): message :       ExpandSDKReferences;
       C:\Program Files\dotnet\sdk\10.0.103\Sdks\Microsoft.NET.Sdk\targets\Microsoft.PackageDependencyResolution.targets(80,5): message :     ;
       C:\Program Files\dotnet\sdk\10.0.103\Sdks\Microsoft.NET.Sdk\targets\Microsoft.PackageDependencyResolution.targets(80,5): message :       ResolvePackageDependenciesForBuild;
       C:\Program Files\dotnet\sdk\10.0.103\Sdks\Microsoft.NET.Sdk\targets\Microsoft.PackageDependencyResolution.targets(80,5): message :       _HandlePackageFileConflicts;
       C:\Program Files\dotnet\sdk\10.0.103\Sdks\Microsoft.NET.Sdk\targets\Microsoft.PackageDependencyResolution.targets(80,5): message :     " (valor anterior: "
       C:\Program Files\dotnet\sdk\10.0.103\Sdks\Microsoft.NET.Sdk\targets\Microsoft.PackageDependencyResolution.targets(80,5): message :       ResolveProjectReferences;
       C:\Program Files\dotnet\sdk\10.0.103\Sdks\Microsoft.NET.Sdk\targets\Microsoft.PackageDependencyResolution.targets(80,5): message :       FindInvalidProjectReferences;
       C:\Program Files\dotnet\sdk\10.0.103\Sdks\Microsoft.NET.Sdk\targets\Microsoft.PackageDependencyResolution.targets(80,5): message :       GetFrameworkPaths;
       C:\Program Files\dotnet\sdk\10.0.103\Sdks\Microsoft.NET.Sdk\targets\Microsoft.PackageDependencyResolution.targets(80,5): message :       GetReferenceAssemblyPaths;
       C:\Program Files\dotnet\sdk\10.0.103\Sdks\Microsoft.NET.Sdk\targets\Microsoft.PackageDependencyResolution.targets(80,5): message :       PrepareForBuild;
       C:\Program Files\dotnet\sdk\10.0.103\Sdks\Microsoft.NET.Sdk\targets\Microsoft.PackageDependencyResolution.targets(80,5): message :       ResolveSDKReferences;
       C:\Program Files\dotnet\sdk\10.0.103\Sdks\Microsoft.NET.Sdk\targets\Microsoft.PackageDependencyResolution.targets(80,5): message :       ExpandSDKReferences;
       C:\Program Files\dotnet\sdk\10.0.103\Sdks\Microsoft.NET.Sdk\targets\Microsoft.PackageDependencyResolution.targets(80,5): message :     ") en C:\Program Files\dotnet\sdk\10.0.103\Sdks\Microsoft.NET.Sdk\targets\Microsoft.PackageDependencyResolution.targets (80,5)
       C:\Program Files\dotnet\sdk\10.0.103\Sdks\Microsoft.NET.Sdk\targets\Microsoft.PackageDependencyResolution.targets(86,5): message : Reasignación de propiedad: $(PrepareResourcesDependsOn)="
       C:\Program Files\dotnet\sdk\10.0.103\Sdks\Microsoft.NET.Sdk\targets\Microsoft.PackageDependencyResolution.targets(86,5): message :       ResolvePackageDependenciesForBuild;
       C:\Program Files\dotnet\sdk\10.0.103\Sdks\Microsoft.NET.Sdk\targets\Microsoft.PackageDependencyResolution.targets(86,5): message :       _HandlePackageFileConflicts;
       C:\Program Files\dotnet\sdk\10.0.103\Sdks\Microsoft.NET.Sdk\targets\Microsoft.PackageDependencyResolution.targets(86,5): message :       
       C:\Program Files\dotnet\sdk\10.0.103\Sdks\Microsoft.NET.Sdk\targets\Microsoft.PackageDependencyResolution.targets(86,5): message :       ;
       C:\Program Files\dotnet\sdk\10.0.103\Sdks\Microsoft.NET.Sdk\targets\Microsoft.PackageDependencyResolution.targets(86,5): message :       PrepareResourceNames;
       C:\Program Files\dotnet\sdk\10.0.103\Sdks\Microsoft.NET.Sdk\targets\Microsoft.PackageDependencyResolution.targets(86,5): message :       ResGen;
       C:\Program Files\dotnet\sdk\10.0.103\Sdks\Microsoft.NET.Sdk\targets\Microsoft.PackageDependencyResolution.targets(86,5): message :       CompileLicxFiles
       C:\Program Files\dotnet\sdk\10.0.103\Sdks\Microsoft.NET.Sdk\targets\Microsoft.PackageDependencyResolution.targets(86,5): message :     
       C:\Program Files\dotnet\sdk\10.0.103\Sdks\Microsoft.NET.Sdk\targets\Microsoft.PackageDependencyResolution.targets(86,5): message :     " (valor anterior: "
       C:\Program Files\dotnet\sdk\10.0.103\Sdks\Microsoft.NET.Sdk\targets\Microsoft.PackageDependencyResolution.targets(86,5): message :       ;
       C:\Program Files\dotnet\sdk\10.0.103\Sdks\Microsoft.NET.Sdk\targets\Microsoft.PackageDependencyResolution.targets(86,5): message :       PrepareResourceNames;
       C:\Program Files\dotnet\sdk\10.0.103\Sdks\Microsoft.NET.Sdk\targets\Microsoft.PackageDependencyResolution.targets(86,5): message :       ResGen;
       C:\Program Files\dotnet\sdk\10.0.103\Sdks\Microsoft.NET.Sdk\targets\Microsoft.PackageDependencyResolution.targets(86,5): message :       CompileLicxFiles
       C:\Program Files\dotnet\sdk\10.0.103\Sdks\Microsoft.NET.Sdk\targets\Microsoft.PackageDependencyResolution.targets(86,5): message :     ") en C:\Program Files\dotnet\sdk\10.0.103\Sdks\Microsoft.NET.Sdk\targets\Microsoft.PackageDependencyResolution.targets (86,5)
       C:\Program Files\dotnet\sdk\10.0.103\Sdks\Microsoft.NET.Sdk\targets\Microsoft.NET.Sdk.DefaultItems.targets(35,5): message : Reasignación de propiedad: $(DefaultItemExcludes)=";**\node_modules\**;node_modules\**;**\jspm_packages\**;jspm_packages\**;**\bower_components\**;bower_components\**;**\packages.lock.json;bin\Debug\/**;obj\Debug\/**;bin\/**" (valor anterior: ";**\node_modules\**;node_modules\**;**\jspm_packages\**;jspm_packages\**;**\bower_components\**;bower_components\**;**\packages.lock.json;bin\Debug\/**;obj\Debug\/**") en C:\Program Files\dotnet\sdk\10.0.103\Sdks\Microsoft.NET.Sdk\targets\Microsoft.NET.Sdk.DefaultItems.targets (35,5)
       C:\Program Files\dotnet\sdk\10.0.103\Sdks\Microsoft.NET.Sdk\targets\Microsoft.NET.Sdk.DefaultItems.targets(37,5): message : Reasignación de propiedad: $(DefaultItemExcludes)=";**\node_modules\**;node_modules\**;**\jspm_packages\**;jspm_packages\**;**\bower_components\**;bower_components\**;**\packages.lock.json;bin\Debug\/**;obj\Debug\/**;bin\/**;obj\/**" (valor anterior: ";**\node_modules\**;node_modules\**;**\jspm_packages\**;jspm_packages\**;**\bower_components\**;bower_components\**;**\packages.lock.json;bin\Debug\/**;obj\Debug\/**;bin\/**") en C:\Program Files\dotnet\sdk\10.0.103\Sdks\Microsoft.NET.Sdk\targets\Microsoft.NET.Sdk.DefaultItems.targets (37,5)
       C:\Program Files\dotnet\sdk\10.0.103\Sdks\Microsoft.NET.Sdk\targets\Microsoft.NET.Sdk.DefaultItems.targets(40,5): message : Reasignación de propiedad: $(DefaultItemExcludes)=";**\node_modules\**;node_modules\**;**\jspm_packages\**;jspm_packages\**;**\bower_components\**;bower_components\**;**\packages.lock.json;bin\Debug\/**;obj\Debug\/**;bin\/**;obj\/**;**/*.user" (valor anterior: ";**\node_modules\**;node_modules\**;**\jspm_packages\**;jspm_packages\**;**\bower_components\**;bower_components\**;**\packages.lock.json;bin\Debug\/**;obj\Debug\/**;bin\/**;obj\/**") en C:\Program Files\dotnet\sdk\10.0.103\Sdks\Microsoft.NET.Sdk\targets\Microsoft.NET.Sdk.DefaultItems.targets (40,5)
       C:\Program Files\dotnet\sdk\10.0.103\Sdks\Microsoft.NET.Sdk\targets\Microsoft.NET.Sdk.DefaultItems.targets(41,5): message : Reasignación de propiedad: $(DefaultItemExcludes)=";**\node_modules\**;node_modules\**;**\jspm_packages\**;jspm_packages\**;**\bower_components\**;bower_components\**;**\packages.lock.json;bin\Debug\/**;obj\Debug\/**;bin\/**;obj\/**;**/*.user;**/*.*proj" (valor anterior: ";**\node_modules\**;node_modules\**;**\jspm_packages\**;jspm_packages\**;**\bower_components\**;bower_components\**;**\packages.lock.json;bin\Debug\/**;obj\Debug\/**;bin\/**;obj\/**;**/*.user") en C:\Program Files\dotnet\sdk\10.0.103\Sdks\Microsoft.NET.Sdk\targets\Microsoft.NET.Sdk.DefaultItems.targets (41,5)
       C:\Program Files\dotnet\sdk\10.0.103\Sdks\Microsoft.NET.Sdk\targets\Microsoft.NET.Sdk.DefaultItems.targets(42,5): message : Reasignación de propiedad: $(DefaultItemExcludes)=";**\node_modules\**;node_modules\**;**\jspm_packages\**;jspm_packages\**;**\bower_components\**;bower_components\**;**\packages.lock.json;bin\Debug\/**;obj\Debug\/**;bin\/**;obj\/**;**/*.user;**/*.*proj;**/*.sln" (valor anterior: ";**\node_modules\**;node_modules\**;**\jspm_packages\**;jspm_packages\**;**\bower_components\**;bower_components\**;**\packages.lock.json;bin\Debug\/**;obj\Debug\/**;bin\/**;obj\/**;**/*.user;**/*.*proj") en C:\Program Files\dotnet\sdk\10.0.103\Sdks\Microsoft.NET.Sdk\targets\Microsoft.NET.Sdk.DefaultItems.targets (42,5)
       C:\Program Files\dotnet\sdk\10.0.103\Sdks\Microsoft.NET.Sdk\targets\Microsoft.NET.Sdk.DefaultItems.targets(43,5): message : Reasignación de propiedad: $(DefaultItemExcludes)=";**\node_modules\**;node_modules\**;**\jspm_packages\**;jspm_packages\**;**\bower_components\**;bower_components\**;**\packages.lock.json;bin\Debug\/**;obj\Debug\/**;bin\/**;obj\/**;**/*.user;**/*.*proj;**/*.sln;**/*.slnx" (valor anterior: ";**\node_modules\**;node_modules\**;**\jspm_packages\**;jspm_packages\**;**\bower_components\**;bower_components\**;**\packages.lock.json;bin\Debug\/**;obj\Debug\/**;bin\/**;obj\/**;**/*.user;**/*.*proj;**/*.sln") en C:\Program Files\dotnet\sdk\10.0.103\Sdks\Microsoft.NET.Sdk\targets\Microsoft.NET.Sdk.DefaultItems.targets (43,5)
       C:\Program Files\dotnet\sdk\10.0.103\Sdks\Microsoft.NET.Sdk\targets\Microsoft.NET.Sdk.DefaultItems.targets(44,5): message : Reasignación de propiedad: $(DefaultItemExcludes)=";**\node_modules\**;node_modules\**;**\jspm_packages\**;jspm_packages\**;**\bower_components\**;bower_components\**;**\packages.lock.json;bin\Debug\/**;obj\Debug\/**;bin\/**;obj\/**;**/*.user;**/*.*proj;**/*.sln;**/*.slnx;**/*.vssscc" (valor anterior: ";**\node_modules\**;node_modules\**;**\jspm_packages\**;jspm_packages\**;**\bower_components\**;bower_components\**;**\packages.lock.json;bin\Debug\/**;obj\Debug\/**;bin\/**;obj\/**;**/*.user;**/*.*proj;**/*.sln;**/*.slnx") en C:\Program Files\dotnet\sdk\10.0.103\Sdks\Microsoft.NET.Sdk\targets\Microsoft.NET.Sdk.DefaultItems.targets (44,5)
       C:\Program Files\dotnet\sdk\10.0.103\Sdks\Microsoft.NET.Sdk\targets\Microsoft.NET.Sdk.DefaultItems.targets(45,5): message : Reasignación de propiedad: $(DefaultItemExcludes)=";**\node_modules\**;node_modules\**;**\jspm_packages\**;jspm_packages\**;**\bower_components\**;bower_components\**;**\packages.lock.json;bin\Debug\/**;obj\Debug\/**;bin\/**;obj\/**;**/*.user;**/*.*proj;**/*.sln;**/*.slnx;**/*.vssscc;**/.DS_Store" (valor anterior: ";**\node_modules\**;node_modules\**;**\jspm_packages\**;jspm_packages\**;**\bower_components\**;bower_components\**;**\packages.lock.json;bin\Debug\/**;obj\Debug\/**;bin\/**;obj\/**;**/*.user;**/*.*proj;**/*.sln;**/*.slnx;**/*.vssscc") en C:\Program Files\dotnet\sdk\10.0.103\Sdks\Microsoft.NET.Sdk\targets\Microsoft.NET.Sdk.DefaultItems.targets (45,5)
       C:\Program Files\dotnet\sdk\10.0.103\Sdks\Microsoft.NET.Sdk\targets\Microsoft.NET.Sdk.FrameworkReferenceResolution.targets(14,5): message : Reasignación de propiedad: $(ResolveAssemblyReferencesDependsOn)="
       C:\Program Files\dotnet\sdk\10.0.103\Sdks\Microsoft.NET.Sdk\targets\Microsoft.NET.Sdk.FrameworkReferenceResolution.targets(14,5): message :       
       C:\Program Files\dotnet\sdk\10.0.103\Sdks\Microsoft.NET.Sdk\targets\Microsoft.NET.Sdk.FrameworkReferenceResolution.targets(14,5): message :       
       C:\Program Files\dotnet\sdk\10.0.103\Sdks\Microsoft.NET.Sdk\targets\Microsoft.NET.Sdk.FrameworkReferenceResolution.targets(14,5): message :       ResolveProjectReferences;
       C:\Program Files\dotnet\sdk\10.0.103\Sdks\Microsoft.NET.Sdk\targets\Microsoft.NET.Sdk.FrameworkReferenceResolution.targets(14,5): message :       FindInvalidProjectReferences;
       C:\Program Files\dotnet\sdk\10.0.103\Sdks\Microsoft.NET.Sdk\targets\Microsoft.NET.Sdk.FrameworkReferenceResolution.targets(14,5): message :       GetFrameworkPaths;
       C:\Program Files\dotnet\sdk\10.0.103\Sdks\Microsoft.NET.Sdk\targets\Microsoft.NET.Sdk.FrameworkReferenceResolution.targets(14,5): message :       GetReferenceAssemblyPaths;
       C:\Program Files\dotnet\sdk\10.0.103\Sdks\Microsoft.NET.Sdk\targets\Microsoft.NET.Sdk.FrameworkReferenceResolution.targets(14,5): message :       PrepareForBuild;
       C:\Program Files\dotnet\sdk\10.0.103\Sdks\Microsoft.NET.Sdk\targets\Microsoft.NET.Sdk.FrameworkReferenceResolution.targets(14,5): message :       ResolveSDKReferences;
       C:\Program Files\dotnet\sdk\10.0.103\Sdks\Microsoft.NET.Sdk\targets\Microsoft.NET.Sdk.FrameworkReferenceResolution.targets(14,5): message :       ExpandSDKReferences;
       C:\Program Files\dotnet\sdk\10.0.103\Sdks\Microsoft.NET.Sdk\targets\Microsoft.NET.Sdk.FrameworkReferenceResolution.targets(14,5): message :     ;
       C:\Program Files\dotnet\sdk\10.0.103\Sdks\Microsoft.NET.Sdk\targets\Microsoft.NET.Sdk.FrameworkReferenceResolution.targets(14,5): message :       ResolvePackageDependenciesForBuild;
       C:\Program Files\dotnet\sdk\10.0.103\Sdks\Microsoft.NET.Sdk\targets\Microsoft.NET.Sdk.FrameworkReferenceResolution.targets(14,5): message :       _HandlePackageFileConflicts;
       C:\Program Files\dotnet\sdk\10.0.103\Sdks\Microsoft.NET.Sdk\targets\Microsoft.NET.Sdk.FrameworkReferenceResolution.targets(14,5): message :     ;
       C:\Program Files\dotnet\sdk\10.0.103\Sdks\Microsoft.NET.Sdk\targets\Microsoft.NET.Sdk.FrameworkReferenceResolution.targets(14,5): message :       ResolveTargetingPackAssets;
       C:\Program Files\dotnet\sdk\10.0.103\Sdks\Microsoft.NET.Sdk\targets\Microsoft.NET.Sdk.FrameworkReferenceResolution.targets(14,5): message :     " (valor anterior: "
       C:\Program Files\dotnet\sdk\10.0.103\Sdks\Microsoft.NET.Sdk\targets\Microsoft.NET.Sdk.FrameworkReferenceResolution.targets(14,5): message :       
       C:\Program Files\dotnet\sdk\10.0.103\Sdks\Microsoft.NET.Sdk\targets\Microsoft.NET.Sdk.FrameworkReferenceResolution.targets(14,5): message :       ResolveProjectReferences;
       C:\Program Files\dotnet\sdk\10.0.103\Sdks\Microsoft.NET.Sdk\targets\Microsoft.NET.Sdk.FrameworkReferenceResolution.targets(14,5): message :       FindInvalidProjectReferences;
       C:\Program Files\dotnet\sdk\10.0.103\Sdks\Microsoft.NET.Sdk\targets\Microsoft.NET.Sdk.FrameworkReferenceResolution.targets(14,5): message :       GetFrameworkPaths;
       C:\Program Files\dotnet\sdk\10.0.103\Sdks\Microsoft.NET.Sdk\targets\Microsoft.NET.Sdk.FrameworkReferenceResolution.targets(14,5): message :       GetReferenceAssemblyPaths;
       C:\Program Files\dotnet\sdk\10.0.103\Sdks\Microsoft.NET.Sdk\targets\Microsoft.NET.Sdk.FrameworkReferenceResolution.targets(14,5): message :       PrepareForBuild;
       C:\Program Files\dotnet\sdk\10.0.103\Sdks\Microsoft.NET.Sdk\targets\Microsoft.NET.Sdk.FrameworkReferenceResolution.targets(14,5): message :       ResolveSDKReferences;
       C:\Program Files\dotnet\sdk\10.0.103\Sdks\Microsoft.NET.Sdk\targets\Microsoft.NET.Sdk.FrameworkReferenceResolution.targets(14,5): message :       ExpandSDKReferences;
       C:\Program Files\dotnet\sdk\10.0.103\Sdks\Microsoft.NET.Sdk\targets\Microsoft.NET.Sdk.FrameworkReferenceResolution.targets(14,5): message :     ;
       C:\Program Files\dotnet\sdk\10.0.103\Sdks\Microsoft.NET.Sdk\targets\Microsoft.NET.Sdk.FrameworkReferenceResolution.targets(14,5): message :       ResolvePackageDependenciesForBuild;
       C:\Program Files\dotnet\sdk\10.0.103\Sdks\Microsoft.NET.Sdk\targets\Microsoft.NET.Sdk.FrameworkReferenceResolution.targets(14,5): message :       _HandlePackageFileConflicts;
       C:\Program Files\dotnet\sdk\10.0.103\Sdks\Microsoft.NET.Sdk\targets\Microsoft.NET.Sdk.FrameworkReferenceResolution.targets(14,5): message :     ") en C:\Program Files\dotnet\sdk\10.0.103\Sdks\Microsoft.NET.Sdk\targets\Microsoft.NET.Sdk.FrameworkReferenceResolution.targets (14,5)
       C:\Program Files\dotnet\sdk\10.0.103\Sdks\Microsoft.NET.Sdk\targets\Microsoft.NET.Sdk.targets(44,5): message : Reasignación de propiedad: $(_GenerateRuntimeConfigurationPropertyInputsCache)="e:\Documentos\Proyectos\Spherikal\Spherical\src\Spherical\obj\Debug\net10.0\Spherical.genruntimeconfig.cache" (valor anterior: "obj\Debug\net10.0\Spherical.genruntimeconfig.cache") en C:\Program Files\dotnet\sdk\10.0.103\Sdks\Microsoft.NET.Sdk\targets\Microsoft.NET.Sdk.targets (44,5)
       C:\Program Files\dotnet\sdk\10.0.103\Sdks\Microsoft.NET.Sdk\targets\Microsoft.NET.Sdk.targets(46,5): message : Reasignación de propiedad: $(_GeneratePublishDependencyFilePropertyInputsCache)="e:\Documentos\Proyectos\Spherikal\Spherical\src\Spherical\obj\Debug\net10.0\Spherical.genpublishdeps.cache" (valor anterior: "obj\Debug\net10.0\Spherical.genpublishdeps.cache") en C:\Program Files\dotnet\sdk\10.0.103\Sdks\Microsoft.NET.Sdk\targets\Microsoft.NET.Sdk.targets (46,5)
       C:\Program Files\dotnet\sdk\10.0.103\Sdks\Microsoft.NET.Sdk\targets\Microsoft.NET.Sdk.targets(48,5): message : Reasignación de propiedad: $(_GenerateSingleFileBundlePropertyInputsCache)="e:\Documentos\Proyectos\Spherikal\Spherical\src\Spherical\obj\Debug\net10.0\Spherical.genbundle.cache" (valor anterior: "obj\Debug\net10.0\Spherical.genbundle.cache") en C:\Program Files\dotnet\sdk\10.0.103\Sdks\Microsoft.NET.Sdk\targets\Microsoft.NET.Sdk.targets (48,5)
       C:\Program Files\dotnet\sdk\10.0.103\Sdks\Microsoft.NET.Sdk\targets\Microsoft.NET.Sdk.targets(81,5): message : Reasignación de propiedad: $(GenerateRuntimeConfigDevFile)="false" (valor anterior: "true") en C:\Program Files\dotnet\sdk\10.0.103\Sdks\Microsoft.NET.Sdk\targets\Microsoft.NET.Sdk.targets (81,5)
       C:\Program Files\dotnet\sdk\10.0.103\Sdks\Microsoft.NET.Sdk\targets\Microsoft.NET.Sdk.targets(97,5): message : Propiedad "HOME" con el valor "D:\Usuarios\german.alvarez" expandido desde el entorno.
       C:\Program Files\dotnet\sdk\10.0.103\Sdks\Microsoft.NET.Sdk\targets\Microsoft.NET.Sdk.targets(99,5): message : Reasignación de propiedad: $(_DefaultUserProfileRuntimeStorePath)="D:\Usuarios\german.alvarez\.dotnet\store" (valor anterior: "D:\Usuarios\german.alvarez") en C:\Program Files\dotnet\sdk\10.0.103\Sdks\Microsoft.NET.Sdk\targets\Microsoft.NET.Sdk.targets (99,5)
       C:\Program Files\dotnet\sdk\10.0.103\Sdks\Microsoft.NET.Sdk\targets\Microsoft.NET.Sdk.targets(144,5): message : Reasignación de propiedad: $(AvailablePlatforms)="Any CPU,x86,x64,ARM32" (valor anterior: "Any CPU,x86,x64") en C:\Program Files\dotnet\sdk\10.0.103\Sdks\Microsoft.NET.Sdk\targets\Microsoft.NET.Sdk.targets (144,5)
       C:\Program Files\dotnet\sdk\10.0.103\Sdks\Microsoft.NET.Sdk\targets\Microsoft.NET.Sdk.targets(148,5): message : Reasignación de propiedad: $(AvailablePlatforms)="Any CPU,x86,x64,ARM32,ARM64" (valor anterior: "Any CPU,x86,x64,ARM32") en C:\Program Files\dotnet\sdk\10.0.103\Sdks\Microsoft.NET.Sdk\targets\Microsoft.NET.Sdk.targets (148,5)
       C:\Program Files\dotnet\sdk\10.0.103\Sdks\Microsoft.NET.Sdk\targets\Microsoft.NET.Sdk.targets(204,5): message : Reasignación de propiedad: $(CoreBuildDependsOn)="
       C:\Program Files\dotnet\sdk\10.0.103\Sdks\Microsoft.NET.Sdk\targets\Microsoft.NET.Sdk.targets(204,5): message :       _CheckForBuildWithNoBuild;
       C:\Program Files\dotnet\sdk\10.0.103\Sdks\Microsoft.NET.Sdk\targets\Microsoft.NET.Sdk.targets(204,5): message :       
       C:\Program Files\dotnet\sdk\10.0.103\Sdks\Microsoft.NET.Sdk\targets\Microsoft.NET.Sdk.targets(204,5): message :       BuildOnlySettings;
       C:\Program Files\dotnet\sdk\10.0.103\Sdks\Microsoft.NET.Sdk\targets\Microsoft.NET.Sdk.targets(204,5): message :       PrepareForBuild;
       C:\Program Files\dotnet\sdk\10.0.103\Sdks\Microsoft.NET.Sdk\targets\Microsoft.NET.Sdk.targets(204,5): message :       PreBuildEvent;
       C:\Program Files\dotnet\sdk\10.0.103\Sdks\Microsoft.NET.Sdk\targets\Microsoft.NET.Sdk.targets(204,5): message :       ResolveReferences;
       C:\Program Files\dotnet\sdk\10.0.103\Sdks\Microsoft.NET.Sdk\targets\Microsoft.NET.Sdk.targets(204,5): message :       PrepareResources;
       C:\Program Files\dotnet\sdk\10.0.103\Sdks\Microsoft.NET.Sdk\targets\Microsoft.NET.Sdk.targets(204,5): message :       ResolveKeySource;
       C:\Program Files\dotnet\sdk\10.0.103\Sdks\Microsoft.NET.Sdk\targets\Microsoft.NET.Sdk.targets(204,5): message :       Compile;
       C:\Program Files\dotnet\sdk\10.0.103\Sdks\Microsoft.NET.Sdk\targets\Microsoft.NET.Sdk.targets(204,5): message :       ExportWindowsMDFile;
       C:\Program Files\dotnet\sdk\10.0.103\Sdks\Microsoft.NET.Sdk\targets\Microsoft.NET.Sdk.targets(204,5): message :       UnmanagedUnregistration;
       C:\Program Files\dotnet\sdk\10.0.103\Sdks\Microsoft.NET.Sdk\targets\Microsoft.NET.Sdk.targets(204,5): message :       GenerateSerializationAssemblies;
       C:\Program Files\dotnet\sdk\10.0.103\Sdks\Microsoft.NET.Sdk\targets\Microsoft.NET.Sdk.targets(204,5): message :       CreateSatelliteAssemblies;
       C:\Program Files\dotnet\sdk\10.0.103\Sdks\Microsoft.NET.Sdk\targets\Microsoft.NET.Sdk.targets(204,5): message :       GenerateManifests;
       C:\Program Files\dotnet\sdk\10.0.103\Sdks\Microsoft.NET.Sdk\targets\Microsoft.NET.Sdk.targets(204,5): message :       GetTargetPath;
       C:\Program Files\dotnet\sdk\10.0.103\Sdks\Microsoft.NET.Sdk\targets\Microsoft.NET.Sdk.targets(204,5): message :       PrepareForRun;
       C:\Program Files\dotnet\sdk\10.0.103\Sdks\Microsoft.NET.Sdk\targets\Microsoft.NET.Sdk.targets(204,5): message :       UnmanagedRegistration;
       C:\Program Files\dotnet\sdk\10.0.103\Sdks\Microsoft.NET.Sdk\targets\Microsoft.NET.Sdk.targets(204,5): message :       IncrementalClean;
       C:\Program Files\dotnet\sdk\10.0.103\Sdks\Microsoft.NET.Sdk\targets\Microsoft.NET.Sdk.targets(204,5): message :       PostBuildEvent
       C:\Program Files\dotnet\sdk\10.0.103\Sdks\Microsoft.NET.Sdk\targets\Microsoft.NET.Sdk.targets(204,5): message :     ;
       C:\Program Files\dotnet\sdk\10.0.103\Sdks\Microsoft.NET.Sdk\targets\Microsoft.NET.Sdk.targets(204,5): message :       GenerateBuildDependencyFile;
       C:\Program Files\dotnet\sdk\10.0.103\Sdks\Microsoft.NET.Sdk\targets\Microsoft.NET.Sdk.targets(204,5): message :       GenerateBuildRuntimeConfigurationFiles
       C:\Program Files\dotnet\sdk\10.0.103\Sdks\Microsoft.NET.Sdk\targets\Microsoft.NET.Sdk.targets(204,5): message :     " (valor anterior: "
       C:\Program Files\dotnet\sdk\10.0.103\Sdks\Microsoft.NET.Sdk\targets\Microsoft.NET.Sdk.targets(204,5): message :       BuildOnlySettings;
       C:\Program Files\dotnet\sdk\10.0.103\Sdks\Microsoft.NET.Sdk\targets\Microsoft.NET.Sdk.targets(204,5): message :       PrepareForBuild;
       C:\Program Files\dotnet\sdk\10.0.103\Sdks\Microsoft.NET.Sdk\targets\Microsoft.NET.Sdk.targets(204,5): message :       PreBuildEvent;
       C:\Program Files\dotnet\sdk\10.0.103\Sdks\Microsoft.NET.Sdk\targets\Microsoft.NET.Sdk.targets(204,5): message :       ResolveReferences;
       C:\Program Files\dotnet\sdk\10.0.103\Sdks\Microsoft.NET.Sdk\targets\Microsoft.NET.Sdk.targets(204,5): message :       PrepareResources;
       C:\Program Files\dotnet\sdk\10.0.103\Sdks\Microsoft.NET.Sdk\targets\Microsoft.NET.Sdk.targets(204,5): message :       ResolveKeySource;
       C:\Program Files\dotnet\sdk\10.0.103\Sdks\Microsoft.NET.Sdk\targets\Microsoft.NET.Sdk.targets(204,5): message :       Compile;
       C:\Program Files\dotnet\sdk\10.0.103\Sdks\Microsoft.NET.Sdk\targets\Microsoft.NET.Sdk.targets(204,5): message :       ExportWindowsMDFile;
       C:\Program Files\dotnet\sdk\10.0.103\Sdks\Microsoft.NET.Sdk\targets\Microsoft.NET.Sdk.targets(204,5): message :       UnmanagedUnregistration;
       C:\Program Files\dotnet\sdk\10.0.103\Sdks\Microsoft.NET.Sdk\targets\Microsoft.NET.Sdk.targets(204,5): message :       GenerateSerializationAssemblies;
       C:\Program Files\dotnet\sdk\10.0.103\Sdks\Microsoft.NET.Sdk\targets\Microsoft.NET.Sdk.targets(204,5): message :       CreateSatelliteAssemblies;
       C:\Program Files\dotnet\sdk\10.0.103\Sdks\Microsoft.NET.Sdk\targets\Microsoft.NET.Sdk.targets(204,5): message :       GenerateManifests;
       C:\Program Files\dotnet\sdk\10.0.103\Sdks\Microsoft.NET.Sdk\targets\Microsoft.NET.Sdk.targets(204,5): message :       GetTargetPath;
       C:\Program Files\dotnet\sdk\10.0.103\Sdks\Microsoft.NET.Sdk\targets\Microsoft.NET.Sdk.targets(204,5): message :       PrepareForRun;
       C:\Program Files\dotnet\sdk\10.0.103\Sdks\Microsoft.NET.Sdk\targets\Microsoft.NET.Sdk.targets(204,5): message :       UnmanagedRegistration;
       C:\Program Files\dotnet\sdk\10.0.103\Sdks\Microsoft.NET.Sdk\targets\Microsoft.NET.Sdk.targets(204,5): message :       IncrementalClean;
       C:\Program Files\dotnet\sdk\10.0.103\Sdks\Microsoft.NET.Sdk\targets\Microsoft.NET.Sdk.targets(204,5): message :       PostBuildEvent
       C:\Program Files\dotnet\sdk\10.0.103\Sdks\Microsoft.NET.Sdk\targets\Microsoft.NET.Sdk.targets(204,5): message :     ") en C:\Program Files\dotnet\sdk\10.0.103\Sdks\Microsoft.NET.Sdk\targets\Microsoft.NET.Sdk.targets (204,5)
       C:\Program Files\dotnet\sdk\10.0.103\Sdks\Microsoft.NET.Sdk\targets\Microsoft.NET.Sdk.targets(213,5): message : Reasignación de propiedad: $(CoreCleanDependsOn)="
       C:\Program Files\dotnet\sdk\10.0.103\Sdks\Microsoft.NET.Sdk\targets\Microsoft.NET.Sdk.targets(213,5): message :       _SdkBeforeClean;
       C:\Program Files\dotnet\sdk\10.0.103\Sdks\Microsoft.NET.Sdk\targets\Microsoft.NET.Sdk.targets(213,5): message :       
       C:\Program Files\dotnet\sdk\10.0.103\Sdks\Microsoft.NET.Sdk\targets\Microsoft.NET.Sdk.targets(213,5): message :     " (valor anterior: "") en C:\Program Files\dotnet\sdk\10.0.103\Sdks\Microsoft.NET.Sdk\targets\Microsoft.NET.Sdk.targets (213,5)
       C:\Program Files\dotnet\sdk\10.0.103\Sdks\Microsoft.NET.Sdk\targets\Microsoft.NET.Sdk.targets(220,5): message : Reasignación de propiedad: $(RebuildDependsOn)="
       C:\Program Files\dotnet\sdk\10.0.103\Sdks\Microsoft.NET.Sdk\targets\Microsoft.NET.Sdk.targets(220,5): message :       _SdkBeforeRebuild;
       C:\Program Files\dotnet\sdk\10.0.103\Sdks\Microsoft.NET.Sdk\targets\Microsoft.NET.Sdk.targets(220,5): message :       
       C:\Program Files\dotnet\sdk\10.0.103\Sdks\Microsoft.NET.Sdk\targets\Microsoft.NET.Sdk.targets(220,5): message :       BeforeRebuild;
       C:\Program Files\dotnet\sdk\10.0.103\Sdks\Microsoft.NET.Sdk\targets\Microsoft.NET.Sdk.targets(220,5): message :       Clean;
       C:\Program Files\dotnet\sdk\10.0.103\Sdks\Microsoft.NET.Sdk\targets\Microsoft.NET.Sdk.targets(220,5): message :       Build;
       C:\Program Files\dotnet\sdk\10.0.103\Sdks\Microsoft.NET.Sdk\targets\Microsoft.NET.Sdk.targets(220,5): message :       AfterRebuild;
       C:\Program Files\dotnet\sdk\10.0.103\Sdks\Microsoft.NET.Sdk\targets\Microsoft.NET.Sdk.targets(220,5): message :     
       C:\Program Files\dotnet\sdk\10.0.103\Sdks\Microsoft.NET.Sdk\targets\Microsoft.NET.Sdk.targets(220,5): message :     " (valor anterior: "
       C:\Program Files\dotnet\sdk\10.0.103\Sdks\Microsoft.NET.Sdk\targets\Microsoft.NET.Sdk.targets(220,5): message :       BeforeRebuild;
       C:\Program Files\dotnet\sdk\10.0.103\Sdks\Microsoft.NET.Sdk\targets\Microsoft.NET.Sdk.targets(220,5): message :       Clean;
       C:\Program Files\dotnet\sdk\10.0.103\Sdks\Microsoft.NET.Sdk\targets\Microsoft.NET.Sdk.targets(220,5): message :       Build;
       C:\Program Files\dotnet\sdk\10.0.103\Sdks\Microsoft.NET.Sdk\targets\Microsoft.NET.Sdk.targets(220,5): message :       AfterRebuild;
       C:\Program Files\dotnet\sdk\10.0.103\Sdks\Microsoft.NET.Sdk\targets\Microsoft.NET.Sdk.targets(220,5): message :     ") en C:\Program Files\dotnet\sdk\10.0.103\Sdks\Microsoft.NET.Sdk\targets\Microsoft.NET.Sdk.targets (220,5)
       C:\Program Files\dotnet\sdk\10.0.103\Sdks\Microsoft.NET.Sdk\targets\Microsoft.NET.Sdk.targets(799,5): message : Reasignación de propiedad: $(CompileDependsOn)="
       C:\Program Files\dotnet\sdk\10.0.103\Sdks\Microsoft.NET.Sdk\targets\Microsoft.NET.Sdk.targets(799,5): message :       
       C:\Program Files\dotnet\sdk\10.0.103\Sdks\Microsoft.NET.Sdk\targets\Microsoft.NET.Sdk.targets(799,5): message :       ResolveReferences;
       C:\Program Files\dotnet\sdk\10.0.103\Sdks\Microsoft.NET.Sdk\targets\Microsoft.NET.Sdk.targets(799,5): message :       ResolveKeySource;
       C:\Program Files\dotnet\sdk\10.0.103\Sdks\Microsoft.NET.Sdk\targets\Microsoft.NET.Sdk.targets(799,5): message :       SetWin32ManifestProperties;
       C:\Program Files\dotnet\sdk\10.0.103\Sdks\Microsoft.NET.Sdk\targets\Microsoft.NET.Sdk.targets(799,5): message :       _SetPreferNativeArm64Win32ManifestProperties;
       C:\Program Files\dotnet\sdk\10.0.103\Sdks\Microsoft.NET.Sdk\targets\Microsoft.NET.Sdk.targets(799,5): message :       FindReferenceAssembliesForReferences;
       C:\Program Files\dotnet\sdk\10.0.103\Sdks\Microsoft.NET.Sdk\targets\Microsoft.NET.Sdk.targets(799,5): message :       _GenerateCompileInputs;
       C:\Program Files\dotnet\sdk\10.0.103\Sdks\Microsoft.NET.Sdk\targets\Microsoft.NET.Sdk.targets(799,5): message :       BeforeCompile;
       C:\Program Files\dotnet\sdk\10.0.103\Sdks\Microsoft.NET.Sdk\targets\Microsoft.NET.Sdk.targets(799,5): message :       _TimeStampBeforeCompile;
       C:\Program Files\dotnet\sdk\10.0.103\Sdks\Microsoft.NET.Sdk\targets\Microsoft.NET.Sdk.targets(799,5): message :       _GenerateCompileDependencyCache;
       C:\Program Files\dotnet\sdk\10.0.103\Sdks\Microsoft.NET.Sdk\targets\Microsoft.NET.Sdk.targets(799,5): message :       CoreCompile;
       C:\Program Files\dotnet\sdk\10.0.103\Sdks\Microsoft.NET.Sdk\targets\Microsoft.NET.Sdk.targets(799,5): message :       _TimeStampAfterCompile;
       C:\Program Files\dotnet\sdk\10.0.103\Sdks\Microsoft.NET.Sdk\targets\Microsoft.NET.Sdk.targets(799,5): message :       AfterCompile;
       C:\Program Files\dotnet\sdk\10.0.103\Sdks\Microsoft.NET.Sdk\targets\Microsoft.NET.Sdk.targets(799,5): message :     ;
       C:\Program Files\dotnet\sdk\10.0.103\Sdks\Microsoft.NET.Sdk\targets\Microsoft.NET.Sdk.targets(799,5): message :       _CreateAppHost;
       C:\Program Files\dotnet\sdk\10.0.103\Sdks\Microsoft.NET.Sdk\targets\Microsoft.NET.Sdk.targets(799,5): message :       _CreateComHost;
       C:\Program Files\dotnet\sdk\10.0.103\Sdks\Microsoft.NET.Sdk\targets\Microsoft.NET.Sdk.targets(799,5): message :       _GetIjwHostPaths;
       C:\Program Files\dotnet\sdk\10.0.103\Sdks\Microsoft.NET.Sdk\targets\Microsoft.NET.Sdk.targets(799,5): message :     " (valor anterior: "
       C:\Program Files\dotnet\sdk\10.0.103\Sdks\Microsoft.NET.Sdk\targets\Microsoft.NET.Sdk.targets(799,5): message :       ResolveReferences;
       C:\Program Files\dotnet\sdk\10.0.103\Sdks\Microsoft.NET.Sdk\targets\Microsoft.NET.Sdk.targets(799,5): message :       ResolveKeySource;
       C:\Program Files\dotnet\sdk\10.0.103\Sdks\Microsoft.NET.Sdk\targets\Microsoft.NET.Sdk.targets(799,5): message :       SetWin32ManifestProperties;
       C:\Program Files\dotnet\sdk\10.0.103\Sdks\Microsoft.NET.Sdk\targets\Microsoft.NET.Sdk.targets(799,5): message :       _SetPreferNativeArm64Win32ManifestProperties;
       C:\Program Files\dotnet\sdk\10.0.103\Sdks\Microsoft.NET.Sdk\targets\Microsoft.NET.Sdk.targets(799,5): message :       FindReferenceAssembliesForReferences;
       C:\Program Files\dotnet\sdk\10.0.103\Sdks\Microsoft.NET.Sdk\targets\Microsoft.NET.Sdk.targets(799,5): message :       _GenerateCompileInputs;
       C:\Program Files\dotnet\sdk\10.0.103\Sdks\Microsoft.NET.Sdk\targets\Microsoft.NET.Sdk.targets(799,5): message :       BeforeCompile;
       C:\Program Files\dotnet\sdk\10.0.103\Sdks\Microsoft.NET.Sdk\targets\Microsoft.NET.Sdk.targets(799,5): message :       _TimeStampBeforeCompile;
       C:\Program Files\dotnet\sdk\10.0.103\Sdks\Microsoft.NET.Sdk\targets\Microsoft.NET.Sdk.targets(799,5): message :       _GenerateCompileDependencyCache;
       C:\Program Files\dotnet\sdk\10.0.103\Sdks\Microsoft.NET.Sdk\targets\Microsoft.NET.Sdk.targets(799,5): message :       CoreCompile;
       C:\Program Files\dotnet\sdk\10.0.103\Sdks\Microsoft.NET.Sdk\targets\Microsoft.NET.Sdk.targets(799,5): message :       _TimeStampAfterCompile;
       C:\Program Files\dotnet\sdk\10.0.103\Sdks\Microsoft.NET.Sdk\targets\Microsoft.NET.Sdk.targets(799,5): message :       AfterCompile;
       C:\Program Files\dotnet\sdk\10.0.103\Sdks\Microsoft.NET.Sdk\targets\Microsoft.NET.Sdk.targets(799,5): message :     ") en C:\Program Files\dotnet\sdk\10.0.103\Sdks\Microsoft.NET.Sdk\targets\Microsoft.NET.Sdk.targets (799,5)
       C:\Program Files\dotnet\sdk\10.0.103\Sdks\Microsoft.NET.Sdk\targets\Microsoft.NET.Sdk.targets(1131,5): message : Reasignación de propiedad: $(CreateSatelliteAssembliesDependsOn)="
       C:\Program Files\dotnet\sdk\10.0.103\Sdks\Microsoft.NET.Sdk\targets\Microsoft.NET.Sdk.targets(1131,5): message :       
       C:\Program Files\dotnet\sdk\10.0.103\Sdks\Microsoft.NET.Sdk\targets\Microsoft.NET.Sdk.targets(1131,5): message :       ;
       C:\Program Files\dotnet\sdk\10.0.103\Sdks\Microsoft.NET.Sdk\targets\Microsoft.NET.Sdk.targets(1131,5): message :       _GenerateSatelliteAssemblyInputs;
       C:\Program Files\dotnet\sdk\10.0.103\Sdks\Microsoft.NET.Sdk\targets\Microsoft.NET.Sdk.targets(1131,5): message :       ComputeIntermediateSatelliteAssemblies;
       C:\Program Files\dotnet\sdk\10.0.103\Sdks\Microsoft.NET.Sdk\targets\Microsoft.NET.Sdk.targets(1131,5): message :       GenerateSatelliteAssemblies
       C:\Program Files\dotnet\sdk\10.0.103\Sdks\Microsoft.NET.Sdk\targets\Microsoft.NET.Sdk.targets(1131,5): message :     ;
       C:\Program Files\dotnet\sdk\10.0.103\Sdks\Microsoft.NET.Sdk\targets\Microsoft.NET.Sdk.targets(1131,5): message :       CoreGenerateSatelliteAssemblies
       C:\Program Files\dotnet\sdk\10.0.103\Sdks\Microsoft.NET.Sdk\targets\Microsoft.NET.Sdk.targets(1131,5): message :     " (valor anterior: "
       C:\Program Files\dotnet\sdk\10.0.103\Sdks\Microsoft.NET.Sdk\targets\Microsoft.NET.Sdk.targets(1131,5): message :       ;
       C:\Program Files\dotnet\sdk\10.0.103\Sdks\Microsoft.NET.Sdk\targets\Microsoft.NET.Sdk.targets(1131,5): message :       _GenerateSatelliteAssemblyInputs;
       C:\Program Files\dotnet\sdk\10.0.103\Sdks\Microsoft.NET.Sdk\targets\Microsoft.NET.Sdk.targets(1131,5): message :       ComputeIntermediateSatelliteAssemblies;
       C:\Program Files\dotnet\sdk\10.0.103\Sdks\Microsoft.NET.Sdk\targets\Microsoft.NET.Sdk.targets(1131,5): message :       GenerateSatelliteAssemblies
       C:\Program Files\dotnet\sdk\10.0.103\Sdks\Microsoft.NET.Sdk\targets\Microsoft.NET.Sdk.targets(1131,5): message :     ") en C:\Program Files\dotnet\sdk\10.0.103\Sdks\Microsoft.NET.Sdk\targets\Microsoft.NET.Sdk.targets (1131,5)
       C:\Program Files\dotnet\sdk\10.0.103\Sdks\Microsoft.SourceLink.GitLab\build\Microsoft.SourceLink.GitLab.targets(12,5): message : Reasignación de propiedad: $(SourceLinkUrlInitializerTargets)=";_InitializeGitHubSourceLinkUrl;_InitializeGitLabSourceLinkUrl" (valor anterior: ";_InitializeGitHubSourceLinkUrl") en C:\Program Files\dotnet\sdk\10.0.103\Sdks\Microsoft.SourceLink.GitLab\build\Microsoft.SourceLink.GitLab.targets (12,5)
       C:\Program Files\dotnet\sdk\10.0.103\Sdks\Microsoft.SourceLink.GitLab\build\Microsoft.SourceLink.GitLab.targets(13,5): message : Reasignación de propiedad: $(SourceControlManagerUrlTranslationTargets)=";TranslateGitHubUrlsInSourceControlInformation;TranslateGitLabUrlsInSourceControlInformation" (valor anterior: ";TranslateGitHubUrlsInSourceControlInformation") en C:\Program Files\dotnet\sdk\10.0.103\Sdks\Microsoft.SourceLink.GitLab\build\Microsoft.SourceLink.GitLab.targets (13,5)
       C:\Program Files\dotnet\sdk\10.0.103\Sdks\Microsoft.SourceLink.AzureRepos.Git\build\Microsoft.SourceLink.AzureRepos.Git.targets(12,5): message : Reasignación de propiedad: $(SourceLinkUrlInitializerTargets)=";_InitializeGitHubSourceLinkUrl;_InitializeGitLabSourceLinkUrl;_InitializeAzureReposGitSourceLinkUrl" (valor anterior: ";_InitializeGitHubSourceLinkUrl;_InitializeGitLabSourceLinkUrl") en C:\Program Files\dotnet\sdk\10.0.103\Sdks\Microsoft.SourceLink.AzureRepos.Git\build\Microsoft.SourceLink.AzureRepos.Git.targets (12,5)
       C:\Program Files\dotnet\sdk\10.0.103\Sdks\Microsoft.SourceLink.AzureRepos.Git\build\Microsoft.SourceLink.AzureRepos.Git.targets(13,5): message : Reasignación de propiedad: $(SourceControlManagerUrlTranslationTargets)=";TranslateGitHubUrlsInSourceControlInformation;TranslateGitLabUrlsInSourceControlInformation;TranslateAzureReposGitUrlsInSourceControlInformation" (valor anterior: ";TranslateGitHubUrlsInSourceControlInformation;TranslateGitLabUrlsInSourceControlInformation") en C:\Program Files\dotnet\sdk\10.0.103\Sdks\Microsoft.SourceLink.AzureRepos.Git\build\Microsoft.SourceLink.AzureRepos.Git.targets (13,5)
       C:\Program Files\dotnet\sdk\10.0.103\Sdks\Microsoft.SourceLink.Bitbucket.Git\build\Microsoft.SourceLink.Bitbucket.Git.targets(12,5): message : Reasignación de propiedad: $(SourceLinkUrlInitializerTargets)=";_InitializeGitHubSourceLinkUrl;_InitializeGitLabSourceLinkUrl;_InitializeAzureReposGitSourceLinkUrl;_InitializeBitbucketGitSourceLinkUrl" (valor anterior: ";_InitializeGitHubSourceLinkUrl;_InitializeGitLabSourceLinkUrl;_InitializeAzureReposGitSourceLinkUrl") en C:\Program Files\dotnet\sdk\10.0.103\Sdks\Microsoft.SourceLink.Bitbucket.Git\build\Microsoft.SourceLink.Bitbucket.Git.targets (12,5)
       C:\Program Files\dotnet\sdk\10.0.103\Sdks\Microsoft.SourceLink.Bitbucket.Git\build\Microsoft.SourceLink.Bitbucket.Git.targets(13,5): message : Reasignación de propiedad: $(SourceControlManagerUrlTranslationTargets)=";TranslateGitHubUrlsInSourceControlInformation;TranslateGitLabUrlsInSourceControlInformation;TranslateAzureReposGitUrlsInSourceControlInformation;TranslateBitbucketGitUrlsInSourceControlInformation" (valor anterior: ";TranslateGitHubUrlsInSourceControlInformation;TranslateGitLabUrlsInSourceControlInformation;TranslateAzureReposGitUrlsInSourceControlInformation") en C:\Program Files\dotnet\sdk\10.0.103\Sdks\Microsoft.SourceLink.Bitbucket.Git\build\Microsoft.SourceLink.Bitbucket.Git.targets (13,5)
       C:\Program Files\dotnet\sdk\10.0.103\Sdks\Microsoft.NET.Sdk\targets\Microsoft.NET.DesignerSupport.targets(21,5): message : Reasignación de propiedad: $(DesignerRuntimeImplementationProjectOutputGroupDependsOn)="
       C:\Program Files\dotnet\sdk\10.0.103\Sdks\Microsoft.NET.Sdk\targets\Microsoft.NET.DesignerSupport.targets(21,5): message :       
       C:\Program Files\dotnet\sdk\10.0.103\Sdks\Microsoft.NET.Sdk\targets\Microsoft.NET.DesignerSupport.targets(21,5): message :       ;
       C:\Program Files\dotnet\sdk\10.0.103\Sdks\Microsoft.NET.Sdk\targets\Microsoft.NET.DesignerSupport.targets(21,5): message :       
       C:\Program Files\dotnet\sdk\10.0.103\Sdks\Microsoft.NET.Sdk\targets\Microsoft.NET.DesignerSupport.targets(21,5): message :       ;
       C:\Program Files\dotnet\sdk\10.0.103\Sdks\Microsoft.NET.Sdk\targets\Microsoft.NET.DesignerSupport.targets(21,5): message :       BuildOnlySettings;
       C:\Program Files\dotnet\sdk\10.0.103\Sdks\Microsoft.NET.Sdk\targets\Microsoft.NET.DesignerSupport.targets(21,5): message :       PrepareForBuild;
       C:\Program Files\dotnet\sdk\10.0.103\Sdks\Microsoft.NET.Sdk\targets\Microsoft.NET.DesignerSupport.targets(21,5): message :       AssignTargetPaths;
       C:\Program Files\dotnet\sdk\10.0.103\Sdks\Microsoft.NET.Sdk\targets\Microsoft.NET.DesignerSupport.targets(21,5): message :       ResolveReferences
       C:\Program Files\dotnet\sdk\10.0.103\Sdks\Microsoft.NET.Sdk\targets\Microsoft.NET.DesignerSupport.targets(21,5): message :     
       C:\Program Files\dotnet\sdk\10.0.103\Sdks\Microsoft.NET.Sdk\targets\Microsoft.NET.DesignerSupport.targets(21,5): message :     ;
       C:\Program Files\dotnet\sdk\10.0.103\Sdks\Microsoft.NET.Sdk\targets\Microsoft.NET.DesignerSupport.targets(21,5): message :       _GenerateDesignerDepsFile;
       C:\Program Files\dotnet\sdk\10.0.103\Sdks\Microsoft.NET.Sdk\targets\Microsoft.NET.DesignerSupport.targets(21,5): message :       _GenerateDesignerRuntimeConfigFile;
       C:\Program Files\dotnet\sdk\10.0.103\Sdks\Microsoft.NET.Sdk\targets\Microsoft.NET.DesignerSupport.targets(21,5): message :       GetCopyToOutputDirectoryItems;
       C:\Program Files\dotnet\sdk\10.0.103\Sdks\Microsoft.NET.Sdk\targets\Microsoft.NET.DesignerSupport.targets(21,5): message :       _GatherDesignerShadowCopyFiles;
       C:\Program Files\dotnet\sdk\10.0.103\Sdks\Microsoft.NET.Sdk\targets\Microsoft.NET.DesignerSupport.targets(21,5): message :     " (valor anterior: "
       C:\Program Files\dotnet\sdk\10.0.103\Sdks\Microsoft.NET.Sdk\targets\Microsoft.NET.DesignerSupport.targets(21,5): message :       ;
       C:\Program Files\dotnet\sdk\10.0.103\Sdks\Microsoft.NET.Sdk\targets\Microsoft.NET.DesignerSupport.targets(21,5): message :       
       C:\Program Files\dotnet\sdk\10.0.103\Sdks\Microsoft.NET.Sdk\targets\Microsoft.NET.DesignerSupport.targets(21,5): message :       ;
       C:\Program Files\dotnet\sdk\10.0.103\Sdks\Microsoft.NET.Sdk\targets\Microsoft.NET.DesignerSupport.targets(21,5): message :       BuildOnlySettings;
       C:\Program Files\dotnet\sdk\10.0.103\Sdks\Microsoft.NET.Sdk\targets\Microsoft.NET.DesignerSupport.targets(21,5): message :       PrepareForBuild;
       C:\Program Files\dotnet\sdk\10.0.103\Sdks\Microsoft.NET.Sdk\targets\Microsoft.NET.DesignerSupport.targets(21,5): message :       AssignTargetPaths;
       C:\Program Files\dotnet\sdk\10.0.103\Sdks\Microsoft.NET.Sdk\targets\Microsoft.NET.DesignerSupport.targets(21,5): message :       ResolveReferences
       C:\Program Files\dotnet\sdk\10.0.103\Sdks\Microsoft.NET.Sdk\targets\Microsoft.NET.DesignerSupport.targets(21,5): message :     
       C:\Program Files\dotnet\sdk\10.0.103\Sdks\Microsoft.NET.Sdk\targets\Microsoft.NET.DesignerSupport.targets(21,5): message :     ") en C:\Program Files\dotnet\sdk\10.0.103\Sdks\Microsoft.NET.Sdk\targets\Microsoft.NET.DesignerSupport.targets (21,5)
       C:\Program Files\dotnet\sdk\10.0.103\Sdks\Microsoft.NET.Sdk\targets\Microsoft.NET.Sdk.CSharp.targets(31,5): message : Reasignación de propiedad: $(DefineConstants)="TRACE;DEBUG" (valor anterior: "TRACE") en C:\Program Files\dotnet\sdk\10.0.103\Sdks\Microsoft.NET.Sdk\targets\Microsoft.NET.Sdk.CSharp.targets (31,5)
       C:\Program Files\dotnet\sdk\10.0.103\Sdks\Microsoft.NET.Sdk\targets\Microsoft.NET.Sdk.CSharp.targets(45,5): message : Reasignación de propiedad: $(WarningsAsErrors)=";NU1605;SYSLIB0011" (valor anterior: ";NU1605") en C:\Program Files\dotnet\sdk\10.0.103\Sdks\Microsoft.NET.Sdk\targets\Microsoft.NET.Sdk.CSharp.targets (45,5)
       C:\Program Files\dotnet\sdk\10.0.103\Sdks\Microsoft.NET.Sdk\analyzers\build\Microsoft.CodeAnalysis.NetAnalyzers.props(21,5): message : Reasignación de propiedad: $(CodeAnalysisRuleIds)="CA1000;CA1001;CA1002;CA1003;CA1005;CA1008;CA1010;CA1012;CA1014;CA1016;CA1017;CA1018;CA1019;CA1021;CA1024;CA1027;CA1028;CA1030;CA1031;CA1032;CA1033;CA1034;CA1036;CA1040;CA1041;CA1043;CA1044;CA1045;CA1046;CA1047;CA1050;CA1051;CA1052;CA1054;CA1055;CA1056;CA1058;CA1060;CA1061;CA1062;CA1063;CA1064;CA1065;CA1066;CA1067;CA1068;CA1069;CA1070;CA1200;CA1303;CA1304;CA1305;CA1307;CA1308;CA1309;CA1310;CA1311;CA1401;CA1416;CA1417;CA1418;CA1419;CA1420;CA1421;CA1422;CA1501;CA1502;CA1505;CA1506;CA1507;CA1508;CA1509;CA1510;CA1511;CA1512;CA1513;CA1514;CA1515;CA1516;CA1700;CA1707;CA1708;CA1710;CA1711;CA1712;CA1713;CA1715;CA1716;CA1720;CA1721;CA1724;CA1725;CA1727;CA1802;CA1805;CA1806;CA1810;CA1812;CA1813;CA1814;CA1815;CA1816;CA1819;CA1820;CA1821;CA1822;CA1823;CA1824;CA1825;CA1826;CA1827;CA1828;CA1829;CA1830;CA1831;CA1832;CA1833;CA1834;CA1835;CA1836;CA1837;CA1838;CA1839;CA1840;CA1841;CA1842;CA1843;CA1844;CA1845;CA1846;CA1847;CA1848;CA1849;CA1850;CA1851;CA1852;CA1853;CA1854;CA1855;CA1856;CA1857;CA1858;CA1859;CA1860;CA1861;CA1862;CA1863;CA1864;CA1865;CA1866;CA1867;CA1868;CA1869;CA1870;CA1871;CA1872;CA1873;CA1874;CA1875;CA2000;CA2002;CA2007;CA2008;CA2009;CA2011;CA2012;CA2013;CA2014;CA2015;CA2016;CA2017;CA2018;CA2019;CA2020;CA2021;CA2022;CA2023;CA2024;CA2025;CA2100;CA2101;CA2119;CA2153;CA2200;CA2201;CA2207;CA2208;CA2211;CA2213;CA2214;CA2215;CA2216;CA2217;CA2218;CA2219;CA2224;CA2225;CA2226;CA2227;CA2231;CA2234;CA2235;CA2237;CA2241;CA2242;CA2243;CA2244;CA2245;CA2246;CA2247;CA2248;CA2249;CA2250;CA2251;CA2252;CA2253;CA2254;CA2255;CA2256;CA2257;CA2258;CA2259;CA2260;CA2261;CA2262;CA2263;CA2264;CA2265;CA2300;CA2301;CA2302;CA2305;CA2310;CA2311;CA2312;CA2315;CA2321;CA2322;CA2326;CA2327;CA2328;CA2329;CA2330;CA2350;CA2351;CA2352;CA2353;CA2354;CA2355;CA2356;CA2361;CA2362;CA3001;CA3002;CA3003;CA3004;CA3005;CA3006;CA3007;CA3008;CA3009;CA3010;CA3011;CA3012;CA3061;CA3075;CA3076;CA3077;CA3147;CA5350;CA5351;CA5358;CA5359;CA5360;CA5361;CA5362;CA5363;CA5364;CA5365;CA5366;CA5367;CA5368;CA5369;CA5370;CA5371;CA5372;CA5373;CA5374;CA5375;CA5376;CA5377;CA5378;CA5379;CA5380;CA5381;CA5382;CA5383;CA5384;CA5385;CA5386;CA5387;CA5388;CA5389;CA5390;CA5391;CA5392;CA5393;CA5394;CA5395;CA5396;CA5397;CA5398;CA5399;CA5400;CA5401;CA5402;CA5403;CA5404;CA5405" (valor anterior: "RS1001;RS1002;RS1003;RS1004;RS1005;RS1006;RS1007;RS1008;RS1009;RS1010;RS1011;RS1012;RS1013;RS1014;RS1015;RS1016;RS1017;RS1018;RS1019;RS1020;RS1021;RS1022;RS1023;RS1024;RS1025;RS1026;RS1027;RS1028;RS1029;RS1030;RS1031;RS1032;RS1033;RS1034;RS1035;RS1036;RS1037;RS1038;RS1039;RS1040;RS1041;RS1042;RS2000;RS2001;RS2002;RS2003;RS2004;RS2005;RS2006;RS2007;RS2008") en C:\Program Files\dotnet\sdk\10.0.103\Sdks\Microsoft.NET.Sdk\analyzers\build\Microsoft.CodeAnalysis.NetAnalyzers.props (21,5)
       C:\Program Files\dotnet\sdk\10.0.103\NuGet.Build.Tasks.Pack.targets(34,5): message : Reasignación de propiedad: $(PackageDescription)="Package Description" (valor anterior: "") en C:\Program Files\dotnet\sdk\10.0.103\NuGet.Build.Tasks.Pack.targets (34,5)
       C:\Program Files\dotnet\sdk\10.0.103\NuGet.Build.Tasks.Pack.targets(59,5): message : Reasignación de propiedad: $(GenerateNuspecDependsOn)="Build;_LoadPackInputItems; _GetTargetFrameworksOutput; _WalkEachTargetPerFramework; _GetPackageFiles; " (valor anterior: "_LoadPackInputItems; _GetTargetFrameworksOutput; _WalkEachTargetPerFramework; _GetPackageFiles; ") en C:\Program Files\dotnet\sdk\10.0.103\NuGet.Build.Tasks.Pack.targets (59,5)
       C:\Program Files\dotnet\sdk\10.0.103\Sdks\Microsoft.NET.Sdk\Sdk\Sdk.targets(59,5): message : Reasignación de propiedad: $(_IsNotSetContainersTargetsDir)="true" (valor anterior: "false") en C:\Program Files\dotnet\sdk\10.0.103\Sdks\Microsoft.NET.Sdk\Sdk\Sdk.targets (59,5)
       C:\Program Files\dotnet\sdk\10.0.103\Containers\build\Microsoft.NET.Build.Containers.targets(5,5): message : Reasignación de propiedad: $(_IsSDKContainerAllowedVersion)="true" (valor anterior: "false") en C:\Program Files\dotnet\sdk\10.0.103\Containers\build\Microsoft.NET.Build.Containers.targets (5,5)
       C:\Program Files\dotnet\sdk\10.0.103\Containers\build\Microsoft.NET.Build.Containers.targets(15,5): message : Reasignación de propiedad: $(_ContainerIsTargetingNet8TFM)="true" (valor anterior: "false") en C:\Program Files\dotnet\sdk\10.0.103\Containers\build\Microsoft.NET.Build.Containers.targets (15,5)
       C:\Program Files\dotnet\sdk\10.0.103\Sdks\Microsoft.NET.Sdk.StaticWebAssets\targets\Sdk.StaticWebAssets.CurrentVersion.targets(37,18): message : Propiedad "DOTNET_HOST_PATH" con el valor "C:\Program Files\dotnet\dotnet.exe" expandido desde el entorno.
       C:\Program Files\dotnet\sdk\10.0.103\Sdks\Microsoft.NET.Sdk.StaticWebAssets\targets\Microsoft.NET.Sdk.StaticWebAssets.targets(286,5): message : Reasignación de propiedad: $(PrepareForRunDependsOn)="StaticWebAssetsPrepareForRun;
       C:\Program Files\dotnet\sdk\10.0.103\Sdks\Microsoft.NET.Sdk.StaticWebAssets\targets\Microsoft.NET.Sdk.StaticWebAssets.targets(286,5): message :       CopyFilesToOutputDirectory
       C:\Program Files\dotnet\sdk\10.0.103\Sdks\Microsoft.NET.Sdk.StaticWebAssets\targets\Microsoft.NET.Sdk.StaticWebAssets.targets(286,5): message :     " (valor anterior: "
       C:\Program Files\dotnet\sdk\10.0.103\Sdks\Microsoft.NET.Sdk.StaticWebAssets\targets\Microsoft.NET.Sdk.StaticWebAssets.targets(286,5): message :       CopyFilesToOutputDirectory
       C:\Program Files\dotnet\sdk\10.0.103\Sdks\Microsoft.NET.Sdk.StaticWebAssets\targets\Microsoft.NET.Sdk.StaticWebAssets.targets(286,5): message :     ") en C:\Program Files\dotnet\sdk\10.0.103\Sdks\Microsoft.NET.Sdk.StaticWebAssets\targets\Microsoft.NET.Sdk.StaticWebAssets.targets (286,5)
       C:\Program Files\dotnet\sdk\10.0.103\Sdks\Microsoft.NET.Sdk.StaticWebAssets\targets\Microsoft.NET.Sdk.StaticWebAssets.targets(312,5): message : Reasignación de propiedad: $(ResolveStaticWebAssetsInputsDependsOn)="
       C:\Program Files\dotnet\sdk\10.0.103\Sdks\Microsoft.NET.Sdk.StaticWebAssets\targets\Microsoft.NET.Sdk.StaticWebAssets.targets(312,5): message :       ResolveCoreStaticWebAssets;
       C:\Program Files\dotnet\sdk\10.0.103\Sdks\Microsoft.NET.Sdk.StaticWebAssets\targets\Microsoft.NET.Sdk.StaticWebAssets.targets(312,5): message :       GenerateComputedBuildStaticWebAssets;
       C:\Program Files\dotnet\sdk\10.0.103\Sdks\Microsoft.NET.Sdk.StaticWebAssets\targets\Microsoft.NET.Sdk.StaticWebAssets.targets(312,5): message :       
       C:\Program Files\dotnet\sdk\10.0.103\Sdks\Microsoft.NET.Sdk.StaticWebAssets\targets\Microsoft.NET.Sdk.StaticWebAssets.targets(312,5): message :       ;
       C:\Program Files\dotnet\sdk\10.0.103\Sdks\Microsoft.NET.Sdk.StaticWebAssets\targets\Microsoft.NET.Sdk.StaticWebAssets.targets(312,5): message :       _AddBlazorFrameworkStaticWebAssets;
       C:\Program Files\dotnet\sdk\10.0.103\Sdks\Microsoft.NET.Sdk.StaticWebAssets\targets\Microsoft.NET.Sdk.StaticWebAssets.targets(312,5): message :     
       C:\Program Files\dotnet\sdk\10.0.103\Sdks\Microsoft.NET.Sdk.StaticWebAssets\targets\Microsoft.NET.Sdk.StaticWebAssets.targets(312,5): message :     " (valor anterior: "
       C:\Program Files\dotnet\sdk\10.0.103\Sdks\Microsoft.NET.Sdk.StaticWebAssets\targets\Microsoft.NET.Sdk.StaticWebAssets.targets(312,5): message :       ;
       C:\Program Files\dotnet\sdk\10.0.103\Sdks\Microsoft.NET.Sdk.StaticWebAssets\targets\Microsoft.NET.Sdk.StaticWebAssets.targets(312,5): message :       _AddBlazorFrameworkStaticWebAssets;
       C:\Program Files\dotnet\sdk\10.0.103\Sdks\Microsoft.NET.Sdk.StaticWebAssets\targets\Microsoft.NET.Sdk.StaticWebAssets.targets(312,5): message :     ") en C:\Program Files\dotnet\sdk\10.0.103\Sdks\Microsoft.NET.Sdk.StaticWebAssets\targets\Microsoft.NET.Sdk.StaticWebAssets.targets (312,5)
       C:\Program Files\dotnet\sdk\10.0.103\Sdks\Microsoft.NET.Sdk.StaticWebAssets\targets\Microsoft.NET.Sdk.StaticWebAssets.targets(323,5): message : Reasignación de propiedad: $(GetCopyToOutputDirectoryItemsDependsOn)="
       C:\Program Files\dotnet\sdk\10.0.103\Sdks\Microsoft.NET.Sdk.StaticWebAssets\targets\Microsoft.NET.Sdk.StaticWebAssets.targets(323,5): message :       AssignTargetPaths;
       C:\Program Files\dotnet\sdk\10.0.103\Sdks\Microsoft.NET.Sdk.StaticWebAssets\targets\Microsoft.NET.Sdk.StaticWebAssets.targets(323,5): message :       
       C:\Program Files\dotnet\sdk\10.0.103\Sdks\Microsoft.NET.Sdk.StaticWebAssets\targets\Microsoft.NET.Sdk.StaticWebAssets.targets(323,5): message :       AssignProjectConfiguration;
       C:\Program Files\dotnet\sdk\10.0.103\Sdks\Microsoft.NET.Sdk.StaticWebAssets\targets\Microsoft.NET.Sdk.StaticWebAssets.targets(323,5): message :       _SplitProjectReferencesByFileExistence
       C:\Program Files\dotnet\sdk\10.0.103\Sdks\Microsoft.NET.Sdk.StaticWebAssets\targets\Microsoft.NET.Sdk.StaticWebAssets.targets(323,5): message :     ;
       C:\Program Files\dotnet\sdk\10.0.103\Sdks\Microsoft.NET.Sdk.StaticWebAssets\targets\Microsoft.NET.Sdk.StaticWebAssets.targets(323,5): message :       _GetProjectReferenceTargetFrameworkProperties;
       C:\Program Files\dotnet\sdk\10.0.103\Sdks\Microsoft.NET.Sdk.StaticWebAssets\targets\Microsoft.NET.Sdk.StaticWebAssets.targets(323,5): message :       _PopulateCommonStateForGetCopyToOutputDirectoryItems
       C:\Program Files\dotnet\sdk\10.0.103\Sdks\Microsoft.NET.Sdk.StaticWebAssets\targets\Microsoft.NET.Sdk.StaticWebAssets.targets(323,5): message :     ;AddStaticWebAssetsManifest;AddStaticWebAssetEndpointsBuildManifest" (valor anterior: "
       C:\Program Files\dotnet\sdk\10.0.103\Sdks\Microsoft.NET.Sdk.StaticWebAssets\targets\Microsoft.NET.Sdk.StaticWebAssets.targets(323,5): message :       AssignTargetPaths;
       C:\Program Files\dotnet\sdk\10.0.103\Sdks\Microsoft.NET.Sdk.StaticWebAssets\targets\Microsoft.NET.Sdk.StaticWebAssets.targets(323,5): message :       
       C:\Program Files\dotnet\sdk\10.0.103\Sdks\Microsoft.NET.Sdk.StaticWebAssets\targets\Microsoft.NET.Sdk.StaticWebAssets.targets(323,5): message :       AssignProjectConfiguration;
       C:\Program Files\dotnet\sdk\10.0.103\Sdks\Microsoft.NET.Sdk.StaticWebAssets\targets\Microsoft.NET.Sdk.StaticWebAssets.targets(323,5): message :       _SplitProjectReferencesByFileExistence
       C:\Program Files\dotnet\sdk\10.0.103\Sdks\Microsoft.NET.Sdk.StaticWebAssets\targets\Microsoft.NET.Sdk.StaticWebAssets.targets(323,5): message :     ;
       C:\Program Files\dotnet\sdk\10.0.103\Sdks\Microsoft.NET.Sdk.StaticWebAssets\targets\Microsoft.NET.Sdk.StaticWebAssets.targets(323,5): message :       _GetProjectReferenceTargetFrameworkProperties;
       C:\Program Files\dotnet\sdk\10.0.103\Sdks\Microsoft.NET.Sdk.StaticWebAssets\targets\Microsoft.NET.Sdk.StaticWebAssets.targets(323,5): message :       _PopulateCommonStateForGetCopyToOutputDirectoryItems
       C:\Program Files\dotnet\sdk\10.0.103\Sdks\Microsoft.NET.Sdk.StaticWebAssets\targets\Microsoft.NET.Sdk.StaticWebAssets.targets(323,5): message :     ") en C:\Program Files\dotnet\sdk\10.0.103\Sdks\Microsoft.NET.Sdk.StaticWebAssets\targets\Microsoft.NET.Sdk.StaticWebAssets.targets (323,5)
       C:\Program Files\dotnet\sdk\10.0.103\Sdks\Microsoft.NET.Sdk.StaticWebAssets\targets\Microsoft.NET.Sdk.StaticWebAssets.Pack.targets(46,5): message : Reasignación de propiedad: $(GenerateNuspecDependsOn)="
       C:\Program Files\dotnet\sdk\10.0.103\Sdks\Microsoft.NET.Sdk.StaticWebAssets\targets\Microsoft.NET.Sdk.StaticWebAssets.Pack.targets(46,5): message :       IncludeStaticWebAssetsPackItems;
       C:\Program Files\dotnet\sdk\10.0.103\Sdks\Microsoft.NET.Sdk.StaticWebAssets\targets\Microsoft.NET.Sdk.StaticWebAssets.Pack.targets(46,5): message :       Build;_LoadPackInputItems; _GetTargetFrameworksOutput; _WalkEachTargetPerFramework; _GetPackageFiles; ;
       C:\Program Files\dotnet\sdk\10.0.103\Sdks\Microsoft.NET.Sdk.StaticWebAssets\targets\Microsoft.NET.Sdk.StaticWebAssets.Pack.targets(46,5): message :     " (valor anterior: "Build;_LoadPackInputItems; _GetTargetFrameworksOutput; _WalkEachTargetPerFramework; _GetPackageFiles; ") en C:\Program Files\dotnet\sdk\10.0.103\Sdks\Microsoft.NET.Sdk.StaticWebAssets\targets\Microsoft.NET.Sdk.StaticWebAssets.Pack.targets (46,5)
       C:\Program Files\dotnet\sdk\10.0.103\Sdks\Microsoft.NET.Sdk.StaticWebAssets\targets\Microsoft.NET.Sdk.StaticWebAssets.Pack.targets(55,5): message : Reasignación de propiedad: $(IncludeStaticWebAssetsPackItemsDependsOn)="
       C:\Program Files\dotnet\sdk\10.0.103\Sdks\Microsoft.NET.Sdk.StaticWebAssets\targets\Microsoft.NET.Sdk.StaticWebAssets.Pack.targets(55,5): message :       Build;
       C:\Program Files\dotnet\sdk\10.0.103\Sdks\Microsoft.NET.Sdk.StaticWebAssets\targets\Microsoft.NET.Sdk.StaticWebAssets.Pack.targets(55,5): message :       ResolveStaticWebAssetsConfiguration;LoadStaticWebAssetsBuildManifest
       C:\Program Files\dotnet\sdk\10.0.103\Sdks\Microsoft.NET.Sdk.StaticWebAssets\targets\Microsoft.NET.Sdk.StaticWebAssets.Pack.targets(55,5): message :     ;
       C:\Program Files\dotnet\sdk\10.0.103\Sdks\Microsoft.NET.Sdk.StaticWebAssets\targets\Microsoft.NET.Sdk.StaticWebAssets.Pack.targets(55,5): message :     " (valor anterior: "
       C:\Program Files\dotnet\sdk\10.0.103\Sdks\Microsoft.NET.Sdk.StaticWebAssets\targets\Microsoft.NET.Sdk.StaticWebAssets.Pack.targets(55,5): message :       ResolveStaticWebAssetsConfiguration;LoadStaticWebAssetsBuildManifest
       C:\Program Files\dotnet\sdk\10.0.103\Sdks\Microsoft.NET.Sdk.StaticWebAssets\targets\Microsoft.NET.Sdk.StaticWebAssets.Pack.targets(55,5): message :     ") en C:\Program Files\dotnet\sdk\10.0.103\Sdks\Microsoft.NET.Sdk.StaticWebAssets\targets\Microsoft.NET.Sdk.StaticWebAssets.Pack.targets (55,5)
       C:\Program Files\dotnet\sdk\10.0.103\Sdks\Microsoft.NET.Sdk.StaticWebAssets\targets\Microsoft.NET.Sdk.StaticWebAssets.ScopedCss.targets(55,3): message : Reasignación de propiedad: $(ResolveStaticWebAssetsInputsDependsOn)="
       C:\Program Files\dotnet\sdk\10.0.103\Sdks\Microsoft.NET.Sdk.StaticWebAssets\targets\Microsoft.NET.Sdk.StaticWebAssets.ScopedCss.targets(55,3): message :     
       C:\Program Files\dotnet\sdk\10.0.103\Sdks\Microsoft.NET.Sdk.StaticWebAssets\targets\Microsoft.NET.Sdk.StaticWebAssets.ScopedCss.targets(55,3): message :       ResolveCoreStaticWebAssets;
       C:\Program Files\dotnet\sdk\10.0.103\Sdks\Microsoft.NET.Sdk.StaticWebAssets\targets\Microsoft.NET.Sdk.StaticWebAssets.ScopedCss.targets(55,3): message :       GenerateComputedBuildStaticWebAssets;
       C:\Program Files\dotnet\sdk\10.0.103\Sdks\Microsoft.NET.Sdk.StaticWebAssets\targets\Microsoft.NET.Sdk.StaticWebAssets.ScopedCss.targets(55,3): message :       
       C:\Program Files\dotnet\sdk\10.0.103\Sdks\Microsoft.NET.Sdk.StaticWebAssets\targets\Microsoft.NET.Sdk.StaticWebAssets.ScopedCss.targets(55,3): message :       ;
       C:\Program Files\dotnet\sdk\10.0.103\Sdks\Microsoft.NET.Sdk.StaticWebAssets\targets\Microsoft.NET.Sdk.StaticWebAssets.ScopedCss.targets(55,3): message :       _AddBlazorFrameworkStaticWebAssets;
       C:\Program Files\dotnet\sdk\10.0.103\Sdks\Microsoft.NET.Sdk.StaticWebAssets\targets\Microsoft.NET.Sdk.StaticWebAssets.ScopedCss.targets(55,3): message :     
       C:\Program Files\dotnet\sdk\10.0.103\Sdks\Microsoft.NET.Sdk.StaticWebAssets\targets\Microsoft.NET.Sdk.StaticWebAssets.ScopedCss.targets(55,3): message :     ;
       C:\Program Files\dotnet\sdk\10.0.103\Sdks\Microsoft.NET.Sdk.StaticWebAssets\targets\Microsoft.NET.Sdk.StaticWebAssets.ScopedCss.targets(55,3): message :     ResolveScopedCssAssets;
       C:\Program Files\dotnet\sdk\10.0.103\Sdks\Microsoft.NET.Sdk.StaticWebAssets\targets\Microsoft.NET.Sdk.StaticWebAssets.ScopedCss.targets(55,3): message :   " (valor anterior: "
       C:\Program Files\dotnet\sdk\10.0.103\Sdks\Microsoft.NET.Sdk.StaticWebAssets\targets\Microsoft.NET.Sdk.StaticWebAssets.ScopedCss.targets(55,3): message :       ResolveCoreStaticWebAssets;
       C:\Program Files\dotnet\sdk\10.0.103\Sdks\Microsoft.NET.Sdk.StaticWebAssets\targets\Microsoft.NET.Sdk.StaticWebAssets.ScopedCss.targets(55,3): message :       GenerateComputedBuildStaticWebAssets;
       C:\Program Files\dotnet\sdk\10.0.103\Sdks\Microsoft.NET.Sdk.StaticWebAssets\targets\Microsoft.NET.Sdk.StaticWebAssets.ScopedCss.targets(55,3): message :       
       C:\Program Files\dotnet\sdk\10.0.103\Sdks\Microsoft.NET.Sdk.StaticWebAssets\targets\Microsoft.NET.Sdk.StaticWebAssets.ScopedCss.targets(55,3): message :       ;
       C:\Program Files\dotnet\sdk\10.0.103\Sdks\Microsoft.NET.Sdk.StaticWebAssets\targets\Microsoft.NET.Sdk.StaticWebAssets.ScopedCss.targets(55,3): message :       _AddBlazorFrameworkStaticWebAssets;
       C:\Program Files\dotnet\sdk\10.0.103\Sdks\Microsoft.NET.Sdk.StaticWebAssets\targets\Microsoft.NET.Sdk.StaticWebAssets.ScopedCss.targets(55,3): message :     
       C:\Program Files\dotnet\sdk\10.0.103\Sdks\Microsoft.NET.Sdk.StaticWebAssets\targets\Microsoft.NET.Sdk.StaticWebAssets.ScopedCss.targets(55,3): message :     ") en C:\Program Files\dotnet\sdk\10.0.103\Sdks\Microsoft.NET.Sdk.StaticWebAssets\targets\Microsoft.NET.Sdk.StaticWebAssets.ScopedCss.targets (55,3)
       C:\Program Files\dotnet\sdk\10.0.103\Sdks\Microsoft.NET.Sdk.StaticWebAssets\targets\Microsoft.NET.Sdk.StaticWebAssets.ScopedCss.targets(88,3): message : Reasignación de propiedad: $(GenerateComputedBuildStaticWebAssetsDependsOn)="
       C:\Program Files\dotnet\sdk\10.0.103\Sdks\Microsoft.NET.Sdk.StaticWebAssets\targets\Microsoft.NET.Sdk.StaticWebAssets.ScopedCss.targets(88,3): message :     ResolveCoreStaticWebAssets;;
       C:\Program Files\dotnet\sdk\10.0.103\Sdks\Microsoft.NET.Sdk.StaticWebAssets\targets\Microsoft.NET.Sdk.StaticWebAssets.ScopedCss.targets(88,3): message :     BundleScopedCssFiles;
       C:\Program Files\dotnet\sdk\10.0.103\Sdks\Microsoft.NET.Sdk.StaticWebAssets\targets\Microsoft.NET.Sdk.StaticWebAssets.ScopedCss.targets(88,3): message :   " (valor anterior: "ResolveCoreStaticWebAssets;") en C:\Program Files\dotnet\sdk\10.0.103\Sdks\Microsoft.NET.Sdk.StaticWebAssets\targets\Microsoft.NET.Sdk.StaticWebAssets.ScopedCss.targets (88,3)
       C:\Program Files\dotnet\sdk\10.0.103\Sdks\Microsoft.NET.Sdk.StaticWebAssets\targets\Microsoft.NET.Sdk.StaticWebAssets.JSModules.targets(37,5): message : Reasignación de propiedad: $(ResolveCoreStaticWebAssetsDependsOn)="
       C:\Program Files\dotnet\sdk\10.0.103\Sdks\Microsoft.NET.Sdk.StaticWebAssets\targets\Microsoft.NET.Sdk.StaticWebAssets.JSModules.targets(37,5): message :       
       C:\Program Files\dotnet\sdk\10.0.103\Sdks\Microsoft.NET.Sdk.StaticWebAssets\targets\Microsoft.NET.Sdk.StaticWebAssets.JSModules.targets(37,5): message :       UpdateExistingPackageStaticWebAssets;
       C:\Program Files\dotnet\sdk\10.0.103\Sdks\Microsoft.NET.Sdk.StaticWebAssets\targets\Microsoft.NET.Sdk.StaticWebAssets.JSModules.targets(37,5): message :       ResolveProjectStaticWebAssets;
       C:\Program Files\dotnet\sdk\10.0.103\Sdks\Microsoft.NET.Sdk.StaticWebAssets\targets\Microsoft.NET.Sdk.StaticWebAssets.JSModules.targets(37,5): message :       ResolveEmbeddedProjectsStaticWebAssets;
       C:\Program Files\dotnet\sdk\10.0.103\Sdks\Microsoft.NET.Sdk.StaticWebAssets\targets\Microsoft.NET.Sdk.StaticWebAssets.JSModules.targets(37,5): message :       ResolveReferencedProjectsStaticWebAssets;
       C:\Program Files\dotnet\sdk\10.0.103\Sdks\Microsoft.NET.Sdk.StaticWebAssets\targets\Microsoft.NET.Sdk.StaticWebAssets.JSModules.targets(37,5): message :       ;
       C:\Program Files\dotnet\sdk\10.0.103\Sdks\Microsoft.NET.Sdk.StaticWebAssets\targets\Microsoft.NET.Sdk.StaticWebAssets.JSModules.targets(37,5): message :     ;
       C:\Program Files\dotnet\sdk\10.0.103\Sdks\Microsoft.NET.Sdk.StaticWebAssets\targets\Microsoft.NET.Sdk.StaticWebAssets.JSModules.targets(37,5): message :       ResolveJsInitializerModuleStaticWebAssets;
       C:\Program Files\dotnet\sdk\10.0.103\Sdks\Microsoft.NET.Sdk.StaticWebAssets\targets\Microsoft.NET.Sdk.StaticWebAssets.JSModules.targets(37,5): message :     " (valor anterior: "
       C:\Program Files\dotnet\sdk\10.0.103\Sdks\Microsoft.NET.Sdk.StaticWebAssets\targets\Microsoft.NET.Sdk.StaticWebAssets.JSModules.targets(37,5): message :       UpdateExistingPackageStaticWebAssets;
       C:\Program Files\dotnet\sdk\10.0.103\Sdks\Microsoft.NET.Sdk.StaticWebAssets\targets\Microsoft.NET.Sdk.StaticWebAssets.JSModules.targets(37,5): message :       ResolveProjectStaticWebAssets;
       C:\Program Files\dotnet\sdk\10.0.103\Sdks\Microsoft.NET.Sdk.StaticWebAssets\targets\Microsoft.NET.Sdk.StaticWebAssets.JSModules.targets(37,5): message :       ResolveEmbeddedProjectsStaticWebAssets;
       C:\Program Files\dotnet\sdk\10.0.103\Sdks\Microsoft.NET.Sdk.StaticWebAssets\targets\Microsoft.NET.Sdk.StaticWebAssets.JSModules.targets(37,5): message :       ResolveReferencedProjectsStaticWebAssets;
       C:\Program Files\dotnet\sdk\10.0.103\Sdks\Microsoft.NET.Sdk.StaticWebAssets\targets\Microsoft.NET.Sdk.StaticWebAssets.JSModules.targets(37,5): message :       ;
       C:\Program Files\dotnet\sdk\10.0.103\Sdks\Microsoft.NET.Sdk.StaticWebAssets\targets\Microsoft.NET.Sdk.StaticWebAssets.JSModules.targets(37,5): message :     ") en C:\Program Files\dotnet\sdk\10.0.103\Sdks\Microsoft.NET.Sdk.StaticWebAssets\targets\Microsoft.NET.Sdk.StaticWebAssets.JSModules.targets (37,5)
       C:\Program Files\dotnet\sdk\10.0.103\Sdks\Microsoft.NET.Sdk.StaticWebAssets\targets\Microsoft.NET.Sdk.StaticWebAssets.JSModules.targets(42,5): message : Reasignación de propiedad: $(ResolveCoreStaticWebAssetsDependsOn)="
       C:\Program Files\dotnet\sdk\10.0.103\Sdks\Microsoft.NET.Sdk.StaticWebAssets\targets\Microsoft.NET.Sdk.StaticWebAssets.JSModules.targets(42,5): message :       
       C:\Program Files\dotnet\sdk\10.0.103\Sdks\Microsoft.NET.Sdk.StaticWebAssets\targets\Microsoft.NET.Sdk.StaticWebAssets.JSModules.targets(42,5): message :       
       C:\Program Files\dotnet\sdk\10.0.103\Sdks\Microsoft.NET.Sdk.StaticWebAssets\targets\Microsoft.NET.Sdk.StaticWebAssets.JSModules.targets(42,5): message :       UpdateExistingPackageStaticWebAssets;
       C:\Program Files\dotnet\sdk\10.0.103\Sdks\Microsoft.NET.Sdk.StaticWebAssets\targets\Microsoft.NET.Sdk.StaticWebAssets.JSModules.targets(42,5): message :       ResolveProjectStaticWebAssets;
       C:\Program Files\dotnet\sdk\10.0.103\Sdks\Microsoft.NET.Sdk.StaticWebAssets\targets\Microsoft.NET.Sdk.StaticWebAssets.JSModules.targets(42,5): message :       ResolveEmbeddedProjectsStaticWebAssets;
       C:\Program Files\dotnet\sdk\10.0.103\Sdks\Microsoft.NET.Sdk.StaticWebAssets\targets\Microsoft.NET.Sdk.StaticWebAssets.JSModules.targets(42,5): message :       ResolveReferencedProjectsStaticWebAssets;
       C:\Program Files\dotnet\sdk\10.0.103\Sdks\Microsoft.NET.Sdk.StaticWebAssets\targets\Microsoft.NET.Sdk.StaticWebAssets.JSModules.targets(42,5): message :       ;
       C:\Program Files\dotnet\sdk\10.0.103\Sdks\Microsoft.NET.Sdk.StaticWebAssets\targets\Microsoft.NET.Sdk.StaticWebAssets.JSModules.targets(42,5): message :     ;
       C:\Program Files\dotnet\sdk\10.0.103\Sdks\Microsoft.NET.Sdk.StaticWebAssets\targets\Microsoft.NET.Sdk.StaticWebAssets.JSModules.targets(42,5): message :       ResolveJsInitializerModuleStaticWebAssets;
       C:\Program Files\dotnet\sdk\10.0.103\Sdks\Microsoft.NET.Sdk.StaticWebAssets\targets\Microsoft.NET.Sdk.StaticWebAssets.JSModules.targets(42,5): message :     ;
       C:\Program Files\dotnet\sdk\10.0.103\Sdks\Microsoft.NET.Sdk.StaticWebAssets\targets\Microsoft.NET.Sdk.StaticWebAssets.JSModules.targets(42,5): message :       ResolveJSModuleStaticWebAssets;
       C:\Program Files\dotnet\sdk\10.0.103\Sdks\Microsoft.NET.Sdk.StaticWebAssets\targets\Microsoft.NET.Sdk.StaticWebAssets.JSModules.targets(42,5): message :     " (valor anterior: "
       C:\Program Files\dotnet\sdk\10.0.103\Sdks\Microsoft.NET.Sdk.StaticWebAssets\targets\Microsoft.NET.Sdk.StaticWebAssets.JSModules.targets(42,5): message :       
       C:\Program Files\dotnet\sdk\10.0.103\Sdks\Microsoft.NET.Sdk.StaticWebAssets\targets\Microsoft.NET.Sdk.StaticWebAssets.JSModules.targets(42,5): message :       UpdateExistingPackageStaticWebAssets;
       C:\Program Files\dotnet\sdk\10.0.103\Sdks\Microsoft.NET.Sdk.StaticWebAssets\targets\Microsoft.NET.Sdk.StaticWebAssets.JSModules.targets(42,5): message :       ResolveProjectStaticWebAssets;
       C:\Program Files\dotnet\sdk\10.0.103\Sdks\Microsoft.NET.Sdk.StaticWebAssets\targets\Microsoft.NET.Sdk.StaticWebAssets.JSModules.targets(42,5): message :       ResolveEmbeddedProjectsStaticWebAssets;
       C:\Program Files\dotnet\sdk\10.0.103\Sdks\Microsoft.NET.Sdk.StaticWebAssets\targets\Microsoft.NET.Sdk.StaticWebAssets.JSModules.targets(42,5): message :       ResolveReferencedProjectsStaticWebAssets;
       C:\Program Files\dotnet\sdk\10.0.103\Sdks\Microsoft.NET.Sdk.StaticWebAssets\targets\Microsoft.NET.Sdk.StaticWebAssets.JSModules.targets(42,5): message :       ;
       C:\Program Files\dotnet\sdk\10.0.103\Sdks\Microsoft.NET.Sdk.StaticWebAssets\targets\Microsoft.NET.Sdk.StaticWebAssets.JSModules.targets(42,5): message :     ;
       C:\Program Files\dotnet\sdk\10.0.103\Sdks\Microsoft.NET.Sdk.StaticWebAssets\targets\Microsoft.NET.Sdk.StaticWebAssets.JSModules.targets(42,5): message :       ResolveJsInitializerModuleStaticWebAssets;
       C:\Program Files\dotnet\sdk\10.0.103\Sdks\Microsoft.NET.Sdk.StaticWebAssets\targets\Microsoft.NET.Sdk.StaticWebAssets.JSModules.targets(42,5): message :     ") en C:\Program Files\dotnet\sdk\10.0.103\Sdks\Microsoft.NET.Sdk.StaticWebAssets\targets\Microsoft.NET.Sdk.StaticWebAssets.JSModules.targets (42,5)
       C:\Program Files\dotnet\sdk\10.0.103\Sdks\Microsoft.NET.Sdk.StaticWebAssets\targets\Microsoft.NET.Sdk.StaticWebAssets.JSModules.targets(57,5): message : Reasignación de propiedad: $(ResolveStaticWebAssetsInputsDependsOn)="
       C:\Program Files\dotnet\sdk\10.0.103\Sdks\Microsoft.NET.Sdk.StaticWebAssets\targets\Microsoft.NET.Sdk.StaticWebAssets.JSModules.targets(57,5): message :       ResolveJSModuleManifestBuildStaticWebAssets;
       C:\Program Files\dotnet\sdk\10.0.103\Sdks\Microsoft.NET.Sdk.StaticWebAssets\targets\Microsoft.NET.Sdk.StaticWebAssets.JSModules.targets(57,5): message :       
       C:\Program Files\dotnet\sdk\10.0.103\Sdks\Microsoft.NET.Sdk.StaticWebAssets\targets\Microsoft.NET.Sdk.StaticWebAssets.JSModules.targets(57,5): message :     
       C:\Program Files\dotnet\sdk\10.0.103\Sdks\Microsoft.NET.Sdk.StaticWebAssets\targets\Microsoft.NET.Sdk.StaticWebAssets.JSModules.targets(57,5): message :       ResolveCoreStaticWebAssets;
       C:\Program Files\dotnet\sdk\10.0.103\Sdks\Microsoft.NET.Sdk.StaticWebAssets\targets\Microsoft.NET.Sdk.StaticWebAssets.JSModules.targets(57,5): message :       GenerateComputedBuildStaticWebAssets;
       C:\Program Files\dotnet\sdk\10.0.103\Sdks\Microsoft.NET.Sdk.StaticWebAssets\targets\Microsoft.NET.Sdk.StaticWebAssets.JSModules.targets(57,5): message :       
       C:\Program Files\dotnet\sdk\10.0.103\Sdks\Microsoft.NET.Sdk.StaticWebAssets\targets\Microsoft.NET.Sdk.StaticWebAssets.JSModules.targets(57,5): message :       ;
       C:\Program Files\dotnet\sdk\10.0.103\Sdks\Microsoft.NET.Sdk.StaticWebAssets\targets\Microsoft.NET.Sdk.StaticWebAssets.JSModules.targets(57,5): message :       _AddBlazorFrameworkStaticWebAssets;
       C:\Program Files\dotnet\sdk\10.0.103\Sdks\Microsoft.NET.Sdk.StaticWebAssets\targets\Microsoft.NET.Sdk.StaticWebAssets.JSModules.targets(57,5): message :     
       C:\Program Files\dotnet\sdk\10.0.103\Sdks\Microsoft.NET.Sdk.StaticWebAssets\targets\Microsoft.NET.Sdk.StaticWebAssets.JSModules.targets(57,5): message :     ;
       C:\Program Files\dotnet\sdk\10.0.103\Sdks\Microsoft.NET.Sdk.StaticWebAssets\targets\Microsoft.NET.Sdk.StaticWebAssets.JSModules.targets(57,5): message :     ResolveScopedCssAssets;
       C:\Program Files\dotnet\sdk\10.0.103\Sdks\Microsoft.NET.Sdk.StaticWebAssets\targets\Microsoft.NET.Sdk.StaticWebAssets.JSModules.targets(57,5): message :   
       C:\Program Files\dotnet\sdk\10.0.103\Sdks\Microsoft.NET.Sdk.StaticWebAssets\targets\Microsoft.NET.Sdk.StaticWebAssets.JSModules.targets(57,5): message :     " (valor anterior: "
       C:\Program Files\dotnet\sdk\10.0.103\Sdks\Microsoft.NET.Sdk.StaticWebAssets\targets\Microsoft.NET.Sdk.StaticWebAssets.JSModules.targets(57,5): message :     
       C:\Program Files\dotnet\sdk\10.0.103\Sdks\Microsoft.NET.Sdk.StaticWebAssets\targets\Microsoft.NET.Sdk.StaticWebAssets.JSModules.targets(57,5): message :       ResolveCoreStaticWebAssets;
       C:\Program Files\dotnet\sdk\10.0.103\Sdks\Microsoft.NET.Sdk.StaticWebAssets\targets\Microsoft.NET.Sdk.StaticWebAssets.JSModules.targets(57,5): message :       GenerateComputedBuildStaticWebAssets;
       C:\Program Files\dotnet\sdk\10.0.103\Sdks\Microsoft.NET.Sdk.StaticWebAssets\targets\Microsoft.NET.Sdk.StaticWebAssets.JSModules.targets(57,5): message :       
       C:\Program Files\dotnet\sdk\10.0.103\Sdks\Microsoft.NET.Sdk.StaticWebAssets\targets\Microsoft.NET.Sdk.StaticWebAssets.JSModules.targets(57,5): message :       ;
       C:\Program Files\dotnet\sdk\10.0.103\Sdks\Microsoft.NET.Sdk.StaticWebAssets\targets\Microsoft.NET.Sdk.StaticWebAssets.JSModules.targets(57,5): message :       _AddBlazorFrameworkStaticWebAssets;
       C:\Program Files\dotnet\sdk\10.0.103\Sdks\Microsoft.NET.Sdk.StaticWebAssets\targets\Microsoft.NET.Sdk.StaticWebAssets.JSModules.targets(57,5): message :     
       C:\Program Files\dotnet\sdk\10.0.103\Sdks\Microsoft.NET.Sdk.StaticWebAssets\targets\Microsoft.NET.Sdk.StaticWebAssets.JSModules.targets(57,5): message :     ;
       C:\Program Files\dotnet\sdk\10.0.103\Sdks\Microsoft.NET.Sdk.StaticWebAssets\targets\Microsoft.NET.Sdk.StaticWebAssets.JSModules.targets(57,5): message :     ResolveScopedCssAssets;
       C:\Program Files\dotnet\sdk\10.0.103\Sdks\Microsoft.NET.Sdk.StaticWebAssets\targets\Microsoft.NET.Sdk.StaticWebAssets.JSModules.targets(57,5): message :   ") en C:\Program Files\dotnet\sdk\10.0.103\Sdks\Microsoft.NET.Sdk.StaticWebAssets\targets\Microsoft.NET.Sdk.StaticWebAssets.JSModules.targets (57,5)
       C:\Program Files\dotnet\sdk\10.0.103\Sdks\Microsoft.NET.Sdk.StaticWebAssets\targets\Microsoft.NET.Sdk.StaticWebAssets.JSModules.targets(76,5): message : Reasignación de propiedad: $(ResolvePublishStaticWebAssetsDependsOn)="
       C:\Program Files\dotnet\sdk\10.0.103\Sdks\Microsoft.NET.Sdk.StaticWebAssets\targets\Microsoft.NET.Sdk.StaticWebAssets.JSModules.targets(76,5): message :       ResolveJSModuleManifestPublishStaticWebAssets;
       C:\Program Files\dotnet\sdk\10.0.103\Sdks\Microsoft.NET.Sdk.StaticWebAssets\targets\Microsoft.NET.Sdk.StaticWebAssets.JSModules.targets(76,5): message :       
       C:\Program Files\dotnet\sdk\10.0.103\Sdks\Microsoft.NET.Sdk.StaticWebAssets\targets\Microsoft.NET.Sdk.StaticWebAssets.JSModules.targets(76,5): message :       ResolveCorePublishStaticWebAssets;
       C:\Program Files\dotnet\sdk\10.0.103\Sdks\Microsoft.NET.Sdk.StaticWebAssets\targets\Microsoft.NET.Sdk.StaticWebAssets.JSModules.targets(76,5): message :       GenerateComputedPublishStaticWebAssets;
       C:\Program Files\dotnet\sdk\10.0.103\Sdks\Microsoft.NET.Sdk.StaticWebAssets\targets\Microsoft.NET.Sdk.StaticWebAssets.JSModules.targets(76,5): message :       ;
       C:\Program Files\dotnet\sdk\10.0.103\Sdks\Microsoft.NET.Sdk.StaticWebAssets\targets\Microsoft.NET.Sdk.StaticWebAssets.JSModules.targets(76,5): message :     
       C:\Program Files\dotnet\sdk\10.0.103\Sdks\Microsoft.NET.Sdk.StaticWebAssets\targets\Microsoft.NET.Sdk.StaticWebAssets.JSModules.targets(76,5): message :     " (valor anterior: "
       C:\Program Files\dotnet\sdk\10.0.103\Sdks\Microsoft.NET.Sdk.StaticWebAssets\targets\Microsoft.NET.Sdk.StaticWebAssets.JSModules.targets(76,5): message :       ResolveCorePublishStaticWebAssets;
       C:\Program Files\dotnet\sdk\10.0.103\Sdks\Microsoft.NET.Sdk.StaticWebAssets\targets\Microsoft.NET.Sdk.StaticWebAssets.JSModules.targets(76,5): message :       GenerateComputedPublishStaticWebAssets;
       C:\Program Files\dotnet\sdk\10.0.103\Sdks\Microsoft.NET.Sdk.StaticWebAssets\targets\Microsoft.NET.Sdk.StaticWebAssets.JSModules.targets(76,5): message :       ;
       C:\Program Files\dotnet\sdk\10.0.103\Sdks\Microsoft.NET.Sdk.StaticWebAssets\targets\Microsoft.NET.Sdk.StaticWebAssets.JSModules.targets(76,5): message :     ") en C:\Program Files\dotnet\sdk\10.0.103\Sdks\Microsoft.NET.Sdk.StaticWebAssets\targets\Microsoft.NET.Sdk.StaticWebAssets.JSModules.targets (76,5)
       C:\Program Files\dotnet\sdk\10.0.103\Sdks\Microsoft.NET.Sdk.StaticWebAssets\targets\Microsoft.NET.Sdk.StaticWebAssets.Compression.targets(185,5): message : Reasignación de propiedad: $(ResolveBuildRelatedStaticWebAssetsDependsOn)="
       C:\Program Files\dotnet\sdk\10.0.103\Sdks\Microsoft.NET.Sdk.StaticWebAssets\targets\Microsoft.NET.Sdk.StaticWebAssets.Compression.targets(185,5): message :       ResolveBuildCompressedStaticWebAssets;
       C:\Program Files\dotnet\sdk\10.0.103\Sdks\Microsoft.NET.Sdk.StaticWebAssets\targets\Microsoft.NET.Sdk.StaticWebAssets.Compression.targets(185,5): message :       
       C:\Program Files\dotnet\sdk\10.0.103\Sdks\Microsoft.NET.Sdk.StaticWebAssets\targets\Microsoft.NET.Sdk.StaticWebAssets.Compression.targets(185,5): message :       ResolveStaticWebAssetsInputs;
       C:\Program Files\dotnet\sdk\10.0.103\Sdks\Microsoft.NET.Sdk.StaticWebAssets\targets\Microsoft.NET.Sdk.StaticWebAssets.Compression.targets(185,5): message :       
       C:\Program Files\dotnet\sdk\10.0.103\Sdks\Microsoft.NET.Sdk.StaticWebAssets\targets\Microsoft.NET.Sdk.StaticWebAssets.Compression.targets(185,5): message :     
       C:\Program Files\dotnet\sdk\10.0.103\Sdks\Microsoft.NET.Sdk.StaticWebAssets\targets\Microsoft.NET.Sdk.StaticWebAssets.Compression.targets(185,5): message :     " (valor anterior: "
       C:\Program Files\dotnet\sdk\10.0.103\Sdks\Microsoft.NET.Sdk.StaticWebAssets\targets\Microsoft.NET.Sdk.StaticWebAssets.Compression.targets(185,5): message :       ResolveStaticWebAssetsInputs;
       C:\Program Files\dotnet\sdk\10.0.103\Sdks\Microsoft.NET.Sdk.StaticWebAssets\targets\Microsoft.NET.Sdk.StaticWebAssets.Compression.targets(185,5): message :       
       C:\Program Files\dotnet\sdk\10.0.103\Sdks\Microsoft.NET.Sdk.StaticWebAssets\targets\Microsoft.NET.Sdk.StaticWebAssets.Compression.targets(185,5): message :     ") en C:\Program Files\dotnet\sdk\10.0.103\Sdks\Microsoft.NET.Sdk.StaticWebAssets\targets\Microsoft.NET.Sdk.StaticWebAssets.Compression.targets (185,5)
       C:\Program Files\dotnet\sdk\10.0.103\Sdks\Microsoft.NET.Sdk.StaticWebAssets\targets\Microsoft.NET.Sdk.StaticWebAssets.Compression.targets(204,5): message : Reasignación de propiedad: $(ResolvePublishRelatedStaticWebAssetsDependsOn)="
       C:\Program Files\dotnet\sdk\10.0.103\Sdks\Microsoft.NET.Sdk.StaticWebAssets\targets\Microsoft.NET.Sdk.StaticWebAssets.Compression.targets(204,5): message :       ResolvePublishCompressedStaticWebAssets;
       C:\Program Files\dotnet\sdk\10.0.103\Sdks\Microsoft.NET.Sdk.StaticWebAssets\targets\Microsoft.NET.Sdk.StaticWebAssets.Compression.targets(204,5): message :       
       C:\Program Files\dotnet\sdk\10.0.103\Sdks\Microsoft.NET.Sdk.StaticWebAssets\targets\Microsoft.NET.Sdk.StaticWebAssets.Compression.targets(204,5): message :     " (valor anterior: "") en C:\Program Files\dotnet\sdk\10.0.103\Sdks\Microsoft.NET.Sdk.StaticWebAssets\targets\Microsoft.NET.Sdk.StaticWebAssets.Compression.targets (204,5)
       C:\Program Files\dotnet\sdk\10.0.103\Sdks\Microsoft.NET.Sdk.Razor\targets\Sdk.Razor.CurrentVersion.targets(220,5): message : Reasignación de propiedad: $(DebugSymbolsProjectOutputGroupDependsOn)="
       C:\Program Files\dotnet\sdk\10.0.103\Sdks\Microsoft.NET.Sdk.Razor\targets\Sdk.Razor.CurrentVersion.targets(220,5): message :       ;
       C:\Program Files\dotnet\sdk\10.0.103\Sdks\Microsoft.NET.Sdk.Razor\targets\Sdk.Razor.CurrentVersion.targets(220,5): message :       _RazorAddDebugSymbolsProjectOutputGroupOutput
       C:\Program Files\dotnet\sdk\10.0.103\Sdks\Microsoft.NET.Sdk.Razor\targets\Sdk.Razor.CurrentVersion.targets(220,5): message :     " (valor anterior: "") en C:\Program Files\dotnet\sdk\10.0.103\Sdks\Microsoft.NET.Sdk.Razor\targets\Sdk.Razor.CurrentVersion.targets (220,5)
       C:\Program Files\dotnet\sdk\10.0.103\Sdks\Microsoft.NET.Sdk.Razor\targets\Sdk.Razor.CurrentVersion.targets(225,5): message : Reasignación de propiedad: $(PrepareForBuildDependsOn)="
       C:\Program Files\dotnet\sdk\10.0.103\Sdks\Microsoft.NET.Sdk.Razor\targets\Sdk.Razor.CurrentVersion.targets(225,5): message :       ;GetFrameworkPaths;GetReferenceAssemblyPaths;AssignLinkMetadata;
       C:\Program Files\dotnet\sdk\10.0.103\Sdks\Microsoft.NET.Sdk.Razor\targets\Sdk.Razor.CurrentVersion.targets(225,5): message :       ResolveRazorGenerateInputs
       C:\Program Files\dotnet\sdk\10.0.103\Sdks\Microsoft.NET.Sdk.Razor\targets\Sdk.Razor.CurrentVersion.targets(225,5): message :     " (valor anterior: ";GetFrameworkPaths;GetReferenceAssemblyPaths;AssignLinkMetadata") en C:\Program Files\dotnet\sdk\10.0.103\Sdks\Microsoft.NET.Sdk.Razor\targets\Sdk.Razor.CurrentVersion.targets (225,5)
       C:\Program Files\dotnet\sdk\10.0.103\Sdks\Microsoft.NET.Sdk.Razor\targets\Sdk.Razor.CurrentVersion.targets(230,5): message : Reasignación de propiedad: $(GenerateNuspecDependsOn)="
       C:\Program Files\dotnet\sdk\10.0.103\Sdks\Microsoft.NET.Sdk.Razor\targets\Sdk.Razor.CurrentVersion.targets(230,5): message :       ResolveRazorGenerateInputs;
       C:\Program Files\dotnet\sdk\10.0.103\Sdks\Microsoft.NET.Sdk.Razor\targets\Sdk.Razor.CurrentVersion.targets(230,5): message :       
       C:\Program Files\dotnet\sdk\10.0.103\Sdks\Microsoft.NET.Sdk.Razor\targets\Sdk.Razor.CurrentVersion.targets(230,5): message :       IncludeStaticWebAssetsPackItems;
       C:\Program Files\dotnet\sdk\10.0.103\Sdks\Microsoft.NET.Sdk.Razor\targets\Sdk.Razor.CurrentVersion.targets(230,5): message :       Build;_LoadPackInputItems; _GetTargetFrameworksOutput; _WalkEachTargetPerFramework; _GetPackageFiles; ;
       C:\Program Files\dotnet\sdk\10.0.103\Sdks\Microsoft.NET.Sdk.Razor\targets\Sdk.Razor.CurrentVersion.targets(230,5): message :     
       C:\Program Files\dotnet\sdk\10.0.103\Sdks\Microsoft.NET.Sdk.Razor\targets\Sdk.Razor.CurrentVersion.targets(230,5): message :     " (valor anterior: "
       C:\Program Files\dotnet\sdk\10.0.103\Sdks\Microsoft.NET.Sdk.Razor\targets\Sdk.Razor.CurrentVersion.targets(230,5): message :       IncludeStaticWebAssetsPackItems;
       C:\Program Files\dotnet\sdk\10.0.103\Sdks\Microsoft.NET.Sdk.Razor\targets\Sdk.Razor.CurrentVersion.targets(230,5): message :       Build;_LoadPackInputItems; _GetTargetFrameworksOutput; _WalkEachTargetPerFramework; _GetPackageFiles; ;
       C:\Program Files\dotnet\sdk\10.0.103\Sdks\Microsoft.NET.Sdk.Razor\targets\Sdk.Razor.CurrentVersion.targets(230,5): message :     ") en C:\Program Files\dotnet\sdk\10.0.103\Sdks\Microsoft.NET.Sdk.Razor\targets\Sdk.Razor.CurrentVersion.targets (230,5)
       C:\Program Files\dotnet\sdk\10.0.103\Sdks\Microsoft.NET.Sdk.Razor\targets\Sdk.Razor.CurrentVersion.targets(235,5): message : Reasignación de propiedad: $(PrepareForRunDependsOn)="
       C:\Program Files\dotnet\sdk\10.0.103\Sdks\Microsoft.NET.Sdk.Razor\targets\Sdk.Razor.CurrentVersion.targets(235,5): message :       _RazorPrepareForRun;
       C:\Program Files\dotnet\sdk\10.0.103\Sdks\Microsoft.NET.Sdk.Razor\targets\Sdk.Razor.CurrentVersion.targets(235,5): message :       StaticWebAssetsPrepareForRun;
       C:\Program Files\dotnet\sdk\10.0.103\Sdks\Microsoft.NET.Sdk.Razor\targets\Sdk.Razor.CurrentVersion.targets(235,5): message :       CopyFilesToOutputDirectory
       C:\Program Files\dotnet\sdk\10.0.103\Sdks\Microsoft.NET.Sdk.Razor\targets\Sdk.Razor.CurrentVersion.targets(235,5): message :     
       C:\Program Files\dotnet\sdk\10.0.103\Sdks\Microsoft.NET.Sdk.Razor\targets\Sdk.Razor.CurrentVersion.targets(235,5): message :     " (valor anterior: "StaticWebAssetsPrepareForRun;
       C:\Program Files\dotnet\sdk\10.0.103\Sdks\Microsoft.NET.Sdk.Razor\targets\Sdk.Razor.CurrentVersion.targets(235,5): message :       CopyFilesToOutputDirectory
       C:\Program Files\dotnet\sdk\10.0.103\Sdks\Microsoft.NET.Sdk.Razor\targets\Sdk.Razor.CurrentVersion.targets(235,5): message :     ") en C:\Program Files\dotnet\sdk\10.0.103\Sdks\Microsoft.NET.Sdk.Razor\targets\Sdk.Razor.CurrentVersion.targets (235,5)
       C:\Program Files\dotnet\sdk\10.0.103\Sdks\Microsoft.NET.Sdk.Razor\targets\Sdk.Razor.CurrentVersion.targets(326,5): message : Reasignación de propiedad: $(UseRazorBuildServer)="true" (valor anterior: "") en C:\Program Files\dotnet\sdk\10.0.103\Sdks\Microsoft.NET.Sdk.Razor\targets\Sdk.Razor.CurrentVersion.targets (326,5)
       C:\Program Files\dotnet\sdk\10.0.103\Sdks\Microsoft.NET.Sdk.Razor\targets\Sdk.Razor.CurrentVersion.targets(332,5): message : Reasignación de propiedad: $(_RazorDebugSymbolsProduced)="true" (valor anterior: "false") en C:\Program Files\dotnet\sdk\10.0.103\Sdks\Microsoft.NET.Sdk.Razor\targets\Sdk.Razor.CurrentVersion.targets (332,5)
       C:\Program Files\dotnet\sdk\10.0.103\Sdks\Microsoft.NET.Sdk.Razor\targets\Microsoft.NET.Sdk.Razor.GenerateAssemblyInfo.targets(36,5): message : Reasignación de propiedad: $(GenerateRazorTargetAssemblyInfoDependsOn)="
       C:\Program Files\dotnet\sdk\10.0.103\Sdks\Microsoft.NET.Sdk.Razor\targets\Microsoft.NET.Sdk.Razor.GenerateAssemblyInfo.targets(36,5): message :       _ResolveMvcAssemblyAttributes;
       C:\Program Files\dotnet\sdk\10.0.103\Sdks\Microsoft.NET.Sdk.Razor\targets\Microsoft.NET.Sdk.Razor.GenerateAssemblyInfo.targets(36,5): message :       
       C:\Program Files\dotnet\sdk\10.0.103\Sdks\Microsoft.NET.Sdk.Razor\targets\Microsoft.NET.Sdk.Razor.GenerateAssemblyInfo.targets(36,5): message :       GetRazorTargetAssemblyAttributes;
       C:\Program Files\dotnet\sdk\10.0.103\Sdks\Microsoft.NET.Sdk.Razor\targets\Microsoft.NET.Sdk.Razor.GenerateAssemblyInfo.targets(36,5): message :       _CreateRazorTargetAssemblyInfoInputsCacheFile;
       C:\Program Files\dotnet\sdk\10.0.103\Sdks\Microsoft.NET.Sdk.Razor\targets\Microsoft.NET.Sdk.Razor.GenerateAssemblyInfo.targets(36,5): message :       CoreGenerateRazorTargetAssemblyInfo
       C:\Program Files\dotnet\sdk\10.0.103\Sdks\Microsoft.NET.Sdk.Razor\targets\Microsoft.NET.Sdk.Razor.GenerateAssemblyInfo.targets(36,5): message :     
       C:\Program Files\dotnet\sdk\10.0.103\Sdks\Microsoft.NET.Sdk.Razor\targets\Microsoft.NET.Sdk.Razor.GenerateAssemblyInfo.targets(36,5): message :     " (valor anterior: "
       C:\Program Files\dotnet\sdk\10.0.103\Sdks\Microsoft.NET.Sdk.Razor\targets\Microsoft.NET.Sdk.Razor.GenerateAssemblyInfo.targets(36,5): message :       GetRazorTargetAssemblyAttributes;
       C:\Program Files\dotnet\sdk\10.0.103\Sdks\Microsoft.NET.Sdk.Razor\targets\Microsoft.NET.Sdk.Razor.GenerateAssemblyInfo.targets(36,5): message :       _CreateRazorTargetAssemblyInfoInputsCacheFile;
       C:\Program Files\dotnet\sdk\10.0.103\Sdks\Microsoft.NET.Sdk.Razor\targets\Microsoft.NET.Sdk.Razor.GenerateAssemblyInfo.targets(36,5): message :       CoreGenerateRazorTargetAssemblyInfo
       C:\Program Files\dotnet\sdk\10.0.103\Sdks\Microsoft.NET.Sdk.Razor\targets\Microsoft.NET.Sdk.Razor.GenerateAssemblyInfo.targets(36,5): message :     ") en C:\Program Files\dotnet\sdk\10.0.103\Sdks\Microsoft.NET.Sdk.Razor\targets\Microsoft.NET.Sdk.Razor.GenerateAssemblyInfo.targets (36,5)
       C:\Program Files\dotnet\sdk\10.0.103\Sdks\Microsoft.NET.Sdk.Razor\targets\Microsoft.NET.Sdk.Razor.GenerateAssemblyInfo.targets(181,5): message : Reasignación de propiedad: $(CoreCompileDependsOn)="
       C:\Program Files\dotnet\sdk\10.0.103\Sdks\Microsoft.NET.Sdk.Razor\targets\Microsoft.NET.Sdk.Razor.GenerateAssemblyInfo.targets(181,5): message :       ;_ComputeNonExistentFileProperty;ResolveCodeAnalysisRuleSet;
       C:\Program Files\dotnet\sdk\10.0.103\Sdks\Microsoft.NET.Sdk.Razor\targets\Microsoft.NET.Sdk.Razor.GenerateAssemblyInfo.targets(181,5): message :       _GenerateRazorAssemblyInfo
       C:\Program Files\dotnet\sdk\10.0.103\Sdks\Microsoft.NET.Sdk.Razor\targets\Microsoft.NET.Sdk.Razor.GenerateAssemblyInfo.targets(181,5): message :     " (valor anterior: ";_ComputeNonExistentFileProperty;ResolveCodeAnalysisRuleSet") en C:\Program Files\dotnet\sdk\10.0.103\Sdks\Microsoft.NET.Sdk.Razor\targets\Microsoft.NET.Sdk.Razor.GenerateAssemblyInfo.targets (181,5)
       C:\Program Files\dotnet\sdk\10.0.103\Sdks\Microsoft.NET.Sdk.Razor\targets\Microsoft.NET.Sdk.Razor.GenerateAssemblyInfo.targets(189,5): message : Reasignación de propiedad: $(_GenerateRazorAssemblyInfoDependsOn)="
       C:\Program Files\dotnet\sdk\10.0.103\Sdks\Microsoft.NET.Sdk.Razor\targets\Microsoft.NET.Sdk.Razor.GenerateAssemblyInfo.targets(189,5): message :       _ResolveMvcAssemblyAttributes;
       C:\Program Files\dotnet\sdk\10.0.103\Sdks\Microsoft.NET.Sdk.Razor\targets\Microsoft.NET.Sdk.Razor.GenerateAssemblyInfo.targets(189,5): message :       RazorGetAssemblyAttributes;PrepareForBuild;_CoreGenerateRazorAssemblyInfo;
       C:\Program Files\dotnet\sdk\10.0.103\Sdks\Microsoft.NET.Sdk.Razor\targets\Microsoft.NET.Sdk.Razor.GenerateAssemblyInfo.targets(189,5): message :     " (valor anterior: "RazorGetAssemblyAttributes;PrepareForBuild;_CoreGenerateRazorAssemblyInfo") en C:\Program Files\dotnet\sdk\10.0.103\Sdks\Microsoft.NET.Sdk.Razor\targets\Microsoft.NET.Sdk.Razor.GenerateAssemblyInfo.targets (189,5)
       C:\Program Files\dotnet\sdk\10.0.103\Sdks\Microsoft.NET.Sdk.Razor\targets\Microsoft.NET.Sdk.Razor.MvcApplicationPartsDiscovery.targets(22,5): message : Reasignación de propiedad: $(CoreCompileDependsOn)="
       C:\Program Files\dotnet\sdk\10.0.103\Sdks\Microsoft.NET.Sdk.Razor\targets\Microsoft.NET.Sdk.Razor.MvcApplicationPartsDiscovery.targets(22,5): message :       _DiscoverMvcApplicationParts;
       C:\Program Files\dotnet\sdk\10.0.103\Sdks\Microsoft.NET.Sdk.Razor\targets\Microsoft.NET.Sdk.Razor.MvcApplicationPartsDiscovery.targets(22,5): message :       
       C:\Program Files\dotnet\sdk\10.0.103\Sdks\Microsoft.NET.Sdk.Razor\targets\Microsoft.NET.Sdk.Razor.MvcApplicationPartsDiscovery.targets(22,5): message :       ;_ComputeNonExistentFileProperty;ResolveCodeAnalysisRuleSet;
       C:\Program Files\dotnet\sdk\10.0.103\Sdks\Microsoft.NET.Sdk.Razor\targets\Microsoft.NET.Sdk.Razor.MvcApplicationPartsDiscovery.targets(22,5): message :       _GenerateRazorAssemblyInfo
       C:\Program Files\dotnet\sdk\10.0.103\Sdks\Microsoft.NET.Sdk.Razor\targets\Microsoft.NET.Sdk.Razor.MvcApplicationPartsDiscovery.targets(22,5): message :     ;
       C:\Program Files\dotnet\sdk\10.0.103\Sdks\Microsoft.NET.Sdk.Razor\targets\Microsoft.NET.Sdk.Razor.MvcApplicationPartsDiscovery.targets(22,5): message :     " (valor anterior: "
       C:\Program Files\dotnet\sdk\10.0.103\Sdks\Microsoft.NET.Sdk.Razor\targets\Microsoft.NET.Sdk.Razor.MvcApplicationPartsDiscovery.targets(22,5): message :       ;_ComputeNonExistentFileProperty;ResolveCodeAnalysisRuleSet;
       C:\Program Files\dotnet\sdk\10.0.103\Sdks\Microsoft.NET.Sdk.Razor\targets\Microsoft.NET.Sdk.Razor.MvcApplicationPartsDiscovery.targets(22,5): message :       _GenerateRazorAssemblyInfo
       C:\Program Files\dotnet\sdk\10.0.103\Sdks\Microsoft.NET.Sdk.Razor\targets\Microsoft.NET.Sdk.Razor.MvcApplicationPartsDiscovery.targets(22,5): message :     ") en C:\Program Files\dotnet\sdk\10.0.103\Sdks\Microsoft.NET.Sdk.Razor\targets\Microsoft.NET.Sdk.Razor.MvcApplicationPartsDiscovery.targets (22,5)
       C:\Program Files\dotnet\sdk\10.0.103\Sdks\Microsoft.NET.Sdk.Razor\targets\Sdk.Razor.CurrentVersion.targets(884,5): message : Reasignación de propiedad: $(RazorDesignTimeTargets)="C:\Program Files\dotnet\sdk\10.0.103\Sdks\Microsoft.NET.Sdk.Razor\targets\Microsoft.NET.Sdk.Razor.DesignTime.targets" (valor anterior: "C:\Program Files\dotnet\sdk\10.0.103\\Microsoft\VisualStudio\Razor\Microsoft.NET.Sdk.Razor.DesignTime.targets") en C:\Program Files\dotnet\sdk\10.0.103\Sdks\Microsoft.NET.Sdk.Razor\targets\Sdk.Razor.CurrentVersion.targets (884,5)
       C:\Program Files\dotnet\sdk\10.0.103\Sdks\Microsoft.NET.Sdk.Web.ProjectSystem\targets\Microsoft.NET.Sdk.Web.ProjectSystem.targets(21,5): message : Reasignación de propiedad: $(RunWorkingDirectory)="e:\Documentos\Proyectos\Spherikal\Spherical\src\Spherical" (valor anterior: "") en C:\Program Files\dotnet\sdk\10.0.103\Sdks\Microsoft.NET.Sdk.Web.ProjectSystem\targets\Microsoft.NET.Sdk.Web.ProjectSystem.targets (21,5)
       C:\Program Files\dotnet\sdk\10.0.103\Sdks\Microsoft.NET.Sdk.Publish\targets\Microsoft.NET.Sdk.Publish.targets(60,5): message : Reasignación de propiedad: $(PublishProfileImported)="true" (valor anterior: "false") en C:\Program Files\dotnet\sdk\10.0.103\Sdks\Microsoft.NET.Sdk.Publish\targets\Microsoft.NET.Sdk.Publish.targets (60,5)
       C:\Program Files\dotnet\sdk\10.0.103\Sdks\Microsoft.NET.Sdk.Publish\targets\Microsoft.NET.Sdk.Publish.targets(81,5): message : Reasignación de propiedad: $(PublishConfiguration)="Debug" (valor anterior: "") en C:\Program Files\dotnet\sdk\10.0.103\Sdks\Microsoft.NET.Sdk.Publish\targets\Microsoft.NET.Sdk.Publish.targets (81,5)
       C:\Program Files\dotnet\sdk\10.0.103\Sdks\Microsoft.NET.Sdk.Publish\targets\Microsoft.NET.Sdk.Publish.targets(87,5): message : Reasignación de propiedad: $(BaseIntermediateOutputPath)="e:\Documentos\Proyectos\Spherikal\Spherical\src\Spherical\obj\" (valor anterior: "obj\") en C:\Program Files\dotnet\sdk\10.0.103\Sdks\Microsoft.NET.Sdk.Publish\targets\Microsoft.NET.Sdk.Publish.targets (87,5)
       Invalidando el destino "ResolveFrameworkReferences" del proyecto"C:\Program Files\dotnet\sdk\10.0.103\Microsoft.Common.CurrentVersion.targets" con el destino "ResolveFrameworkReferences" del proyecto "C:\Program Files\dotnet\sdk\10.0.103\Sdks\Microsoft.NET.Sdk\targets\Microsoft.NET.Sdk.FrameworkReferenceResolution.targets".
       Invalidando el destino "GenerateSupportedTargetFrameworkAlias" del proyecto"C:\Program Files\dotnet\sdk\10.0.103\Microsoft.Common.CurrentVersion.targets" con el destino "GenerateSupportedTargetFrameworkAlias" del proyecto "C:\Program Files\dotnet\sdk\10.0.103\Sdks\Microsoft.NET.Sdk\targets\Microsoft.NET.Sdk.targets".
       Invalidando el destino "GetReferenceAssemblyPaths" del proyecto"C:\Program Files\dotnet\sdk\10.0.103\Microsoft.Common.CurrentVersion.targets" con el destino "GetReferenceAssemblyPaths" del proyecto "C:\Program Files\dotnet\sdk\10.0.103\Sdks\Microsoft.NET.Sdk\targets\Microsoft.NET.DisableStandardFrameworkResolution.targets".
       Invalidando el destino "GetFrameworkPaths" del proyecto"C:\Program Files\dotnet\sdk\10.0.103\Microsoft.Common.CurrentVersion.targets" con el destino "GetFrameworkPaths" del proyecto "C:\Program Files\dotnet\sdk\10.0.103\Sdks\Microsoft.NET.Sdk\targets\Microsoft.NET.DisableStandardFrameworkResolution.targets".
       Invalidando el destino "DesignerRuntimeImplementationProjectOutputGroup" del proyecto"C:\Program Files\dotnet\sdk\10.0.103\Microsoft.Common.CurrentVersion.targets" con el destino "DesignerRuntimeImplementationProjectOutputGroup" del proyecto "C:\Program Files\dotnet\sdk\10.0.103\Sdks\Microsoft.NET.Sdk\targets\Microsoft.NET.DesignerSupport.targets".
       Invalidando el destino "Publish" del proyecto"C:\Program Files\dotnet\sdk\10.0.103\Microsoft.Common.CurrentVersion.targets" con el destino "Publish" del proyecto "C:\Program Files\dotnet\sdk\10.0.103\Sdks\Microsoft.NET.Sdk\targets\Microsoft.NET.Publish.targets".
       Invalidando el destino "ResolveReadyToRunCompilers" del proyecto"C:\Program Files\dotnet\sdk\10.0.103\Sdks\Microsoft.NET.Sdk\targets\Microsoft.NET.CrossGen.targets" con el destino "ResolveReadyToRunCompilers" del proyecto "C:\Program Files\dotnet\sdk\10.0.103\Sdks\Microsoft.NET.Sdk\targets\Microsoft.NET.Publish.targets".
       Invalidando el destino "GetCopyToPublishDirectoryItems" del proyecto"C:\Program Files\dotnet\sdk\10.0.103\Microsoft.Common.CurrentVersion.targets" con el destino "GetCopyToPublishDirectoryItems" del proyecto "C:\Program Files\dotnet\sdk\10.0.103\Sdks\Microsoft.NET.Sdk\targets\Microsoft.NET.Publish.targets".
       Invalidando el destino "_CodeAnalysisTreatWarningsAsErrors" del proyecto"D:\Usuarios\german.alvarez\.nuget\packages\microsoft.codeanalysis.analyzers\3.11.0\buildTransitive\Microsoft.CodeAnalysis.Analyzers.targets" con el destino "_CodeAnalysisTreatWarningsAsErrors" del proyecto "C:\Program Files\dotnet\sdk\10.0.103\Sdks\Microsoft.NET.Sdk\analyzers\build\Microsoft.CodeAnalysis.NetAnalyzers.targets".
       Invalidando el destino "Run" del proyecto"C:\Program Files\dotnet\sdk\10.0.103\Microsoft.Common.CurrentVersion.targets" con el destino "Run" del proyecto "C:\Program Files\dotnet\sdk\10.0.103\Sdks\Microsoft.NET.Sdk\targets\Microsoft.NET.Sdk.targets".
       Invalidando el destino "BeforePublish" del proyecto"C:\Program Files\dotnet\sdk\10.0.103\Microsoft.Common.CurrentVersion.targets" con el destino "BeforePublish" del proyecto "C:\Program Files\dotnet\sdk\10.0.103\Sdks\Microsoft.NET.Sdk.Publish\targets\Microsoft.NET.Sdk.Publish.targets".
       Invalidando el destino "AfterPublish" del proyecto"C:\Program Files\dotnet\sdk\10.0.103\Microsoft.Common.CurrentVersion.targets" con el destino "AfterPublish" del proyecto "C:\Program Files\dotnet\sdk\10.0.103\Sdks\Microsoft.NET.Sdk.Publish\targets\Microsoft.NET.Sdk.Publish.targets".
       El destino "CollectUpToDateCheckInputDesignTime" que aparece en un atributo BeforeTargets en "C:\Program Files\dotnet\sdk\10.0.103\Sdks\Microsoft.NET.Sdk.StaticWebAssets\targets\Microsoft.NET.Sdk.StaticWebAssets.ScopedCss.targets (171,5)" no existe en el proyecto y se omitirá.
       El destino "CollectUpToDateCheckBuiltDesignTime" que aparece en un atributo BeforeTargets en "C:\Program Files\dotnet\sdk\10.0.103\Sdks\Microsoft.NET.Sdk.StaticWebAssets\targets\Microsoft.NET.Sdk.StaticWebAssets.ScopedCss.targets (171,5)" no existe en el proyecto y se omitirá.
       El destino "RazorGenerateComponentDeclaration" que aparece en un atributo AfterTargets en "C:\Program Files\dotnet\sdk\10.0.103\Sdks\Microsoft.NET.Sdk.Razor\targets\Microsoft.NET.Sdk.Razor.DesignTime.targets (55,53)" no existe en el proyecto y se omitirá.
   1:7>Proyecto "e:\Documentos\Proyectos\Spherikal\Spherical\src\Spherical\Spherical.csproj" en el nodo 1 (Rebuild destinos).
   1:7>Destino "NETStandardCompatError_Mono_TextTemplating_net6_0" en el archivo "D:\Usuarios\german.alvarez\.nuget\packages\mono.texttemplating\3.0.0\buildTransitive\Mono.TextTemplating.targets" del proyecto "e:\Documentos\Proyectos\Spherikal\Spherical\src\Spherical\Spherical.csproj" (punto de entrada):
   1:7>Compilación terminada del destino "NETStandardCompatError_Mono_TextTemplating_net6_0" en el proyecto "Spherical.csproj".
   1:7>Destino "_CollectTargetFrameworkForTelemetry" en el archivo "C:\Program Files\dotnet\sdk\10.0.103\Sdks\Microsoft.NET.Sdk\targets\Microsoft.NET.TargetFrameworkInference.targets" del proyecto "e:\Documentos\Proyectos\Spherikal\Spherical\src\Spherical\Spherical.csproj" (el destino "_CheckForInvalidConfigurationAndPlatform" depende de él):
       Usando la tarea "AllowEmptyTelemetry" del ensamblado "C:\Program Files\dotnet\sdk\10.0.103\Sdks\Microsoft.NET.Sdk\targets\..\tools\net10.0\Microsoft.NET.Build.Tasks.dll".
       Tarea "AllowEmptyTelemetry"
       Ejecución de la tarea "AllowEmptyTelemetry" terminada.
   1:7>Compilación terminada del destino "_CollectTargetFrameworkForTelemetry" en el proyecto "Spherical.csproj".
   1:7>Destino "_CheckForUnsupportedNETCoreVersion" en el archivo "C:\Program Files\dotnet\sdk\10.0.103\Sdks\Microsoft.NET.Sdk\targets\Microsoft.NET.TargetFrameworkInference.targets" del proyecto "e:\Documentos\Proyectos\Spherikal\Spherical\src\Spherical\Spherical.csproj" (el destino "_CheckForInvalidConfigurationAndPlatform" depende de él):
   1:7>Compilación terminada del destino "_CheckForUnsupportedNETCoreVersion" en el proyecto "Spherical.csproj".
   1:7>Destino "_CheckForUnsupportedCppNETCoreVersion" en el archivo "C:\Program Files\dotnet\sdk\10.0.103\Sdks\Microsoft.NET.Sdk\targets\Microsoft.NET.TargetFrameworkInference.targets" del proyecto "e:\Documentos\Proyectos\Spherikal\Spherical\src\Spherical\Spherical.csproj" (el destino "_CheckForInvalidConfigurationAndPlatform" depende de él):
   1:7>Compilación terminada del destino "_CheckForUnsupportedCppNETCoreVersion" en el proyecto "Spherical.csproj".
   1:7>Destino "_CheckForUnsupportedArtifactsPath" en el archivo "C:\Program Files\dotnet\sdk\10.0.103\Sdks\Microsoft.NET.Sdk\targets\Microsoft.NET.DefaultOutputPaths.targets" del proyecto "e:\Documentos\Proyectos\Spherikal\Spherical\src\Spherical\Spherical.csproj" (el destino "_CheckForInvalidConfigurationAndPlatform" depende de él):
   1:7>Compilación terminada del destino "_CheckForUnsupportedArtifactsPath" en el proyecto "Spherical.csproj".
   1:7>Destino "_CheckRIDAsserts" en el archivo "C:\Program Files\dotnet\sdk\10.0.103\Sdks\Microsoft.NET.Sdk\targets\Microsoft.NET.RuntimeIdentifierInference.targets" del proyecto "e:\Documentos\Proyectos\Spherikal\Spherical\src\Spherical\Spherical.csproj" (el destino "_CheckForUnsupportedAppHostUsage" depende de él):
   1:7>Compilación terminada del destino "_CheckRIDAsserts" en el proyecto "Spherical.csproj".
   1:7>Destino "_CheckForUnsupportedAppHostUsage" en el archivo "C:\Program Files\dotnet\sdk\10.0.103\Sdks\Microsoft.NET.Sdk\targets\Microsoft.NET.RuntimeIdentifierInference.targets" del proyecto "e:\Documentos\Proyectos\Spherikal\Spherical\src\Spherical\Spherical.csproj" (el destino "_CheckForInvalidConfigurationAndPlatform" depende de él):
   1:7>Compilación terminada del destino "_CheckForUnsupportedAppHostUsage" en el proyecto "Spherical.csproj".
   1:7>Destino "_CheckForUnsupportedHostingUsage" en el archivo "C:\Program Files\dotnet\sdk\10.0.103\Sdks\Microsoft.NET.Sdk\targets\Microsoft.NET.RuntimeIdentifierInference.targets" del proyecto "e:\Documentos\Proyectos\Spherikal\Spherical\src\Spherical\Spherical.csproj" (el destino "_CheckForInvalidConfigurationAndPlatform" depende de él):
   1:7>Compilación terminada del destino "_CheckForUnsupportedHostingUsage" en el proyecto "Spherical.csproj".
   1:7>Destino "_CheckAndUnsetUnsupportedPrefer32Bit" en el archivo "C:\Program Files\dotnet\sdk\10.0.103\Sdks\Microsoft.NET.Sdk\targets\Microsoft.NET.RuntimeIdentifierInference.targets" del proyecto "e:\Documentos\Proyectos\Spherikal\Spherical\src\Spherical\Spherical.csproj" (el destino "_CheckForInvalidConfigurationAndPlatform" depende de él):
   1:7>Compilación terminada del destino "_CheckAndUnsetUnsupportedPrefer32Bit" en el proyecto "Spherical.csproj".
   1:7>Destino "_CheckForLanguageAndFeatureCombinationSupport" en el archivo "C:\Program Files\dotnet\sdk\10.0.103\Sdks\Microsoft.NET.Sdk\targets\Microsoft.NET.RuntimeIdentifierInference.targets" del proyecto "e:\Documentos\Proyectos\Spherikal\Spherical\src\Spherical\Spherical.csproj" (el destino "_CheckForInvalidConfigurationAndPlatform" depende de él):
   1:7>Compilación terminada del destino "_CheckForLanguageAndFeatureCombinationSupport" en el proyecto "Spherical.csproj".
   1:7>Destino "UpdateAspNetToFrameworkReference" en el archivo "C:\Program Files\dotnet\sdk\10.0.103\Sdks\Microsoft.NET.Sdk\targets\Microsoft.NET.Sdk.DefaultItems.Shared.targets" del proyecto "e:\Documentos\Proyectos\Spherikal\Spherical\src\Spherical\Spherical.csproj" (el destino "ApplyImplicitVersions" depende de él):
       Usando la tarea "CheckIfPackageReferenceShouldBeFrameworkReference" del ensamblado "C:\Program Files\dotnet\sdk\10.0.103\Sdks\Microsoft.NET.Sdk\targets\..\tools\net10.0\Microsoft.NET.Build.Tasks.dll".
       Tarea "CheckIfPackageReferenceShouldBeFrameworkReference"
       Ejecución de la tarea "CheckIfPackageReferenceShouldBeFrameworkReference" terminada.
       Tarea "CheckIfPackageReferenceShouldBeFrameworkReference"
       Ejecución de la tarea "CheckIfPackageReferenceShouldBeFrameworkReference" terminada.
   1:7>Compilación terminada del destino "UpdateAspNetToFrameworkReference" en el proyecto "Spherical.csproj".
   1:7>Destino "CheckForImplicitPackageReferenceOverrides" en el archivo "C:\Program Files\dotnet\sdk\10.0.103\Sdks\Microsoft.NET.Sdk\targets\Microsoft.NET.Sdk.DefaultItems.Shared.targets" del proyecto "e:\Documentos\Proyectos\Spherikal\Spherical\src\Spherical\Spherical.csproj" (el destino "ApplyImplicitVersions" depende de él):
       Usando la tarea "CheckForImplicitPackageReferenceOverrides" del ensamblado "C:\Program Files\dotnet\sdk\10.0.103\Sdks\Microsoft.NET.Sdk\targets\..\tools\net10.0\Microsoft.NET.Build.Tasks.dll".
       Tarea "CheckForImplicitPackageReferenceOverrides"
       Ejecución de la tarea "CheckForImplicitPackageReferenceOverrides" terminada.
   1:7>Compilación terminada del destino "CheckForImplicitPackageReferenceOverrides" en el proyecto "Spherical.csproj".
   1:7>Destino "ApplyImplicitVersions" en el archivo "C:\Program Files\dotnet\sdk\10.0.103\Sdks\Microsoft.NET.Sdk\targets\Microsoft.NET.Sdk.DefaultItems.Shared.targets" del proyecto "e:\Documentos\Proyectos\Spherikal\Spherical\src\Spherical\Spherical.csproj" (el destino "CollectPackageReferences" depende de él):
       Usando la tarea "ApplyImplicitVersions" del ensamblado "C:\Program Files\dotnet\sdk\10.0.103\Sdks\Microsoft.NET.Sdk\targets\..\tools\net10.0\Microsoft.NET.Build.Tasks.dll".
       Tarea "ApplyImplicitVersions"
       Ejecución de la tarea "ApplyImplicitVersions" terminada.
   1:7>Compilación terminada del destino "ApplyImplicitVersions" en el proyecto "Spherical.csproj".
       Se omitió el destino "CheckForImplicitPackageReferenceOverrides". Compilado previamente de forma correcta.
   1:7>Destino "_ComputeToolPackInputsToProcessFrameworkReferences" en el archivo "C:\Program Files\dotnet\sdk\10.0.103\Sdks\Microsoft.NET.Sdk\targets\Microsoft.NET.Publish.targets" del proyecto "e:\Documentos\Proyectos\Spherikal\Spherical\src\Spherical\Spherical.csproj" (el destino "ProcessFrameworkReferences" depende de él):
   1:7>Compilación terminada del destino "_ComputeToolPackInputsToProcessFrameworkReferences" en el proyecto "Spherical.csproj".
   1:7>Destino "ResolveRequiredWebAssets" en el archivo "C:\Program Files\dotnet\sdk\10.0.103\Sdks\Microsoft.NET.Sdk.Web.ProjectSystem\targets\Microsoft.NET.Sdk.Web.ProjectSystem.targets" del proyecto "e:\Documentos\Proyectos\Spherikal\Spherical\src\Spherical\Spherical.csproj" (el destino "ProcessFrameworkReferences" depende de él):
   1:7>Compilación terminada del destino "ResolveRequiredWebAssets" en el proyecto "Spherical.csproj".
   1:7>Destino "ProcessFrameworkReferences" en el archivo "C:\Program Files\dotnet\sdk\10.0.103\Sdks\Microsoft.NET.Sdk\targets\Microsoft.NET.Sdk.FrameworkReferenceResolution.targets" del proyecto "e:\Documentos\Proyectos\Spherikal\Spherical\src\Spherical\Spherical.csproj" (el destino "CollectPackageReferences" depende de él):
       Usando la tarea "CheckForDuplicateFrameworkReferences" del ensamblado "C:\Program Files\dotnet\sdk\10.0.103\Sdks\Microsoft.NET.Sdk\targets\..\tools\net10.0\Microsoft.NET.Build.Tasks.dll".
       Tarea "CheckForDuplicateFrameworkReferences"
       Ejecución de la tarea "CheckForDuplicateFrameworkReferences" terminada.
       Usando la tarea "ProcessFrameworkReferences" del ensamblado "C:\Program Files\dotnet\sdk\10.0.103\Sdks\Microsoft.NET.Sdk\targets\..\tools\net10.0\Microsoft.NET.Build.Tasks.dll".
       Tarea "ProcessFrameworkReferences"
         Found 2 known framework references for target framework .NETCoreApp
         Found 5 known runtime packs for target framework .NETCoreApp
         Selected Microsoft.NETCore.App with RIDs 'linux-arm;linux-arm64;linux-musl-arm64;linux-musl-x64;linux-x64;osx-x64;tizen.4.0.0-armel;tizen.5.0.0-armel;win-arm64;win-x64;win-x86;linux-musl-arm;osx-arm64;linux-s390x;linux-loongarch64;linux-bionic-arm;linux-bionic-arm64;linux-bionic-x64;linux-bionic-x86;linux-ppc64le;freebsd-x64;freebsd-arm64;linux-riscv64;linux-musl-riscv64;linux-musl-loongarch64;android-arm64;android-x64'
         Selected targeting pack 'Microsoft.NETCore.App@10.0.3'
         Added runtime framework 'Microsoft.NETCore.App@10.0.0'
         Selected Microsoft.WindowsDesktop.App with RIDs 'win-x64;win-x86;win-arm64'
         Selected targeting pack 'Microsoft.WindowsDesktop.App@10.0.3'
         Added runtime framework 'Microsoft.WindowsDesktop.App@10.0.0'
         Selected Microsoft.WindowsDesktop.App with RIDs 'win-x64;win-x86;win-arm64'
         Selected targeting pack 'Microsoft.WindowsDesktop.App.WPF@10.0.3'
         Added runtime framework 'Microsoft.WindowsDesktop.App@10.0.0'
         Selected Microsoft.WindowsDesktop.App with RIDs 'win-x64;win-x86;win-arm64'
         Selected targeting pack 'Microsoft.WindowsDesktop.App.WindowsForms@10.0.3'
         Added runtime framework 'Microsoft.WindowsDesktop.App@10.0.0'
         Selected Microsoft.AspNetCore.App with RIDs 'win-x64;win-x86;osx-x64;linux-musl-x64;linux-musl-arm64;linux-x64;linux-arm;linux-arm64;linux-musl-arm;win-arm64;osx-arm64;linux-s390x;linux-loongarch64;linux-ppc64le;freebsd-x64;freebsd-arm64;linux-riscv64;linux-musl-riscv64;linux-loongarch64;linux-musl-loongarch64'
         Selected targeting pack 'Microsoft.AspNetCore.App@10.0.3'
         Added runtime framework 'Microsoft.AspNetCore.App@10.0.0'
         Adding tool pack AspNetCore for runtime 10.0
         Found AspNetCore pack 'Microsoft.AspNetCore.App.Internal.Assets@10.0.3'
         Added Microsoft.AspNetCore.App.Internal.Assets@10.0.3 for build-time targets
       Ejecución de la tarea "ProcessFrameworkReferences" terminada.
       Usando la tarea "ResolveAppHosts" del ensamblado "C:\Program Files\dotnet\sdk\10.0.103\Sdks\Microsoft.NET.Sdk\targets\..\tools\net10.0\Microsoft.NET.Build.Tasks.dll".
       Tarea "ResolveAppHosts"
       Ejecución de la tarea "ResolveAppHosts" terminada.
   1:7>Compilación terminada del destino "ProcessFrameworkReferences" en el proyecto "Spherical.csproj".
   1:7>Destino "_CheckForObsoleteDotNetCliToolReferences" en el archivo "C:\Program Files\dotnet\sdk\10.0.103\Sdks\Microsoft.NET.Sdk\targets\Microsoft.NET.ObsoleteReferences.targets" del proyecto "e:\Documentos\Proyectos\Spherikal\Spherical\src\Spherical\Spherical.csproj" (el destino "CollectPackageReferences" depende de él):
   1:7>Compilación terminada del destino "_CheckForObsoleteDotNetCliToolReferences" en el proyecto "Spherical.csproj".
   1:7>Destino "CollectPackageReferences" en el archivo "C:\Program Files\dotnet\sdk\10.0.103\NuGet.targets" del proyecto "e:\Documentos\Proyectos\Spherikal\Spherical\src\Spherical\Spherical.csproj" (el destino "_GetRestoreProjectStyle" depende de él):
       Usando la tarea "CheckForDuplicateNuGetItemsTask" del ensamblado "C:\Program Files\dotnet\sdk\10.0.103\NuGet.Build.Tasks.dll".
       Tarea "CheckForDuplicateNuGetItemsTask"
       Ejecución de la tarea "CheckForDuplicateNuGetItemsTask" terminada.
   1:7>Compilación terminada del destino "CollectPackageReferences" en el proyecto "Spherical.csproj".
   1:7>Destino "_GetRestoreProjectStyle" en el archivo "C:\Program Files\dotnet\sdk\10.0.103\NuGet.targets" del proyecto "e:\Documentos\Proyectos\Spherikal\Spherical\src\Spherical\Spherical.csproj" (el destino "EnableIntermediateOutputPathMismatchWarning" depende de él):
       Usando la tarea "GetRestoreProjectStyleTask" del ensamblado "C:\Program Files\dotnet\sdk\10.0.103\NuGet.Build.Tasks.dll".
       Tarea "GetRestoreProjectStyleTask"
       Ejecución de la tarea "GetRestoreProjectStyleTask" terminada.
   1:7>Compilación terminada del destino "_GetRestoreProjectStyle" en el proyecto "Spherical.csproj".
   1:7>Destino "EnableIntermediateOutputPathMismatchWarning" en el archivo "C:\Program Files\dotnet\sdk\10.0.103\NuGet.targets" del proyecto "e:\Documentos\Proyectos\Spherikal\Spherical\src\Spherical\Spherical.csproj" (el destino "_CheckForInvalidConfigurationAndPlatform" depende de él):
   1:7>Compilación terminada del destino "EnableIntermediateOutputPathMismatchWarning" en el proyecto "Spherical.csproj".
       Se omitió el destino "ApplyImplicitVersions". Compilado previamente de forma correcta.
       Se omitió el destino "CheckForImplicitPackageReferenceOverrides". Compilado previamente de forma correcta.
   1:7>Destino "CheckForDuplicateItems" en el archivo "C:\Program Files\dotnet\sdk\10.0.103\Sdks\Microsoft.NET.Sdk\targets\Microsoft.NET.Sdk.DefaultItems.Shared.targets" del proyecto "e:\Documentos\Proyectos\Spherikal\Spherical\src\Spherical\Spherical.csproj" (el destino "_CheckForInvalidConfigurationAndPlatform" depende de él):
       Usando la tarea "CheckForDuplicateItems" del ensamblado "C:\Program Files\dotnet\sdk\10.0.103\Sdks\Microsoft.NET.Sdk\targets\..\tools\net10.0\Microsoft.NET.Build.Tasks.dll".
       Tarea "CheckForDuplicateItems"
       Ejecución de la tarea "CheckForDuplicateItems" terminada.
       Tarea "CheckForDuplicateItems"
       Ejecución de la tarea "CheckForDuplicateItems" terminada.
       Tarea "CheckForDuplicateItems"
       Ejecución de la tarea "CheckForDuplicateItems" terminada.
   1:7>Compilación terminada del destino "CheckForDuplicateItems" en el proyecto "Spherical.csproj".
       Se omitió el destino "ProcessFrameworkReferences". Compilado previamente de forma correcta.
   1:7>Destino "_CheckForInvalidConfigurationAndPlatform" en el archivo "C:\Program Files\dotnet\sdk\10.0.103\Microsoft.Common.CurrentVersion.targets" del proyecto "e:\Documentos\Proyectos\Spherikal\Spherical\src\Spherical\Spherical.csproj" (el destino "_SdkBeforeRebuild" depende de él):
       Tarea "Message"
         Configuration=Debug
       Ejecución de la tarea "Message" terminada.
       Tarea "Message"
         Platform=AnyCPU
       Ejecución de la tarea "Message" terminada.
   1:7>Compilación terminada del destino "_CheckForInvalidConfigurationAndPlatform" en el proyecto "Spherical.csproj".
   1:7>Destino "ValidateCommandLineProperties" en el archivo "C:\Program Files\dotnet\sdk\10.0.103\Sdks\Microsoft.NET.Sdk\targets\Microsoft.NET.Sdk.targets" del proyecto "e:\Documentos\Proyectos\Spherikal\Spherical\src\Spherical\Spherical.csproj" (el destino "_SdkBeforeRebuild" depende de él):
   1:7>Compilación terminada del destino "ValidateCommandLineProperties" en el proyecto "Spherical.csproj".
   1:7>Destino "_SdkBeforeRebuild" en el archivo "C:\Program Files\dotnet\sdk\10.0.103\Sdks\Microsoft.NET.Sdk\targets\Microsoft.NET.Sdk.targets" del proyecto "e:\Documentos\Proyectos\Spherikal\Spherical\src\Spherical\Spherical.csproj" (el destino "Rebuild" depende de él):
   1:7>Compilación terminada del destino "_SdkBeforeRebuild" en el proyecto "Spherical.csproj".
   1:7>Destino "BeforeRebuild" en el archivo "C:\Program Files\dotnet\sdk\10.0.103\Microsoft.Common.CurrentVersion.targets" del proyecto "e:\Documentos\Proyectos\Spherikal\Spherical\src\Spherical\Spherical.csproj" (el destino "Rebuild" depende de él):
   1:7>Compilación terminada del destino "BeforeRebuild" en el proyecto "Spherical.csproj".
   1:7>Destino "BeforeClean" en el archivo "C:\Program Files\dotnet\sdk\10.0.103\Microsoft.Common.CurrentVersion.targets" del proyecto "e:\Documentos\Proyectos\Spherikal\Spherical\src\Spherical\Spherical.csproj" (el destino "Clean" depende de él):
   1:7>Compilación terminada del destino "BeforeClean" en el proyecto "Spherical.csproj".
   1:7>Destino "_SdkBeforeClean" en el archivo "C:\Program Files\dotnet\sdk\10.0.103\Sdks\Microsoft.NET.Sdk\targets\Microsoft.NET.Sdk.targets" del proyecto "e:\Documentos\Proyectos\Spherikal\Spherical\src\Spherical\Spherical.csproj" (el destino "CoreClean" depende de él):
   1:7>Compilación terminada del destino "_SdkBeforeClean" en el proyecto "Spherical.csproj".
   1:7>Destino "CoreClean" en el archivo "C:\Program Files\dotnet\sdk\10.0.103\Microsoft.Common.CurrentVersion.targets" del proyecto "e:\Documentos\Proyectos\Spherikal\Spherical\src\Spherical\Spherical.csproj" (el destino "Clean" depende de él):
       Usando la tarea "Delete" del ensamblado "Microsoft.Build.Tasks.Core, Version=15.1.0.0, Culture=neutral, PublicKeyToken=b03f5f7f11d50a3a".
       Tarea "Delete"
       Ejecución de la tarea "Delete" terminada.
       Usando la tarea "ReadLinesFromFile" del ensamblado "Microsoft.Build.Tasks.Core, Version=15.1.0.0, Culture=neutral, PublicKeyToken=b03f5f7f11d50a3a".
       Tarea "ReadLinesFromFile"
       Ejecución de la tarea "ReadLinesFromFile" terminada.
       Usando la tarea "FindUnderPath" del ensamblado "Microsoft.Build.Tasks.Core, Version=15.1.0.0, Culture=neutral, PublicKeyToken=b03f5f7f11d50a3a".
       Tarea "FindUnderPath"
         La ruta de comparación es "bin\Debug\net10.0\".
       Ejecución de la tarea "FindUnderPath" terminada.
       Tarea "FindUnderPath"
         La ruta de comparación es "obj\Debug\net10.0\".
       Ejecución de la tarea "FindUnderPath" terminada.
       Tarea "Delete"
         El archivo "E:\Documentos\Proyectos\Spherikal\Spherical\src\Spherical\bin\Debug\net10.0\BuildHost-net472\Microsoft.Build.Locator.dll" no existe. Se omitirá.
         El archivo "E:\Documentos\Proyectos\Spherikal\Spherical\src\Spherical\bin\Debug\net10.0\BuildHost-net472\Microsoft.CodeAnalysis.Workspaces.MSBuild.BuildHost.exe" no existe. Se omitirá.
         El archivo "E:\Documentos\Proyectos\Spherikal\Spherical\src\Spherical\bin\Debug\net10.0\BuildHost-net472\Microsoft.CodeAnalysis.Workspaces.MSBuild.BuildHost.exe.config" no existe. Se omitirá.
         El archivo "E:\Documentos\Proyectos\Spherikal\Spherical\src\Spherical\bin\Debug\net10.0\BuildHost-net472\Microsoft.IO.Redist.dll" no existe. Se omitirá.
         El archivo "E:\Documentos\Proyectos\Spherikal\Spherical\src\Spherical\bin\Debug\net10.0\BuildHost-net472\Newtonsoft.Json.dll" no existe. Se omitirá.
         El archivo "E:\Documentos\Proyectos\Spherikal\Spherical\src\Spherical\bin\Debug\net10.0\BuildHost-net472\System.Buffers.dll" no existe. Se omitirá.
         El archivo "E:\Documentos\Proyectos\Spherikal\Spherical\src\Spherical\bin\Debug\net10.0\BuildHost-net472\System.Collections.Immutable.dll" no existe. Se omitirá.
         El archivo "E:\Documentos\Proyectos\Spherikal\Spherical\src\Spherical\bin\Debug\net10.0\BuildHost-net472\System.CommandLine.dll" no existe. Se omitirá.
         El archivo "E:\Documentos\Proyectos\Spherikal\Spherical\src\Spherical\bin\Debug\net10.0\BuildHost-net472\System.Memory.dll" no existe. Se omitirá.
         El archivo "E:\Documentos\Proyectos\Spherikal\Spherical\src\Spherical\bin\Debug\net10.0\BuildHost-net472\System.Numerics.Vectors.dll" no existe. Se omitirá.
         El archivo "E:\Documentos\Proyectos\Spherikal\Spherical\src\Spherical\bin\Debug\net10.0\BuildHost-net472\System.Runtime.CompilerServices.Unsafe.dll" no existe. Se omitirá.
         El archivo "E:\Documentos\Proyectos\Spherikal\Spherical\src\Spherical\bin\Debug\net10.0\BuildHost-net472\System.Threading.Tasks.Extensions.dll" no existe. Se omitirá.
         El archivo "E:\Documentos\Proyectos\Spherikal\Spherical\src\Spherical\bin\Debug\net10.0\BuildHost-net472\cs\System.CommandLine.resources.dll" no existe. Se omitirá.
         El archivo "E:\Documentos\Proyectos\Spherikal\Spherical\src\Spherical\bin\Debug\net10.0\BuildHost-net472\de\System.CommandLine.resources.dll" no existe. Se omitirá.
         El archivo "E:\Documentos\Proyectos\Spherikal\Spherical\src\Spherical\bin\Debug\net10.0\BuildHost-net472\es\System.CommandLine.resources.dll" no existe. Se omitirá.
         El archivo "E:\Documentos\Proyectos\Spherikal\Spherical\src\Spherical\bin\Debug\net10.0\BuildHost-net472\fr\System.CommandLine.resources.dll" no existe. Se omitirá.
         El archivo "E:\Documentos\Proyectos\Spherikal\Spherical\src\Spherical\bin\Debug\net10.0\BuildHost-net472\it\System.CommandLine.resources.dll" no existe. Se omitirá.
         El archivo "E:\Documentos\Proyectos\Spherikal\Spherical\src\Spherical\bin\Debug\net10.0\BuildHost-net472\ja\System.CommandLine.resources.dll" no existe. Se omitirá.
         El archivo "E:\Documentos\Proyectos\Spherikal\Spherical\src\Spherical\bin\Debug\net10.0\BuildHost-net472\ko\System.CommandLine.resources.dll" no existe. Se omitirá.
         El archivo "E:\Documentos\Proyectos\Spherikal\Spherical\src\Spherical\bin\Debug\net10.0\BuildHost-net472\pl\System.CommandLine.resources.dll" no existe. Se omitirá.
         El archivo "E:\Documentos\Proyectos\Spherikal\Spherical\src\Spherical\bin\Debug\net10.0\BuildHost-net472\pt-BR\System.CommandLine.resources.dll" no existe. Se omitirá.
         El archivo "E:\Documentos\Proyectos\Spherikal\Spherical\src\Spherical\bin\Debug\net10.0\BuildHost-net472\ru\System.CommandLine.resources.dll" no existe. Se omitirá.
         El archivo "E:\Documentos\Proyectos\Spherikal\Spherical\src\Spherical\bin\Debug\net10.0\BuildHost-net472\tr\System.CommandLine.resources.dll" no existe. Se omitirá.
         El archivo "E:\Documentos\Proyectos\Spherikal\Spherical\src\Spherical\bin\Debug\net10.0\BuildHost-net472\zh-Hans\System.CommandLine.resources.dll" no existe. Se omitirá.
         El archivo "E:\Documentos\Proyectos\Spherikal\Spherical\src\Spherical\bin\Debug\net10.0\BuildHost-net472\zh-Hant\System.CommandLine.resources.dll" no existe. Se omitirá.
         El archivo "E:\Documentos\Proyectos\Spherikal\Spherical\src\Spherical\bin\Debug\net10.0\BuildHost-netcore\Microsoft.Build.Locator.dll" no existe. Se omitirá.
         El archivo "E:\Documentos\Proyectos\Spherikal\Spherical\src\Spherical\bin\Debug\net10.0\BuildHost-netcore\Microsoft.CodeAnalysis.Workspaces.MSBuild.BuildHost.deps.json" no existe. Se omitirá.
         El archivo "E:\Documentos\Proyectos\Spherikal\Spherical\src\Spherical\bin\Debug\net10.0\BuildHost-netcore\Microsoft.CodeAnalysis.Workspaces.MSBuild.BuildHost.dll" no existe. Se omitirá.
         El archivo "E:\Documentos\Proyectos\Spherikal\Spherical\src\Spherical\bin\Debug\net10.0\BuildHost-netcore\Microsoft.CodeAnalysis.Workspaces.MSBuild.BuildHost.dll.config" no existe. Se omitirá.
         El archivo "E:\Documentos\Proyectos\Spherikal\Spherical\src\Spherical\bin\Debug\net10.0\BuildHost-netcore\Microsoft.CodeAnalysis.Workspaces.MSBuild.BuildHost.runtimeconfig.json" no existe. Se omitirá.
         El archivo "E:\Documentos\Proyectos\Spherikal\Spherical\src\Spherical\bin\Debug\net10.0\BuildHost-netcore\Newtonsoft.Json.dll" no existe. Se omitirá.
         El archivo "E:\Documentos\Proyectos\Spherikal\Spherical\src\Spherical\bin\Debug\net10.0\BuildHost-netcore\System.Collections.Immutable.dll" no existe. Se omitirá.
         El archivo "E:\Documentos\Proyectos\Spherikal\Spherical\src\Spherical\bin\Debug\net10.0\BuildHost-netcore\System.CommandLine.dll" no existe. Se omitirá.
         El archivo "E:\Documentos\Proyectos\Spherikal\Spherical\src\Spherical\bin\Debug\net10.0\BuildHost-netcore\cs\System.CommandLine.resources.dll" no existe. Se omitirá.
         El archivo "E:\Documentos\Proyectos\Spherikal\Spherical\src\Spherical\bin\Debug\net10.0\BuildHost-netcore\de\System.CommandLine.resources.dll" no existe. Se omitirá.
         El archivo "E:\Documentos\Proyectos\Spherikal\Spherical\src\Spherical\bin\Debug\net10.0\BuildHost-netcore\es\System.CommandLine.resources.dll" no existe. Se omitirá.
         El archivo "E:\Documentos\Proyectos\Spherikal\Spherical\src\Spherical\bin\Debug\net10.0\BuildHost-netcore\fr\System.CommandLine.resources.dll" no existe. Se omitirá.
         El archivo "E:\Documentos\Proyectos\Spherikal\Spherical\src\Spherical\bin\Debug\net10.0\BuildHost-netcore\it\System.CommandLine.resources.dll" no existe. Se omitirá.
         El archivo "E:\Documentos\Proyectos\Spherikal\Spherical\src\Spherical\bin\Debug\net10.0\BuildHost-netcore\ja\System.CommandLine.resources.dll" no existe. Se omitirá.
         El archivo "E:\Documentos\Proyectos\Spherikal\Spherical\src\Spherical\bin\Debug\net10.0\BuildHost-netcore\ko\System.CommandLine.resources.dll" no existe. Se omitirá.
         El archivo "E:\Documentos\Proyectos\Spherikal\Spherical\src\Spherical\bin\Debug\net10.0\BuildHost-netcore\pl\System.CommandLine.resources.dll" no existe. Se omitirá.
         El archivo "E:\Documentos\Proyectos\Spherikal\Spherical\src\Spherical\bin\Debug\net10.0\BuildHost-netcore\pt-BR\System.CommandLine.resources.dll" no existe. Se omitirá.
         El archivo "E:\Documentos\Proyectos\Spherikal\Spherical\src\Spherical\bin\Debug\net10.0\BuildHost-netcore\ru\System.CommandLine.resources.dll" no existe. Se omitirá.
         El archivo "E:\Documentos\Proyectos\Spherikal\Spherical\src\Spherical\bin\Debug\net10.0\BuildHost-netcore\tr\System.CommandLine.resources.dll" no existe. Se omitirá.
         El archivo "E:\Documentos\Proyectos\Spherikal\Spherical\src\Spherical\bin\Debug\net10.0\BuildHost-netcore\zh-Hans\System.CommandLine.resources.dll" no existe. Se omitirá.
         El archivo "E:\Documentos\Proyectos\Spherikal\Spherical\src\Spherical\bin\Debug\net10.0\BuildHost-netcore\zh-Hant\System.CommandLine.resources.dll" no existe. Se omitirá.
         El archivo "E:\Documentos\Proyectos\Spherikal\Spherical\src\Spherical\bin\Debug\net10.0\appsettings.Development.json" no existe. Se omitirá.
         El archivo "E:\Documentos\Proyectos\Spherikal\Spherical\src\Spherical\bin\Debug\net10.0\appsettings.json" no existe. Se omitirá.
         El archivo "E:\Documentos\Proyectos\Spherikal\Spherical\src\Spherical\bin\Debug\net10.0\Spherical.staticwebassets.runtime.json" no existe. Se omitirá.
         El archivo "E:\Documentos\Proyectos\Spherikal\Spherical\src\Spherical\bin\Debug\net10.0\Spherical.staticwebassets.endpoints.json" no existe. Se omitirá.
         El archivo "E:\Documentos\Proyectos\Spherikal\Spherical\src\Spherical\bin\Debug\net10.0\Spherical.exe" no existe. Se omitirá.
         El archivo "E:\Documentos\Proyectos\Spherikal\Spherical\src\Spherical\bin\Debug\net10.0\Spherical.deps.json" no existe. Se omitirá.
         El archivo "E:\Documentos\Proyectos\Spherikal\Spherical\src\Spherical\bin\Debug\net10.0\Spherical.runtimeconfig.json" no existe. Se omitirá.
         El archivo "E:\Documentos\Proyectos\Spherikal\Spherical\src\Spherical\bin\Debug\net10.0\Spherical.dll" no existe. Se omitirá.
         El archivo "E:\Documentos\Proyectos\Spherikal\Spherical\src\Spherical\bin\Debug\net10.0\Spherical.pdb" no existe. Se omitirá.
         El archivo "E:\Documentos\Proyectos\Spherikal\Spherical\src\Spherical\bin\Debug\net10.0\Azure.Core.dll" no existe. Se omitirá.
         El archivo "E:\Documentos\Proyectos\Spherikal\Spherical\src\Spherical\bin\Debug\net10.0\Azure.Identity.dll" no existe. Se omitirá.
         El archivo "E:\Documentos\Proyectos\Spherikal\Spherical\src\Spherical\bin\Debug\net10.0\ClosedXML.dll" no existe. Se omitirá.
         El archivo "E:\Documentos\Proyectos\Spherikal\Spherical\src\Spherical\bin\Debug\net10.0\ClosedXML.Parser.dll" no existe. Se omitirá.
         El archivo "E:\Documentos\Proyectos\Spherikal\Spherical\src\Spherical\bin\Debug\net10.0\DocumentFormat.OpenXml.dll" no existe. Se omitirá.
         El archivo "E:\Documentos\Proyectos\Spherikal\Spherical\src\Spherical\bin\Debug\net10.0\DocumentFormat.OpenXml.Framework.dll" no existe. Se omitirá.
         El archivo "E:\Documentos\Proyectos\Spherikal\Spherical\src\Spherical\bin\Debug\net10.0\ExcelNumberFormat.dll" no existe. Se omitirá.
         El archivo "E:\Documentos\Proyectos\Spherikal\Spherical\src\Spherical\bin\Debug\net10.0\Humanizer.dll" no existe. Se omitirá.
         El archivo "E:\Documentos\Proyectos\Spherikal\Spherical\src\Spherical\bin\Debug\net10.0\Microsoft.AspNetCore.Authentication.JwtBearer.dll" no existe. Se omitirá.
         El archivo "E:\Documentos\Proyectos\Spherikal\Spherical\src\Spherical\bin\Debug\net10.0\Microsoft.Bcl.AsyncInterfaces.dll" no existe. Se omitirá.
         El archivo "E:\Documentos\Proyectos\Spherikal\Spherical\src\Spherical\bin\Debug\net10.0\Microsoft.Bcl.Cryptography.dll" no existe. Se omitirá.
         El archivo "E:\Documentos\Proyectos\Spherikal\Spherical\src\Spherical\bin\Debug\net10.0\Microsoft.Build.dll" no existe. Se omitirá.
         El archivo "E:\Documentos\Proyectos\Spherikal\Spherical\src\Spherical\bin\Debug\net10.0\Microsoft.Build.Framework.dll" no existe. Se omitirá.
         El archivo "E:\Documentos\Proyectos\Spherikal\Spherical\src\Spherical\bin\Debug\net10.0\Microsoft.Build.Tasks.Core.dll" no existe. Se omitirá.
         El archivo "E:\Documentos\Proyectos\Spherikal\Spherical\src\Spherical\bin\Debug\net10.0\Microsoft.Build.Utilities.Core.dll" no existe. Se omitirá.
         El archivo "E:\Documentos\Proyectos\Spherikal\Spherical\src\Spherical\bin\Debug\net10.0\Microsoft.CodeAnalysis.dll" no existe. Se omitirá.
         El archivo "E:\Documentos\Proyectos\Spherikal\Spherical\src\Spherical\bin\Debug\net10.0\Microsoft.CodeAnalysis.CSharp.dll" no existe. Se omitirá.
         El archivo "E:\Documentos\Proyectos\Spherikal\Spherical\src\Spherical\bin\Debug\net10.0\Microsoft.CodeAnalysis.CSharp.Workspaces.dll" no existe. Se omitirá.
         El archivo "E:\Documentos\Proyectos\Spherikal\Spherical\src\Spherical\bin\Debug\net10.0\Microsoft.CodeAnalysis.Workspaces.dll" no existe. Se omitirá.
         El archivo "E:\Documentos\Proyectos\Spherikal\Spherical\src\Spherical\bin\Debug\net10.0\Microsoft.CodeAnalysis.ExternalAccess.RazorCompiler.dll" no existe. Se omitirá.
         El archivo "E:\Documentos\Proyectos\Spherikal\Spherical\src\Spherical\bin\Debug\net10.0\Microsoft.CodeAnalysis.Workspaces.MSBuild.dll" no existe. Se omitirá.
         El archivo "E:\Documentos\Proyectos\Spherikal\Spherical\src\Spherical\bin\Debug\net10.0\Microsoft.Data.SqlClient.dll" no existe. Se omitirá.
         El archivo "E:\Documentos\Proyectos\Spherikal\Spherical\src\Spherical\bin\Debug\net10.0\Microsoft.EntityFrameworkCore.dll" no existe. Se omitirá.
         El archivo "E:\Documentos\Proyectos\Spherikal\Spherical\src\Spherical\bin\Debug\net10.0\Microsoft.EntityFrameworkCore.Abstractions.dll" no existe. Se omitirá.
         El archivo "E:\Documentos\Proyectos\Spherikal\Spherical\src\Spherical\bin\Debug\net10.0\Microsoft.EntityFrameworkCore.Design.dll" no existe. Se omitirá.
         El archivo "E:\Documentos\Proyectos\Spherikal\Spherical\src\Spherical\bin\Debug\net10.0\Microsoft.EntityFrameworkCore.Relational.dll" no existe. Se omitirá.
         El archivo "E:\Documentos\Proyectos\Spherikal\Spherical\src\Spherical\bin\Debug\net10.0\Microsoft.EntityFrameworkCore.SqlServer.dll" no existe. Se omitirá.
         El archivo "E:\Documentos\Proyectos\Spherikal\Spherical\src\Spherical\bin\Debug\net10.0\Microsoft.Extensions.DependencyModel.dll" no existe. Se omitirá.
         El archivo "E:\Documentos\Proyectos\Spherikal\Spherical\src\Spherical\bin\Debug\net10.0\Microsoft.Identity.Client.dll" no existe. Se omitirá.
         El archivo "E:\Documentos\Proyectos\Spherikal\Spherical\src\Spherical\bin\Debug\net10.0\Microsoft.Identity.Client.Extensions.Msal.dll" no existe. Se omitirá.
         El archivo "E:\Documentos\Proyectos\Spherikal\Spherical\src\Spherical\bin\Debug\net10.0\Microsoft.IdentityModel.Abstractions.dll" no existe. Se omitirá.
         El archivo "E:\Documentos\Proyectos\Spherikal\Spherical\src\Spherical\bin\Debug\net10.0\Microsoft.IdentityModel.JsonWebTokens.dll" no existe. Se omitirá.
         El archivo "E:\Documentos\Proyectos\Spherikal\Spherical\src\Spherical\bin\Debug\net10.0\Microsoft.IdentityModel.Logging.dll" no existe. Se omitirá.
         El archivo "E:\Documentos\Proyectos\Spherikal\Spherical\src\Spherical\bin\Debug\net10.0\Microsoft.IdentityModel.Protocols.dll" no existe. Se omitirá.
         El archivo "E:\Documentos\Proyectos\Spherikal\Spherical\src\Spherical\bin\Debug\net10.0\Microsoft.IdentityModel.Protocols.OpenIdConnect.dll" no existe. Se omitirá.
         El archivo "E:\Documentos\Proyectos\Spherikal\Spherical\src\Spherical\bin\Debug\net10.0\Microsoft.IdentityModel.Tokens.dll" no existe. Se omitirá.
         El archivo "E:\Documentos\Proyectos\Spherikal\Spherical\src\Spherical\bin\Debug\net10.0\Microsoft.NET.StringTools.dll" no existe. Se omitirá.
         El archivo "E:\Documentos\Proyectos\Spherikal\Spherical\src\Spherical\bin\Debug\net10.0\Microsoft.SqlServer.Server.dll" no existe. Se omitirá.
         El archivo "E:\Documentos\Proyectos\Spherikal\Spherical\src\Spherical\bin\Debug\net10.0\Mono.TextTemplating.dll" no existe. Se omitirá.
         El archivo "E:\Documentos\Proyectos\Spherikal\Spherical\src\Spherical\bin\Debug\net10.0\MudBlazor.dll" no existe. Se omitirá.
         El archivo "E:\Documentos\Proyectos\Spherikal\Spherical\src\Spherical\bin\Debug\net10.0\Newtonsoft.Json.dll" no existe. Se omitirá.
         El archivo "E:\Documentos\Proyectos\Spherikal\Spherical\src\Spherical\bin\Debug\net10.0\NLog.dll" no existe. Se omitirá.
         El archivo "E:\Documentos\Proyectos\Spherikal\Spherical\src\Spherical\bin\Debug\net10.0\RBush.dll" no existe. Se omitirá.
         El archivo "E:\Documentos\Proyectos\Spherikal\Spherical\src\Spherical\bin\Debug\net10.0\RestSharp.dll" no existe. Se omitirá.
         El archivo "E:\Documentos\Proyectos\Spherikal\Spherical\src\Spherical\bin\Debug\net10.0\SixLabors.Fonts.dll" no existe. Se omitirá.
         El archivo "E:\Documentos\Proyectos\Spherikal\Spherical\src\Spherical\bin\Debug\net10.0\System.ClientModel.dll" no existe. Se omitirá.
         El archivo "E:\Documentos\Proyectos\Spherikal\Spherical\src\Spherical\bin\Debug\net10.0\System.CodeDom.dll" no existe. Se omitirá.
         El archivo "E:\Documentos\Proyectos\Spherikal\Spherical\src\Spherical\bin\Debug\net10.0\System.Composition.AttributedModel.dll" no existe. Se omitirá.
         El archivo "E:\Documentos\Proyectos\Spherikal\Spherical\src\Spherical\bin\Debug\net10.0\System.Composition.Convention.dll" no existe. Se omitirá.
         El archivo "E:\Documentos\Proyectos\Spherikal\Spherical\src\Spherical\bin\Debug\net10.0\System.Composition.Hosting.dll" no existe. Se omitirá.
         El archivo "E:\Documentos\Proyectos\Spherikal\Spherical\src\Spherical\bin\Debug\net10.0\System.Composition.Runtime.dll" no existe. Se omitirá.
         El archivo "E:\Documentos\Proyectos\Spherikal\Spherical\src\Spherical\bin\Debug\net10.0\System.Composition.TypedParts.dll" no existe. Se omitirá.
         El archivo "E:\Documentos\Proyectos\Spherikal\Spherical\src\Spherical\bin\Debug\net10.0\System.Configuration.ConfigurationManager.dll" no existe. Se omitirá.
         El archivo "E:\Documentos\Proyectos\Spherikal\Spherical\src\Spherical\bin\Debug\net10.0\System.Formats.Nrbf.dll" no existe. Se omitirá.
         El archivo "E:\Documentos\Proyectos\Spherikal\Spherical\src\Spherical\bin\Debug\net10.0\System.IdentityModel.Tokens.Jwt.dll" no existe. Se omitirá.
         El archivo "E:\Documentos\Proyectos\Spherikal\Spherical\src\Spherical\bin\Debug\net10.0\System.IO.Packaging.dll" no existe. Se omitirá.
         El archivo "E:\Documentos\Proyectos\Spherikal\Spherical\src\Spherical\bin\Debug\net10.0\System.Memory.Data.dll" no existe. Se omitirá.
         El archivo "E:\Documentos\Proyectos\Spherikal\Spherical\src\Spherical\bin\Debug\net10.0\System.Reflection.MetadataLoadContext.dll" no existe. Se omitirá.
         El archivo "E:\Documentos\Proyectos\Spherikal\Spherical\src\Spherical\bin\Debug\net10.0\System.Resources.Extensions.dll" no existe. Se omitirá.
         El archivo "E:\Documentos\Proyectos\Spherikal\Spherical\src\Spherical\bin\Debug\net10.0\System.Security.Cryptography.ProtectedData.dll" no existe. Se omitirá.
         El archivo "E:\Documentos\Proyectos\Spherikal\Spherical\src\Spherical\bin\Debug\net10.0\System.Security.Permissions.dll" no existe. Se omitirá.
         El archivo "E:\Documentos\Proyectos\Spherikal\Spherical\src\Spherical\bin\Debug\net10.0\System.Windows.Extensions.dll" no existe. Se omitirá.
         El archivo "E:\Documentos\Proyectos\Spherikal\Spherical\src\Spherical\bin\Debug\net10.0\cs\Microsoft.CodeAnalysis.resources.dll" no existe. Se omitirá.
         El archivo "E:\Documentos\Proyectos\Spherikal\Spherical\src\Spherical\bin\Debug\net10.0\de\Microsoft.CodeAnalysis.resources.dll" no existe. Se omitirá.
         El archivo "E:\Documentos\Proyectos\Spherikal\Spherical\src\Spherical\bin\Debug\net10.0\es\Microsoft.CodeAnalysis.resources.dll" no existe. Se omitirá.
         El archivo "E:\Documentos\Proyectos\Spherikal\Spherical\src\Spherical\bin\Debug\net10.0\fr\Microsoft.CodeAnalysis.resources.dll" no existe. Se omitirá.
         El archivo "E:\Documentos\Proyectos\Spherikal\Spherical\src\Spherical\bin\Debug\net10.0\it\Microsoft.CodeAnalysis.resources.dll" no existe. Se omitirá.
         El archivo "E:\Documentos\Proyectos\Spherikal\Spherical\src\Spherical\bin\Debug\net10.0\ja\Microsoft.CodeAnalysis.resources.dll" no existe. Se omitirá.
         El archivo "E:\Documentos\Proyectos\Spherikal\Spherical\src\Spherical\bin\Debug\net10.0\ko\Microsoft.CodeAnalysis.resources.dll" no existe. Se omitirá.
         El archivo "E:\Documentos\Proyectos\Spherikal\Spherical\src\Spherical\bin\Debug\net10.0\pl\Microsoft.CodeAnalysis.resources.dll" no existe. Se omitirá.
         El archivo "E:\Documentos\Proyectos\Spherikal\Spherical\src\Spherical\bin\Debug\net10.0\pt-BR\Microsoft.CodeAnalysis.resources.dll" no existe. Se omitirá.
         El archivo "E:\Documentos\Proyectos\Spherikal\Spherical\src\Spherical\bin\Debug\net10.0\ru\Microsoft.CodeAnalysis.resources.dll" no existe. Se omitirá.
         El archivo "E:\Documentos\Proyectos\Spherikal\Spherical\src\Spherical\bin\Debug\net10.0\tr\Microsoft.CodeAnalysis.resources.dll" no existe. Se omitirá.
         El archivo "E:\Documentos\Proyectos\Spherikal\Spherical\src\Spherical\bin\Debug\net10.0\zh-Hans\Microsoft.CodeAnalysis.resources.dll" no existe. Se omitirá.
         El archivo "E:\Documentos\Proyectos\Spherikal\Spherical\src\Spherical\bin\Debug\net10.0\zh-Hant\Microsoft.CodeAnalysis.resources.dll" no existe. Se omitirá.
         El archivo "E:\Documentos\Proyectos\Spherikal\Spherical\src\Spherical\bin\Debug\net10.0\cs\Microsoft.CodeAnalysis.CSharp.resources.dll" no existe. Se omitirá.
         El archivo "E:\Documentos\Proyectos\Spherikal\Spherical\src\Spherical\bin\Debug\net10.0\de\Microsoft.CodeAnalysis.CSharp.resources.dll" no existe. Se omitirá.
         El archivo "E:\Documentos\Proyectos\Spherikal\Spherical\src\Spherical\bin\Debug\net10.0\es\Microsoft.CodeAnalysis.CSharp.resources.dll" no existe. Se omitirá.
         El archivo "E:\Documentos\Proyectos\Spherikal\Spherical\src\Spherical\bin\Debug\net10.0\fr\Microsoft.CodeAnalysis.CSharp.resources.dll" no existe. Se omitirá.
         El archivo "E:\Documentos\Proyectos\Spherikal\Spherical\src\Spherical\bin\Debug\net10.0\it\Microsoft.CodeAnalysis.CSharp.resources.dll" no existe. Se omitirá.
         El archivo "E:\Documentos\Proyectos\Spherikal\Spherical\src\Spherical\bin\Debug\net10.0\ja\Microsoft.CodeAnalysis.CSharp.resources.dll" no existe. Se omitirá.
         El archivo "E:\Documentos\Proyectos\Spherikal\Spherical\src\Spherical\bin\Debug\net10.0\ko\Microsoft.CodeAnalysis.CSharp.resources.dll" no existe. Se omitirá.
         El archivo "E:\Documentos\Proyectos\Spherikal\Spherical\src\Spherical\bin\Debug\net10.0\pl\Microsoft.CodeAnalysis.CSharp.resources.dll" no existe. Se omitirá.
         El archivo "E:\Documentos\Proyectos\Spherikal\Spherical\src\Spherical\bin\Debug\net10.0\pt-BR\Microsoft.CodeAnalysis.CSharp.resources.dll" no existe. Se omitirá.
         El archivo "E:\Documentos\Proyectos\Spherikal\Spherical\src\Spherical\bin\Debug\net10.0\ru\Microsoft.CodeAnalysis.CSharp.resources.dll" no existe. Se omitirá.
         El archivo "E:\Documentos\Proyectos\Spherikal\Spherical\src\Spherical\bin\Debug\net10.0\tr\Microsoft.CodeAnalysis.CSharp.resources.dll" no existe. Se omitirá.
         El archivo "E:\Documentos\Proyectos\Spherikal\Spherical\src\Spherical\bin\Debug\net10.0\zh-Hans\Microsoft.CodeAnalysis.CSharp.resources.dll" no existe. Se omitirá.
         El archivo "E:\Documentos\Proyectos\Spherikal\Spherical\src\Spherical\bin\Debug\net10.0\zh-Hant\Microsoft.CodeAnalysis.CSharp.resources.dll" no existe. Se omitirá.
         El archivo "E:\Documentos\Proyectos\Spherikal\Spherical\src\Spherical\bin\Debug\net10.0\cs\Microsoft.CodeAnalysis.CSharp.Workspaces.resources.dll" no existe. Se omitirá.
         El archivo "E:\Documentos\Proyectos\Spherikal\Spherical\src\Spherical\bin\Debug\net10.0\de\Microsoft.CodeAnalysis.CSharp.Workspaces.resources.dll" no existe. Se omitirá.
         El archivo "E:\Documentos\Proyectos\Spherikal\Spherical\src\Spherical\bin\Debug\net10.0\es\Microsoft.CodeAnalysis.CSharp.Workspaces.resources.dll" no existe. Se omitirá.
         El archivo "E:\Documentos\Proyectos\Spherikal\Spherical\src\Spherical\bin\Debug\net10.0\fr\Microsoft.CodeAnalysis.CSharp.Workspaces.resources.dll" no existe. Se omitirá.
         El archivo "E:\Documentos\Proyectos\Spherikal\Spherical\src\Spherical\bin\Debug\net10.0\it\Microsoft.CodeAnalysis.CSharp.Workspaces.resources.dll" no existe. Se omitirá.
         El archivo "E:\Documentos\Proyectos\Spherikal\Spherical\src\Spherical\bin\Debug\net10.0\ja\Microsoft.CodeAnalysis.CSharp.Workspaces.resources.dll" no existe. Se omitirá.
         El archivo "E:\Documentos\Proyectos\Spherikal\Spherical\src\Spherical\bin\Debug\net10.0\ko\Microsoft.CodeAnalysis.CSharp.Workspaces.resources.dll" no existe. Se omitirá.
         El archivo "E:\Documentos\Proyectos\Spherikal\Spherical\src\Spherical\bin\Debug\net10.0\pl\Microsoft.CodeAnalysis.CSharp.Workspaces.resources.dll" no existe. Se omitirá.
         El archivo "E:\Documentos\Proyectos\Spherikal\Spherical\src\Spherical\bin\Debug\net10.0\pt-BR\Microsoft.CodeAnalysis.CSharp.Workspaces.resources.dll" no existe. Se omitirá.
         El archivo "E:\Documentos\Proyectos\Spherikal\Spherical\src\Spherical\bin\Debug\net10.0\ru\Microsoft.CodeAnalysis.CSharp.Workspaces.resources.dll" no existe. Se omitirá.
         El archivo "E:\Documentos\Proyectos\Spherikal\Spherical\src\Spherical\bin\Debug\net10.0\tr\Microsoft.CodeAnalysis.CSharp.Workspaces.resources.dll" no existe. Se omitirá.
         El archivo "E:\Documentos\Proyectos\Spherikal\Spherical\src\Spherical\bin\Debug\net10.0\zh-Hans\Microsoft.CodeAnalysis.CSharp.Workspaces.resources.dll" no existe. Se omitirá.
         El archivo "E:\Documentos\Proyectos\Spherikal\Spherical\src\Spherical\bin\Debug\net10.0\zh-Hant\Microsoft.CodeAnalysis.CSharp.Workspaces.resources.dll" no existe. Se omitirá.
         El archivo "E:\Documentos\Proyectos\Spherikal\Spherical\src\Spherical\bin\Debug\net10.0\cs\Microsoft.CodeAnalysis.Workspaces.resources.dll" no existe. Se omitirá.
         El archivo "E:\Documentos\Proyectos\Spherikal\Spherical\src\Spherical\bin\Debug\net10.0\de\Microsoft.CodeAnalysis.Workspaces.resources.dll" no existe. Se omitirá.
         El archivo "E:\Documentos\Proyectos\Spherikal\Spherical\src\Spherical\bin\Debug\net10.0\es\Microsoft.CodeAnalysis.Workspaces.resources.dll" no existe. Se omitirá.
         El archivo "E:\Documentos\Proyectos\Spherikal\Spherical\src\Spherical\bin\Debug\net10.0\fr\Microsoft.CodeAnalysis.Workspaces.resources.dll" no existe. Se omitirá.
         El archivo "E:\Documentos\Proyectos\Spherikal\Spherical\src\Spherical\bin\Debug\net10.0\it\Microsoft.CodeAnalysis.Workspaces.resources.dll" no existe. Se omitirá.
         El archivo "E:\Documentos\Proyectos\Spherikal\Spherical\src\Spherical\bin\Debug\net10.0\ja\Microsoft.CodeAnalysis.Workspaces.resources.dll" no existe. Se omitirá.
         El archivo "E:\Documentos\Proyectos\Spherikal\Spherical\src\Spherical\bin\Debug\net10.0\ko\Microsoft.CodeAnalysis.Workspaces.resources.dll" no existe. Se omitirá.
         El archivo "E:\Documentos\Proyectos\Spherikal\Spherical\src\Spherical\bin\Debug\net10.0\pl\Microsoft.CodeAnalysis.Workspaces.resources.dll" no existe. Se omitirá.
         El archivo "E:\Documentos\Proyectos\Spherikal\Spherical\src\Spherical\bin\Debug\net10.0\pt-BR\Microsoft.CodeAnalysis.Workspaces.resources.dll" no existe. Se omitirá.
         El archivo "E:\Documentos\Proyectos\Spherikal\Spherical\src\Spherical\bin\Debug\net10.0\ru\Microsoft.CodeAnalysis.Workspaces.resources.dll" no existe. Se omitirá.
         El archivo "E:\Documentos\Proyectos\Spherikal\Spherical\src\Spherical\bin\Debug\net10.0\tr\Microsoft.CodeAnalysis.Workspaces.resources.dll" no existe. Se omitirá.
         El archivo "E:\Documentos\Proyectos\Spherikal\Spherical\src\Spherical\bin\Debug\net10.0\zh-Hans\Microsoft.CodeAnalysis.Workspaces.resources.dll" no existe. Se omitirá.
         El archivo "E:\Documentos\Proyectos\Spherikal\Spherical\src\Spherical\bin\Debug\net10.0\zh-Hant\Microsoft.CodeAnalysis.Workspaces.resources.dll" no existe. Se omitirá.
         El archivo "E:\Documentos\Proyectos\Spherikal\Spherical\src\Spherical\bin\Debug\net10.0\cs\Microsoft.CodeAnalysis.Workspaces.MSBuild.resources.dll" no existe. Se omitirá.
         El archivo "E:\Documentos\Proyectos\Spherikal\Spherical\src\Spherical\bin\Debug\net10.0\de\Microsoft.CodeAnalysis.Workspaces.MSBuild.resources.dll" no existe. Se omitirá.
         El archivo "E:\Documentos\Proyectos\Spherikal\Spherical\src\Spherical\bin\Debug\net10.0\es\Microsoft.CodeAnalysis.Workspaces.MSBuild.resources.dll" no existe. Se omitirá.
         El archivo "E:\Documentos\Proyectos\Spherikal\Spherical\src\Spherical\bin\Debug\net10.0\fr\Microsoft.CodeAnalysis.Workspaces.MSBuild.resources.dll" no existe. Se omitirá.
         El archivo "E:\Documentos\Proyectos\Spherikal\Spherical\src\Spherical\bin\Debug\net10.0\it\Microsoft.CodeAnalysis.Workspaces.MSBuild.resources.dll" no existe. Se omitirá.
         El archivo "E:\Documentos\Proyectos\Spherikal\Spherical\src\Spherical\bin\Debug\net10.0\ja\Microsoft.CodeAnalysis.Workspaces.MSBuild.resources.dll" no existe. Se omitirá.
         El archivo "E:\Documentos\Proyectos\Spherikal\Spherical\src\Spherical\bin\Debug\net10.0\ko\Microsoft.CodeAnalysis.Workspaces.MSBuild.resources.dll" no existe. Se omitirá.
         El archivo "E:\Documentos\Proyectos\Spherikal\Spherical\src\Spherical\bin\Debug\net10.0\pl\Microsoft.CodeAnalysis.Workspaces.MSBuild.resources.dll" no existe. Se omitirá.
         El archivo "E:\Documentos\Proyectos\Spherikal\Spherical\src\Spherical\bin\Debug\net10.0\pt-BR\Microsoft.CodeAnalysis.Workspaces.MSBuild.resources.dll" no existe. Se omitirá.
         El archivo "E:\Documentos\Proyectos\Spherikal\Spherical\src\Spherical\bin\Debug\net10.0\ru\Microsoft.CodeAnalysis.Workspaces.MSBuild.resources.dll" no existe. Se omitirá.
         El archivo "E:\Documentos\Proyectos\Spherikal\Spherical\src\Spherical\bin\Debug\net10.0\tr\Microsoft.CodeAnalysis.Workspaces.MSBuild.resources.dll" no existe. Se omitirá.
         El archivo "E:\Documentos\Proyectos\Spherikal\Spherical\src\Spherical\bin\Debug\net10.0\zh-Hans\Microsoft.CodeAnalysis.Workspaces.MSBuild.resources.dll" no existe. Se omitirá.
         El archivo "E:\Documentos\Proyectos\Spherikal\Spherical\src\Spherical\bin\Debug\net10.0\zh-Hant\Microsoft.CodeAnalysis.Workspaces.MSBuild.resources.dll" no existe. Se omitirá.
         El archivo "E:\Documentos\Proyectos\Spherikal\Spherical\src\Spherical\bin\Debug\net10.0\cs\Microsoft.Data.SqlClient.resources.dll" no existe. Se omitirá.
         El archivo "E:\Documentos\Proyectos\Spherikal\Spherical\src\Spherical\bin\Debug\net10.0\de\Microsoft.Data.SqlClient.resources.dll" no existe. Se omitirá.
         El archivo "E:\Documentos\Proyectos\Spherikal\Spherical\src\Spherical\bin\Debug\net10.0\es\Microsoft.Data.SqlClient.resources.dll" no existe. Se omitirá.
         El archivo "E:\Documentos\Proyectos\Spherikal\Spherical\src\Spherical\bin\Debug\net10.0\fr\Microsoft.Data.SqlClient.resources.dll" no existe. Se omitirá.
         El archivo "E:\Documentos\Proyectos\Spherikal\Spherical\src\Spherical\bin\Debug\net10.0\it\Microsoft.Data.SqlClient.resources.dll" no existe. Se omitirá.
         El archivo "E:\Documentos\Proyectos\Spherikal\Spherical\src\Spherical\bin\Debug\net10.0\ja\Microsoft.Data.SqlClient.resources.dll" no existe. Se omitirá.
         El archivo "E:\Documentos\Proyectos\Spherikal\Spherical\src\Spherical\bin\Debug\net10.0\ko\Microsoft.Data.SqlClient.resources.dll" no existe. Se omitirá.
         El archivo "E:\Documentos\Proyectos\Spherikal\Spherical\src\Spherical\bin\Debug\net10.0\pl\Microsoft.Data.SqlClient.resources.dll" no existe. Se omitirá.
         El archivo "E:\Documentos\Proyectos\Spherikal\Spherical\src\Spherical\bin\Debug\net10.0\pt-BR\Microsoft.Data.SqlClient.resources.dll" no existe. Se omitirá.
         El archivo "E:\Documentos\Proyectos\Spherikal\Spherical\src\Spherical\bin\Debug\net10.0\ru\Microsoft.Data.SqlClient.resources.dll" no existe. Se omitirá.
         El archivo "E:\Documentos\Proyectos\Spherikal\Spherical\src\Spherical\bin\Debug\net10.0\tr\Microsoft.Data.SqlClient.resources.dll" no existe. Se omitirá.
         El archivo "E:\Documentos\Proyectos\Spherikal\Spherical\src\Spherical\bin\Debug\net10.0\zh-Hans\Microsoft.Data.SqlClient.resources.dll" no existe. Se omitirá.
         El archivo "E:\Documentos\Proyectos\Spherikal\Spherical\src\Spherical\bin\Debug\net10.0\zh-Hant\Microsoft.Data.SqlClient.resources.dll" no existe. Se omitirá.
         El archivo "E:\Documentos\Proyectos\Spherikal\Spherical\src\Spherical\bin\Debug\net10.0\runtimes\unix\lib\net9.0\Microsoft.Data.SqlClient.dll" no existe. Se omitirá.
         El archivo "E:\Documentos\Proyectos\Spherikal\Spherical\src\Spherical\bin\Debug\net10.0\runtimes\win\lib\net9.0\Microsoft.Data.SqlClient.dll" no existe. Se omitirá.
         El archivo "E:\Documentos\Proyectos\Spherikal\Spherical\src\Spherical\bin\Debug\net10.0\runtimes\win-arm64\native\Microsoft.Data.SqlClient.SNI.dll" no existe. Se omitirá.
         El archivo "E:\Documentos\Proyectos\Spherikal\Spherical\src\Spherical\bin\Debug\net10.0\runtimes\win-x64\native\Microsoft.Data.SqlClient.SNI.dll" no existe. Se omitirá.
         El archivo "E:\Documentos\Proyectos\Spherikal\Spherical\src\Spherical\bin\Debug\net10.0\runtimes\win-x86\native\Microsoft.Data.SqlClient.SNI.dll" no existe. Se omitirá.
         El archivo "E:\Documentos\Proyectos\Spherikal\Spherical\src\Spherical\bin\Debug\net10.0\runtimes\win\lib\net9.0\System.Windows.Extensions.dll" no existe. Se omitirá.
         El archivo "E:\Documentos\Proyectos\Spherikal\Spherical\src\Spherical\bin\Debug\net10.0\Microsoft.OpenApi.dll" no existe. Se omitirá.
         El archivo "E:\Documentos\Proyectos\Spherikal\Spherical\src\Spherical\bin\Debug\net10.0\Swashbuckle.AspNetCore.Swagger.dll" no existe. Se omitirá.
         El archivo "E:\Documentos\Proyectos\Spherikal\Spherical\src\Spherical\bin\Debug\net10.0\Swashbuckle.AspNetCore.SwaggerGen.dll" no existe. Se omitirá.
         El archivo "E:\Documentos\Proyectos\Spherikal\Spherical\src\Spherical\bin\Debug\net10.0\Swashbuckle.AspNetCore.SwaggerUI.dll" no existe. Se omitirá.
         Se eliminará el archivo "E:\Documentos\Proyectos\Spherikal\Spherical\src\Spherical\obj\Debug\net10.0\EmbeddedAttribute.cs".
         Se eliminará el archivo "E:\Documentos\Proyectos\Spherikal\Spherical\src\Spherical\obj\Debug\net10.0\ValidatableTypeAttribute.cs".
         Se eliminará el archivo "E:\Documentos\Proyectos\Spherikal\Spherical\src\Spherical\obj\Debug\net10.0\Spherical.csproj.AssemblyReference.cache".
         Se eliminará el archivo "E:\Documentos\Proyectos\Spherikal\Spherical\src\Spherical\obj\Debug\net10.0\rpswa.dswa.cache.json".
         Se eliminará el archivo "E:\Documentos\Proyectos\Spherikal\Spherical\src\Spherical\obj\Debug\net10.0\Spherical.GeneratedMSBuildEditorConfig.editorconfig".
         Se eliminará el archivo "E:\Documentos\Proyectos\Spherikal\Spherical\src\Spherical\obj\Debug\net10.0\Spherical.AssemblyInfoInputs.cache".
         Se eliminará el archivo "E:\Documentos\Proyectos\Spherikal\Spherical\src\Spherical\obj\Debug\net10.0\Spherical.AssemblyInfo.cs".
         Se eliminará el archivo "E:\Documentos\Proyectos\Spherikal\Spherical\src\Spherical\obj\Debug\net10.0\Spherical.csproj.CoreCompileInputs.cache".
         Se eliminará el archivo "E:\Documentos\Proyectos\Spherikal\Spherical\src\Spherical\obj\Debug\net10.0\Spherical.MvcApplicationPartsAssemblyInfo.cache".
         Se eliminará el archivo "E:\Documentos\Proyectos\Spherikal\Spherical\src\Spherical\obj\Debug\net10.0\Spherical.RazorAssemblyInfo.cache".
         Se eliminará el archivo "E:\Documentos\Proyectos\Spherikal\Spherical\src\Spherical\obj\Debug\net10.0\Spherical.RazorAssemblyInfo.cs".
         Se eliminará el archivo "E:\Documentos\Proyectos\Spherikal\Spherical\src\Spherical\obj\Debug\net10.0\Spherical.sourcelink.json".
         El archivo "E:\Documentos\Proyectos\Spherikal\Spherical\src\Spherical\obj\Debug\net10.0\rjimswa.dswa.cache.json" no existe. Se omitirá.
         El archivo "E:\Documentos\Proyectos\Spherikal\Spherical\src\Spherical\obj\Debug\net10.0\rjsmrazor.dswa.cache.json" no existe. Se omitirá.
         El archivo "E:\Documentos\Proyectos\Spherikal\Spherical\src\Spherical\obj\Debug\net10.0\rjsmcshtml.dswa.cache.json" no existe. Se omitirá.
         El archivo "E:\Documentos\Proyectos\Spherikal\Spherical\src\Spherical\obj\Debug\net10.0\scopedcss\Areas\Login\Login.razor.rz.scp.css" no existe. Se omitirá.
         El archivo "E:\Documentos\Proyectos\Spherikal\Spherical\src\Spherical\obj\Debug\net10.0\scopedcss\Components\SphMenu.razor.rz.scp.css" no existe. Se omitirá.
         El archivo "E:\Documentos\Proyectos\Spherikal\Spherical\src\Spherical\obj\Debug\net10.0\scopedcss\bundle\Spherical.styles.css" no existe. Se omitirá.
         El archivo "E:\Documentos\Proyectos\Spherikal\Spherical\src\Spherical\obj\Debug\net10.0\scopedcss\projectbundle\Spherical.bundle.scp.css" no existe. Se omitirá.
         El archivo "E:\Documentos\Proyectos\Spherikal\Spherical\src\Spherical\obj\Debug\net10.0\compressed\tzxjg6is5z-{0}-7c7lhmh1j6-7c7lhmh1j6.gz" no existe. Se omitirá.
         El archivo "E:\Documentos\Proyectos\Spherikal\Spherical\src\Spherical\obj\Debug\net10.0\compressed\0wz98yz2xy-{0}-f96y5mhlyw-f96y5mhlyw.gz" no existe. Se omitirá.
         El archivo "E:\Documentos\Proyectos\Spherikal\Spherical\src\Spherical\obj\Debug\net10.0\compressed\o4l5m9i5t3-{0}-nj0ng14ttn-nj0ng14ttn.gz" no existe. Se omitirá.
         El archivo "E:\Documentos\Proyectos\Spherikal\Spherical\src\Spherical\obj\Debug\net10.0\compressed\o4dii5gb7e-{0}-vt5ps4yweq-vt5ps4yweq.gz" no existe. Se omitirá.
         El archivo "E:\Documentos\Proyectos\Spherikal\Spherical\src\Spherical\obj\Debug\net10.0\compressed\e91dycg6ck-{0}-cm0sxn2of0-cm0sxn2of0.gz" no existe. Se omitirá.
         El archivo "E:\Documentos\Proyectos\Spherikal\Spherical\src\Spherical\obj\Debug\net10.0\compressed\5p8qsz4osi-{0}-um5jrdtdf0-um5jrdtdf0.gz" no existe. Se omitirá.
         El archivo "E:\Documentos\Proyectos\Spherikal\Spherical\src\Spherical\obj\Debug\net10.0\compressed\ljxudmfd5z-{0}-ax6tuj8tun-ax6tuj8tun.gz" no existe. Se omitirá.
         El archivo "E:\Documentos\Proyectos\Spherikal\Spherical\src\Spherical\obj\Debug\net10.0\compressed\lukk8vsbiq-{0}-zr4b1gdhaw-zr4b1gdhaw.gz" no existe. Se omitirá.
         El archivo "E:\Documentos\Proyectos\Spherikal\Spherical\src\Spherical\obj\Debug\net10.0\compressed\wrlguxdty2-{0}-xsml6myfxx-xsml6myfxx.gz" no existe. Se omitirá.
         El archivo "E:\Documentos\Proyectos\Spherikal\Spherical\src\Spherical\obj\Debug\net10.0\compressed\svo4ox7fu8-{0}-xsml6myfxx-xsml6myfxx.gz" no existe. Se omitirá.
         El archivo "E:\Documentos\Proyectos\Spherikal\Spherical\src\Spherical\obj\Debug\net10.0\staticwebassets.build.json" no existe. Se omitirá.
         El archivo "E:\Documentos\Proyectos\Spherikal\Spherical\src\Spherical\obj\Debug\net10.0\staticwebassets.build.json.cache" no existe. Se omitirá.
         El archivo "E:\Documentos\Proyectos\Spherikal\Spherical\src\Spherical\obj\Debug\net10.0\staticwebassets.development.json" no existe. Se omitirá.
         El archivo "E:\Documentos\Proyectos\Spherikal\Spherical\src\Spherical\obj\Debug\net10.0\staticwebassets.build.endpoints.json" no existe. Se omitirá.
         El archivo "E:\Documentos\Proyectos\Spherikal\Spherical\src\Spherical\obj\Debug\net10.0\swae.build.ex.cache" no existe. Se omitirá.
         El archivo "E:\Documentos\Proyectos\Spherikal\Spherical\src\Spherical\obj\Debug\net10.0\staticwebassets.upToDateCheck.txt" no existe. Se omitirá.
         El archivo "E:\Documentos\Proyectos\Spherikal\Spherical\src\Spherical\obj\Debug\net10.0\Spherical.csproj.Up2Date" no existe. Se omitirá.
         El archivo "E:\Documentos\Proyectos\Spherikal\Spherical\src\Spherical\obj\Debug\net10.0\Spherical.dll" no existe. Se omitirá.
         El archivo "E:\Documentos\Proyectos\Spherikal\Spherical\src\Spherical\obj\Debug\net10.0\refint\Spherical.dll" no existe. Se omitirá.
         El archivo "E:\Documentos\Proyectos\Spherikal\Spherical\src\Spherical\obj\Debug\net10.0\Spherical.pdb" no existe. Se omitirá.
         El archivo "E:\Documentos\Proyectos\Spherikal\Spherical\src\Spherical\obj\Debug\net10.0\Spherical.genruntimeconfig.cache" no existe. Se omitirá.
         El archivo "E:\Documentos\Proyectos\Spherikal\Spherical\src\Spherical\obj\Debug\net10.0\ref\Spherical.dll" no existe. Se omitirá.
         Se eliminará el archivo "E:\Documentos\Proyectos\Spherikal\Spherical\src\Spherical\obj\Debug\net10.0\Spherical.MvcApplicationPartsAssemblyInfo.cs".
       Ejecución de la tarea "Delete" terminada.
       Tarea "RemoveDuplicates"
       Ejecución de la tarea "RemoveDuplicates" terminada.
       Usando la tarea "MakeDir" del ensamblado "Microsoft.Build.Tasks.Core, Version=15.1.0.0, Culture=neutral, PublicKeyToken=b03f5f7f11d50a3a".
       Tarea "MakeDir"
       Ejecución de la tarea "MakeDir" terminada.
       Usando la tarea "WriteLinesToFile" del ensamblado "Microsoft.Build.Tasks.Core, Version=15.1.0.0, Culture=neutral, PublicKeyToken=b03f5f7f11d50a3a".
       Tarea "WriteLinesToFile"
       Ejecución de la tarea "WriteLinesToFile" terminada.
   1:7>Compilación terminada del destino "CoreClean" en el proyecto "Spherical.csproj".
   1:7>Destino "IgnoreJavaScriptOutputAssembly" en el archivo "C:\Program Files\dotnet\sdk\10.0.103\Microsoft.Common.CurrentVersion.targets" del proyecto "e:\Documentos\Proyectos\Spherikal\Spherical\src\Spherical\Spherical.csproj" (el destino "AssignProjectConfiguration" depende de él):
   1:7>Compilación terminada del destino "IgnoreJavaScriptOutputAssembly" en el proyecto "Spherical.csproj".
       Se omitió el destino "ProcessFrameworkReferences". Compilado previamente de forma correcta.
   1:7>Destino "_DefaultMicrosoftNETPlatformLibrary" en el archivo "C:\Program Files\dotnet\sdk\10.0.103\Sdks\Microsoft.NET.Sdk\targets\Microsoft.NET.Sdk.Shared.targets" del proyecto "e:\Documentos\Proyectos\Spherikal\Spherical\src\Spherical\Spherical.csproj" (el destino "ResolvePackageAssets" depende de él):
   1:7>Compilación terminada del destino "_DefaultMicrosoftNETPlatformLibrary" en el proyecto "Spherical.csproj".
   1:7>Destino "_ComputePackageReferencePublish" en el archivo "C:\Program Files\dotnet\sdk\10.0.103\Sdks\Microsoft.NET.Sdk\targets\Microsoft.NET.Sdk.Shared.targets" del proyecto "e:\Documentos\Proyectos\Spherikal\Spherical\src\Spherical\Spherical.csproj" (el destino "ResolvePackageAssets" depende de él):
   1:7>Compilación terminada del destino "_ComputePackageReferencePublish" en el proyecto "Spherical.csproj".
   1:7>Destino "ResolvePackageAssets" en el archivo "C:\Program Files\dotnet\sdk\10.0.103\Sdks\Microsoft.NET.Sdk\targets\Microsoft.PackageDependencyResolution.targets" del proyecto "e:\Documentos\Proyectos\Spherikal\Spherical\src\Spherical\Spherical.csproj" (el destino "ResolveLockFileReferences" depende de él):
       Usando la tarea "ResolvePackageAssets" del ensamblado "C:\Program Files\dotnet\sdk\10.0.103\Sdks\Microsoft.NET.Sdk\targets\..\tools\net10.0\Microsoft.NET.Build.Tasks.dll".
       Tarea "ResolvePackageAssets"
       Ejecución de la tarea "ResolvePackageAssets" terminada.
   1:7>Compilación terminada del destino "ResolvePackageAssets" en el proyecto "Spherical.csproj".
   1:7>Destino "_CheckForTransitiveWindowsDesktopDependencies" en el archivo "C:\Program Files\dotnet\sdk\10.0.103\Sdks\Microsoft.NET.Sdk\targets\Microsoft.NET.Sdk.DefaultItems.Shared.targets" del proyecto "e:\Documentos\Proyectos\Spherikal\Spherical\src\Spherical\Spherical.csproj" (el destino "ResolveLockFileReferences" depende de él):
   1:7>Compilación terminada del destino "_CheckForTransitiveWindowsDesktopDependencies" en el proyecto "Spherical.csproj".
   1:7>Destino "AddTransitiveFrameworkReferences" en el archivo "C:\Program Files\dotnet\sdk\10.0.103\Sdks\Microsoft.NET.Sdk\targets\Microsoft.NET.Sdk.FrameworkReferenceResolution.targets" del proyecto "e:\Documentos\Proyectos\Spherikal\Spherical\src\Spherical\Spherical.csproj" (el destino "ResolveLockFileReferences" depende de él):
   1:7>Compilación terminada del destino "AddTransitiveFrameworkReferences" en el proyecto "Spherical.csproj".
   1:7>Destino "ResolveLockFileReferences" en el archivo "C:\Program Files\dotnet\sdk\10.0.103\Sdks\Microsoft.NET.Sdk\targets\Microsoft.PackageDependencyResolution.targets" del proyecto "e:\Documentos\Proyectos\Spherikal\Spherical\src\Spherical\Spherical.csproj" (el destino "ResolvePackageDependenciesForBuild" depende de él):
       Usando la tarea "JoinItems" del ensamblado "C:\Program Files\dotnet\sdk\10.0.103\Sdks\Microsoft.NET.Sdk\targets\..\tools\net10.0\Microsoft.NET.Build.Tasks.dll".
       Tarea "JoinItems"
       Ejecución de la tarea "JoinItems" terminada.
   1:7>Compilación terminada del destino "ResolveLockFileReferences" en el proyecto "Spherical.csproj".
       Se omitió el destino "ResolvePackageAssets". Compilado previamente de forma correcta.
   1:7>Destino "ResolveLockFileAnalyzers" en el archivo "C:\Program Files\dotnet\sdk\10.0.103\Sdks\Microsoft.NET.Sdk\targets\Microsoft.PackageDependencyResolution.targets" del proyecto "e:\Documentos\Proyectos\Spherikal\Spherical\src\Spherical\Spherical.csproj" (el destino "ResolvePackageDependenciesForBuild" depende de él):
   1:7>Compilación terminada del destino "ResolveLockFileAnalyzers" en el proyecto "Spherical.csproj".
       Se omitió el destino "ResolvePackageAssets". Compilado previamente de forma correcta.
   1:7>Destino "ResolveLockFileCopyLocalFiles" en el archivo "C:\Program Files\dotnet\sdk\10.0.103\Sdks\Microsoft.NET.Sdk\targets\Microsoft.PackageDependencyResolution.targets" del proyecto "e:\Documentos\Proyectos\Spherikal\Spherical\src\Spherical\Spherical.csproj" (el destino "ResolvePackageDependenciesForBuild" depende de él):
   1:7>Compilación terminada del destino "ResolveLockFileCopyLocalFiles" en el proyecto "Spherical.csproj".
       Se omitió el destino "ResolvePackageAssets". Compilado previamente de forma correcta.
   1:7>Destino "IncludeTransitiveProjectReferences" en el archivo "C:\Program Files\dotnet\sdk\10.0.103\Sdks\Microsoft.NET.Sdk\targets\Microsoft.PackageDependencyResolution.targets" del proyecto "e:\Documentos\Proyectos\Spherikal\Spherical\src\Spherical\Spherical.csproj" (el destino "ResolvePackageDependenciesForBuild" depende de él):
   1:7>Compilación terminada del destino "IncludeTransitiveProjectReferences" en el proyecto "Spherical.csproj".
   1:7>Destino "ResolvePackageDependenciesForBuild" en el archivo "C:\Program Files\dotnet\sdk\10.0.103\Sdks\Microsoft.NET.Sdk\targets\Microsoft.PackageDependencyResolution.targets" del proyecto "e:\Documentos\Proyectos\Spherikal\Spherical\src\Spherical\Spherical.csproj" (el destino "AssignProjectConfiguration" depende de él):
   1:7>Compilación terminada del destino "ResolvePackageDependenciesForBuild" en el proyecto "Spherical.csproj".
   1:7>Destino "_SplitProjectReferencesByFileExistence" en el archivo "C:\Program Files\dotnet\sdk\10.0.103\Microsoft.Common.CurrentVersion.targets" del proyecto "e:\Documentos\Proyectos\Spherikal\Spherical\src\Spherical\Spherical.csproj" (el destino "PrepareProjectReferences" depende de él):
   1:7>Compilación terminada del destino "_SplitProjectReferencesByFileExistence" en el proyecto "Spherical.csproj".
   1:7>Destino "_AddOutputPathToGlobalPropertiesToRemove" en el archivo "C:\Program Files\dotnet\sdk\10.0.103\Microsoft.Common.CurrentVersion.targets" del proyecto "e:\Documentos\Proyectos\Spherikal\Spherical\src\Spherical\Spherical.csproj" (el destino "_GetProjectReferenceTargetFrameworkProperties" depende de él):
   1:7>Compilación terminada del destino "_AddOutputPathToGlobalPropertiesToRemove" en el proyecto "Spherical.csproj".
   1:7>Destino "_GetProjectReferenceTargetFrameworkProperties" en el archivo "C:\Program Files\dotnet\sdk\10.0.103\Microsoft.Common.CurrentVersion.targets" del proyecto "e:\Documentos\Proyectos\Spherikal\Spherical\src\Spherical\Spherical.csproj" (el destino "PrepareProjectReferences" depende de él):
       Tarea "MSBuild"
       Ejecución de la tarea "MSBuild" terminada.
       Usando la tarea "SetRidAgnosticValueForProjects" del ensamblado "Microsoft.Build.Tasks.Core, Version=15.1.0.0, Culture=neutral, PublicKeyToken=b03f5f7f11d50a3a".
       Tarea "SetRidAgnosticValueForProjects"
       Ejecución de la tarea "SetRidAgnosticValueForProjects" terminada.
   1:7>Compilación terminada del destino "_GetProjectReferenceTargetFrameworkProperties" en el proyecto "Spherical.csproj".
   1:7>Destino "_CalculateIsVSTestTestProject" en el archivo "C:\Program Files\dotnet\sdk\10.0.103\Sdks\Microsoft.NET.Sdk\targets\Microsoft.NET.Sdk.targets" del proyecto "e:\Documentos\Proyectos\Spherikal\Spherical\src\Spherical\Spherical.csproj" (el destino "ValidateExecutableReferences" depende de él):
   1:7>Compilación terminada del destino "_CalculateIsVSTestTestProject" en el proyecto "Spherical.csproj".
   1:7>Destino "ValidateExecutableReferences" en el archivo "C:\Program Files\dotnet\sdk\10.0.103\Sdks\Microsoft.NET.Sdk\targets\Microsoft.NET.Sdk.targets" del proyecto "e:\Documentos\Proyectos\Spherikal\Spherical\src\Spherical\Spherical.csproj" (el destino "PrepareProjectReferences" depende de él):
       Usando la tarea "ValidateExecutableReferences" del ensamblado "C:\Program Files\dotnet\sdk\10.0.103\Sdks\Microsoft.NET.Sdk\targets\..\tools\net10.0\Microsoft.NET.Build.Tasks.dll".
       Tarea "ValidateExecutableReferences"
       Ejecución de la tarea "ValidateExecutableReferences" terminada.
   1:7>Compilación terminada del destino "ValidateExecutableReferences" en el proyecto "Spherical.csproj".
   1:7>Destino "PrepareProjectReferences" en el archivo "C:\Program Files\dotnet\sdk\10.0.103\Microsoft.Common.CurrentVersion.targets" del proyecto "e:\Documentos\Proyectos\Spherikal\Spherical\src\Spherical\Spherical.csproj" (el destino "CleanReferencedProjects" depende de él):
   1:7>Compilación terminada del destino "PrepareProjectReferences" en el proyecto "Spherical.csproj".
   1:7>Destino "CleanReferencedProjects" en el archivo "C:\Program Files\dotnet\sdk\10.0.103\Microsoft.Common.CurrentVersion.targets" del proyecto "e:\Documentos\Proyectos\Spherikal\Spherical\src\Spherical\Spherical.csproj" (el destino "Clean" depende de él):
   1:7>Compilación terminada del destino "CleanReferencedProjects" en el proyecto "Spherical.csproj".
   1:7>Destino "CleanPublishFolder" en el archivo "C:\Program Files\dotnet\sdk\10.0.103\Microsoft.Common.CurrentVersion.targets" del proyecto "e:\Documentos\Proyectos\Spherikal\Spherical\src\Spherical\Spherical.csproj" (el destino "Clean" depende de él):
   1:7>Compilación terminada del destino "CleanPublishFolder" en el proyecto "Spherical.csproj".
   1:7>Destino "AfterClean" en el archivo "C:\Program Files\dotnet\sdk\10.0.103\Microsoft.Common.CurrentVersion.targets" del proyecto "e:\Documentos\Proyectos\Spherikal\Spherical\src\Spherical\Spherical.csproj" (el destino "Clean" depende de él):
   1:7>Compilación terminada del destino "AfterClean" en el proyecto "Spherical.csproj".
   1:7>Destino "Clean" en el archivo "C:\Program Files\dotnet\sdk\10.0.103\Microsoft.Common.CurrentVersion.targets" del proyecto "e:\Documentos\Proyectos\Spherikal\Spherical\src\Spherical\Spherical.csproj" (el destino "Rebuild" depende de él):
   1:7>Compilación terminada del destino "Clean" en el proyecto "Spherical.csproj".
   1:7>Destino "BeforeBuild" en el archivo "C:\Program Files\dotnet\sdk\10.0.103\Microsoft.Common.CurrentVersion.targets" del proyecto "e:\Documentos\Proyectos\Spherikal\Spherical\src\Spherical\Spherical.csproj" (el destino "Build" depende de él):
   1:7>Compilación terminada del destino "BeforeBuild" en el proyecto "Spherical.csproj".
   1:7>Destino "BuildOnlySettings" en el archivo "C:\Program Files\dotnet\sdk\10.0.103\Microsoft.Common.CurrentVersion.targets" del proyecto "e:\Documentos\Proyectos\Spherikal\Spherical\src\Spherical\Spherical.csproj" (el destino "CoreBuild" depende de él):
       C:\Program Files\dotnet\sdk\10.0.103\Microsoft.Common.CurrentVersion.targets(1168,7): message : Reasignación de propiedad: $(BuildingProject)="true" (valor anterior: "false") en C:\Program Files\dotnet\sdk\10.0.103\Microsoft.Common.CurrentVersion.targets (1168,7) [e:\Documentos\Proyectos\Spherikal\Spherical\src\Spherical\Spherical.csproj]
   1:7>Compilación terminada del destino "BuildOnlySettings" en el proyecto "Spherical.csproj".
   1:7>Destino "GetFrameworkPaths" en el archivo "C:\Program Files\dotnet\sdk\10.0.103\Sdks\Microsoft.NET.Sdk\targets\Microsoft.NET.DisableStandardFrameworkResolution.targets" del proyecto "e:\Documentos\Proyectos\Spherikal\Spherical\src\Spherical\Spherical.csproj" (el destino "PrepareForBuild" depende de él):
   1:7>Compilación terminada del destino "GetFrameworkPaths" en el proyecto "Spherical.csproj".
   1:7>Destino "GetReferenceAssemblyPaths" en el archivo "C:\Program Files\dotnet\sdk\10.0.103\Sdks\Microsoft.NET.Sdk\targets\Microsoft.NET.DisableStandardFrameworkResolution.targets" del proyecto "e:\Documentos\Proyectos\Spherikal\Spherical\src\Spherical\Spherical.csproj" (el destino "PrepareForBuild" depende de él):
   1:7>Compilación terminada del destino "GetReferenceAssemblyPaths" en el proyecto "Spherical.csproj".
   1:7>Destino "ResolveRazorGenerateInputs" en el archivo "C:\Program Files\dotnet\sdk\10.0.103\Sdks\Microsoft.NET.Sdk.Razor\targets\Sdk.Razor.CurrentVersion.targets" del proyecto "e:\Documentos\Proyectos\Spherikal\Spherical\src\Spherical\Spherical.csproj" (el destino "PrepareForBuild" depende de él):
   1:7>Compilación terminada del destino "ResolveRazorGenerateInputs" en el proyecto "Spherical.csproj".
   1:7>Destino "PrepareForBuild" en el archivo "C:\Program Files\dotnet\sdk\10.0.103\Microsoft.Common.CurrentVersion.targets" del proyecto "e:\Documentos\Proyectos\Spherikal\Spherical\src\Spherical\Spherical.csproj" (el destino "CoreBuild" depende de él):
       Usando la tarea "FindAppConfigFile" del ensamblado "Microsoft.Build.Tasks.Core, Version=15.1.0.0, Culture=neutral, PublicKeyToken=b03f5f7f11d50a3a".
       Tarea "FindAppConfigFile"
       Ejecución de la tarea "FindAppConfigFile" terminada.
       Tarea "MakeDir"
       Ejecución de la tarea "MakeDir" terminada.
   1:7>Compilación terminada del destino "PrepareForBuild" en el proyecto "Spherical.csproj".
   1:7>Destino "GenerateTargetFrameworkDefineConstants" en el archivo "C:\Program Files\dotnet\sdk\10.0.103\Sdks\Microsoft.NET.Sdk\targets\Microsoft.NET.Sdk.BeforeCommon.targets" del proyecto "e:\Documentos\Proyectos\Spherikal\Spherical\src\Spherical\Spherical.csproj" (el destino "AddImplicitDefineConstants" depende de él):
   1:7>Compilación terminada del destino "GenerateTargetFrameworkDefineConstants" en el proyecto "Spherical.csproj".
   1:7>Destino "GenerateNETCompatibleDefineConstants" en el archivo "C:\Program Files\dotnet\sdk\10.0.103\Sdks\Microsoft.NET.Sdk\targets\Microsoft.NET.Sdk.BeforeCommon.targets" del proyecto "e:\Documentos\Proyectos\Spherikal\Spherical\src\Spherical\Spherical.csproj" (el destino "AddImplicitDefineConstants" depende de él):
   1:7>Compilación terminada del destino "GenerateNETCompatibleDefineConstants" en el proyecto "Spherical.csproj".
   1:7>Destino "AddImplicitDefineConstants" en el archivo "C:\Program Files\dotnet\sdk\10.0.103\Sdks\Microsoft.NET.Sdk\targets\Microsoft.NET.Sdk.BeforeCommon.targets" del proyecto "e:\Documentos\Proyectos\Spherikal\Spherical\src\Spherical\Spherical.csproj" (el destino "CoreBuild" depende de él):
       C:\Program Files\dotnet\sdk\10.0.103\Sdks\Microsoft.NET.Sdk\targets\Microsoft.NET.Sdk.BeforeCommon.targets(295,7): message : Reasignación de propiedad: $(DefineConstants)="TRACE;DEBUG;NET;NET10_0;NETCOREAPP;NET5_0_OR_GREATER;NET6_0_OR_GREATER;NET7_0_OR_GREATER;NET8_0_OR_GREATER;NET9_0_OR_GREATER;NET10_0_OR_GREATER;NETCOREAPP1_0_OR_GREATER;NETCOREAPP1_1_OR_GREATER;NETCOREAPP2_0_OR_GREATER;NETCOREAPP2_1_OR_GREATER;NETCOREAPP2_2_OR_GREATER;NETCOREAPP3_0_OR_GREATER;NETCOREAPP3_1_OR_GREATER" (valor anterior: "TRACE;DEBUG") en C:\Program Files\dotnet\sdk\10.0.103\Sdks\Microsoft.NET.Sdk\targets\Microsoft.NET.Sdk.BeforeCommon.targets (295,7) [e:\Documentos\Proyectos\Spherikal\Spherical\src\Spherical\Spherical.csproj]
   1:7>Compilación terminada del destino "AddImplicitDefineConstants" en el proyecto "Spherical.csproj".
   1:7>Destino "ResolveRazorComponentInputs" en el archivo "C:\Program Files\dotnet\sdk\10.0.103\Sdks\Microsoft.NET.Sdk.Razor\targets\Sdk.Razor.CurrentVersion.targets" del proyecto "e:\Documentos\Proyectos\Spherikal\Spherical\src\Spherical\Spherical.csproj" (el destino "_AddEmbeddedValidationAttribute" depende de él):
   1:7>Compilación terminada del destino "ResolveRazorComponentInputs" en el proyecto "Spherical.csproj".
       Se omitió el destino "ResolveRazorGenerateInputs". Compilado previamente de forma correcta.
   1:7>Destino "_AddEmbeddedValidationAttribute" en el archivo "C:\Program Files\dotnet\sdk\10.0.103\Sdks\Microsoft.NET.Sdk.Razor\targets\Sdk.Razor.CurrentVersion.targets" del proyecto "e:\Documentos\Proyectos\Spherikal\Spherical\src\Spherical\Spherical.csproj" (el destino "GenerateGlobalUsings" depende de él):
       Tarea "WriteLinesToFile"
       Ejecución de la tarea "WriteLinesToFile" terminada.
       Tarea "WriteLinesToFile"
       Ejecución de la tarea "WriteLinesToFile" terminada.
   1:7>Compilación terminada del destino "_AddEmbeddedValidationAttribute" en el proyecto "Spherical.csproj".
   1:7>Destino "GenerateGlobalUsings" en el archivo "C:\Program Files\dotnet\sdk\10.0.103\Sdks\Microsoft.NET.Sdk\targets\Microsoft.NET.GenerateGlobalUsings.targets" del proyecto "e:\Documentos\Proyectos\Spherikal\Spherical\src\Spherical\Spherical.csproj" (el destino "CoreBuild" depende de él):
       Usando la tarea "GenerateGlobalUsings" del ensamblado "C:\Program Files\dotnet\sdk\10.0.103\Sdks\Microsoft.NET.Sdk\targets\..\tools\net10.0\Microsoft.NET.Build.Tasks.dll".
       Tarea "GenerateGlobalUsings"
       Ejecución de la tarea "GenerateGlobalUsings" terminada.
       Tarea "WriteLinesToFile"
         Omitiendo la escritura en el archivo "obj\Debug\net10.0\Spherical.GlobalUsings.g.cs" porque el contenido no cambiará.
       Ejecución de la tarea "WriteLinesToFile" terminada.
   1:7>Compilación terminada del destino "GenerateGlobalUsings" en el proyecto "Spherical.csproj".
   1:7>Destino "BeforeResolveReferences" en el archivo "C:\Program Files\dotnet\sdk\10.0.103\Microsoft.Common.CurrentVersion.targets" del proyecto "e:\Documentos\Proyectos\Spherikal\Spherical\src\Spherical\Spherical.csproj" (el destino "ResolveReferences" depende de él):
   1:7>Compilación terminada del destino "BeforeResolveReferences" en el proyecto "Spherical.csproj".
       Se omitió el destino "PrepareProjectReferences". Compilado previamente de forma correcta.
   1:7>Destino "ResolveProjectReferences" en el archivo "C:\Program Files\dotnet\sdk\10.0.103\Microsoft.Common.CurrentVersion.targets" del proyecto "e:\Documentos\Proyectos\Spherikal\Spherical\src\Spherical\Spherical.csproj" (el destino "ResolveReferences" depende de él):
   1:7>Compilación terminada del destino "ResolveProjectReferences" en el proyecto "Spherical.csproj".
       Se omitió el destino "ResolveProjectReferences". Compilado previamente de forma correcta.
       Se omitió el destino "GetFrameworkPaths". Compilado previamente de forma correcta.
       Se omitió el destino "GetReferenceAssemblyPaths". Compilado previamente de forma correcta.
       Se omitió el destino "PrepareForBuild". Compilado previamente de forma correcta.
   1:7>Destino "ResolveSDKReferences" en el archivo "C:\Program Files\dotnet\sdk\10.0.103\Microsoft.Common.CurrentVersion.targets" del proyecto "e:\Documentos\Proyectos\Spherikal\Spherical\src\Spherical\Spherical.csproj" (el destino "ResolveAssemblyReferences" depende de él):
   1:7>Compilación terminada del destino "ResolveSDKReferences" en el proyecto "Spherical.csproj".
       Se omitió el destino "ResolveSDKReferences". Compilado previamente de forma correcta.
   1:7>Destino "ExpandSDKReferences" en el archivo "C:\Program Files\dotnet\sdk\10.0.103\Microsoft.Common.CurrentVersion.targets" del proyecto "e:\Documentos\Proyectos\Spherikal\Spherical\src\Spherical\Spherical.csproj" (el destino "ResolveAssemblyReferences" depende de él):
   1:7>Compilación terminada del destino "ExpandSDKReferences" en el proyecto "Spherical.csproj".
       Se omitió el destino "ResolvePackageDependenciesForBuild". Compilado previamente de forma correcta.
       Se omitió el destino "GetFrameworkPaths". Compilado previamente de forma correcta.
       Se omitió el destino "GetReferenceAssemblyPaths". Compilado previamente de forma correcta.
       Se omitió el destino "ProcessFrameworkReferences". Compilado previamente de forma correcta.
       Se omitió el destino "ResolvePackageAssets". Compilado previamente de forma correcta.
   1:7>Destino "ResolveFrameworkReferences" en el archivo "C:\Program Files\dotnet\sdk\10.0.103\Sdks\Microsoft.NET.Sdk\targets\Microsoft.NET.Sdk.FrameworkReferenceResolution.targets" del proyecto "e:\Documentos\Proyectos\Spherikal\Spherical\src\Spherical\Spherical.csproj" (el destino "ResolveTargetingPackAssets" depende de él):
       Usando la tarea "GetPackageDirectory" del ensamblado "C:\Program Files\dotnet\sdk\10.0.103\Sdks\Microsoft.NET.Sdk\targets\..\tools\net10.0\Microsoft.NET.Build.Tasks.dll".
       Tarea "GetPackageDirectory"
       Ejecución de la tarea "GetPackageDirectory" terminada.
       Tarea "GetPackageDirectory"
       Ejecución de la tarea "GetPackageDirectory" terminada.
       Tarea "GetPackageDirectory"
       Ejecución de la tarea "GetPackageDirectory" terminada.
       Tarea "GetPackageDirectory"
       Ejecución de la tarea "GetPackageDirectory" terminada.
       Tarea "GetPackageDirectory"
       Ejecución de la tarea "GetPackageDirectory" terminada.
       Tarea "GetPackageDirectory"
       Ejecución de la tarea "GetPackageDirectory" terminada.
       Tarea "GetPackageDirectory"
       Ejecución de la tarea "GetPackageDirectory" terminada.
       Tarea "GetPackageDirectory"
       Ejecución de la tarea "GetPackageDirectory" terminada.
       Tarea "GetPackageDirectory"
       Ejecución de la tarea "GetPackageDirectory" terminada.
       Tarea "GetPackageDirectory"
       Ejecución de la tarea "GetPackageDirectory" terminada.
       Usando la tarea "ResolveFrameworkReferences" del ensamblado "C:\Program Files\dotnet\sdk\10.0.103\Sdks\Microsoft.NET.Sdk\targets\..\tools\net10.0\Microsoft.NET.Build.Tasks.dll".
       Tarea "ResolveFrameworkReferences"
       Ejecución de la tarea "ResolveFrameworkReferences" terminada.
   1:7>Compilación terminada del destino "ResolveFrameworkReferences" en el proyecto "Spherical.csproj".
   1:7>Destino "ResolveTargetingPackAssets" en el archivo "C:\Program Files\dotnet\sdk\10.0.103\Sdks\Microsoft.NET.Sdk\targets\Microsoft.NET.Sdk.FrameworkReferenceResolution.targets" del proyecto "e:\Documentos\Proyectos\Spherikal\Spherical\src\Spherical\Spherical.csproj" (el destino "_HandlePackageFileConflicts" depende de él):
       Usando la tarea "ResolveTargetingPackAssets" del ensamblado "C:\Program Files\dotnet\sdk\10.0.103\Sdks\Microsoft.NET.Sdk\targets\..\tools\net10.0\Microsoft.NET.Build.Tasks.dll".
       Tarea "ResolveTargetingPackAssets"
       Ejecución de la tarea "ResolveTargetingPackAssets" terminada.
   1:7>Compilación terminada del destino "ResolveTargetingPackAssets" en el proyecto "Spherical.csproj".
   1:7>Destino "ResolveOffByDefaultAnalyzers" en el archivo "C:\Program Files\dotnet\sdk\10.0.103\Sdks\Microsoft.NET.Sdk\targets\Microsoft.NET.Sdk.FrameworkReferenceResolution.targets" del proyecto "e:\Documentos\Proyectos\Spherikal\Spherical\src\Spherical\Spherical.csproj" (el destino "_HandlePackageFileConflicts" depende de él):
   1:7>Compilación terminada del destino "ResolveOffByDefaultAnalyzers" en el proyecto "Spherical.csproj".
   1:7>Destino "_HandlePackageFileConflicts" en el archivo "C:\Program Files\dotnet\sdk\10.0.103\Sdks\Microsoft.NET.Sdk\targets\Microsoft.NET.ConflictResolution.targets" del proyecto "e:\Documentos\Proyectos\Spherikal\Spherical\src\Spherical\Spherical.csproj" (el destino "ResolveAssemblyReferences" depende de él):
       Usando la tarea "ResolvePackageFileConflicts" del ensamblado "C:\Program Files\dotnet\sdk\10.0.103\Sdks\Microsoft.NET.Sdk\targets\..\tools\net10.0\Microsoft.NET.Build.Tasks.dll".
       Tarea "ResolvePackageFileConflicts"
         Se encontró un conflicto entre "Platform:System.Security.Cryptography.Pkcs.dll" y "CopyLocal:D:\Usuarios\german.alvarez\.nuget\packages\system.security.cryptography.pkcs\9.0.4\lib\net9.0\System.Security.Cryptography.Pkcs.dll". Se elegirá "Platform:System.Security.Cryptography.Pkcs.dll" porque AssemblyVersion "10.0.0.0" es mayor que "9.0.0.0".
         Se encontró un conflicto entre "Platform:System.Security.Cryptography.Pkcs.dll" y "CopyLocal:D:\Usuarios\german.alvarez\.nuget\packages\system.security.cryptography.pkcs\9.0.4\runtimes\win\lib\net9.0\System.Security.Cryptography.Pkcs.dll". Se elegirá "Platform:System.Security.Cryptography.Pkcs.dll" porque AssemblyVersion "10.0.0.0" es mayor que "9.0.0.0".
         Se encontró un conflicto entre "Platform:mscorlib.dll" y "Platform:mscorlib.dll". No se pudo determinar el ganador porque las versiones de archivo y ensamblado son iguales.
         Se encontró un conflicto entre "Platform:Microsoft.VisualBasic.dll" y "Platform:Microsoft.VisualBasic.dll". No se pudo determinar el ganador porque las versiones de archivo y ensamblado son iguales.
         Se encontró un conflicto entre "Platform:System.dll" y "Platform:System.dll". No se pudo determinar el ganador porque las versiones de archivo y ensamblado son iguales.
         Se encontró un conflicto entre "Platform:System.ComponentModel.DataAnnotations.dll" y "Platform:System.ComponentModel.DataAnnotations.dll". No se pudo determinar el ganador porque las versiones de archivo y ensamblado son iguales.
         Se encontró un conflicto entre "Platform:System.Configuration.dll" y "Platform:System.Configuration.dll". No se pudo determinar el ganador porque las versiones de archivo y ensamblado son iguales.
         Se encontró un conflicto entre "Platform:System.Core.dll" y "Platform:System.Core.dll". No se pudo determinar el ganador porque las versiones de archivo y ensamblado son iguales.
         Se encontró un conflicto entre "Platform:System.Data.dll" y "Platform:System.Data.dll". No se pudo determinar el ganador porque las versiones de archivo y ensamblado son iguales.
         Se encontró un conflicto entre "Platform:System.Drawing.dll" y "Platform:System.Drawing.dll". No se pudo determinar el ganador porque las versiones de archivo y ensamblado son iguales.
         Se encontró un conflicto entre "Platform:System.IO.Compression.FileSystem.dll" y "Platform:System.IO.Compression.FileSystem.dll". No se pudo determinar el ganador porque las versiones de archivo y ensamblado son iguales.
         Se encontró un conflicto entre "Platform:System.Net.dll" y "Platform:System.Net.dll". No se pudo determinar el ganador porque las versiones de archivo y ensamblado son iguales.
         Se encontró un conflicto entre "Platform:System.Numerics.dll" y "Platform:System.Numerics.dll". No se pudo determinar el ganador porque las versiones de archivo y ensamblado son iguales.
         Se encontró un conflicto entre "Platform:System.Runtime.Serialization.dll" y "Platform:System.Runtime.Serialization.dll". No se pudo determinar el ganador porque las versiones de archivo y ensamblado son iguales.
         Se encontró un conflicto entre "Platform:System.Security.dll" y "Platform:System.Security.dll". No se pudo determinar el ganador porque las versiones de archivo y ensamblado son iguales.
         Se encontró un conflicto entre "Platform:System.ServiceProcess.dll" y "Platform:System.ServiceProcess.dll". No se pudo determinar el ganador porque las versiones de archivo y ensamblado son iguales.
         Se encontró un conflicto entre "Platform:System.ServiceModel.Web.dll" y "Platform:System.ServiceModel.Web.dll". No se pudo determinar el ganador porque las versiones de archivo y ensamblado son iguales.
         Se encontró un conflicto entre "Platform:System.Transactions.dll" y "Platform:System.Transactions.dll". No se pudo determinar el ganador porque las versiones de archivo y ensamblado son iguales.
         Se encontró un conflicto entre "Platform:System.Web.dll" y "Platform:System.Web.dll". No se pudo determinar el ganador porque las versiones de archivo y ensamblado son iguales.
         Se encontró un conflicto entre "Platform:System.Windows.dll" y "Platform:System.Windows.dll". No se pudo determinar el ganador porque las versiones de archivo y ensamblado son iguales.
         Se encontró un conflicto entre "Platform:System.Xml.dll" y "Platform:System.Xml.dll". No se pudo determinar el ganador porque las versiones de archivo y ensamblado son iguales.
         Se encontró un conflicto entre "Platform:System.Xml.Serialization.dll" y "Platform:System.Xml.Serialization.dll". No se pudo determinar el ganador porque las versiones de archivo y ensamblado son iguales.
         Se encontró un conflicto entre "Platform:System.Xml.Linq.dll" y "Platform:System.Xml.Linq.dll". No se pudo determinar el ganador porque las versiones de archivo y ensamblado son iguales.
         Se encontró un conflicto entre "Platform:WindowsBase.dll" y "Platform:WindowsBase.dll". No se pudo determinar el ganador porque las versiones de archivo y ensamblado son iguales.
         Se encontró un conflicto entre "Platform:netstandard.dll" y "Platform:netstandard.dll". No se pudo determinar el ganador porque las versiones de archivo y ensamblado son iguales.
         Se encontró un conflicto entre "Platform:System.Private.CoreLib.dll" y "Platform:System.Private.CoreLib.dll". No se pudo determinar el ganador porque las versiones de archivo y ensamblado son iguales.
         Se encontró un conflicto entre "Platform:System.Private.DataContractSerialization.dll" y "Platform:System.Private.DataContractSerialization.dll". No se pudo determinar el ganador porque las versiones de archivo y ensamblado son iguales.
         Se encontró un conflicto entre "Platform:System.Private.Uri.dll" y "Platform:System.Private.Uri.dll". No se pudo determinar el ganador porque las versiones de archivo y ensamblado son iguales.
         Se encontró un conflicto entre "Platform:System.Private.Xml.dll" y "Platform:System.Private.Xml.dll". No se pudo determinar el ganador porque las versiones de archivo y ensamblado son iguales.
         Se encontró un conflicto entre "Platform:System.Private.Xml.Linq.dll" y "Platform:System.Private.Xml.Linq.dll". No se pudo determinar el ganador porque las versiones de archivo y ensamblado son iguales.
         Se encontró un conflicto entre "Platform:mscordaccore_amd64_amd64_10.0.326.7603.dll" y "Platform:mscordaccore_amd64_amd64_10.0.326.7603.dll". No se pudo determinar el ganador porque las versiones de archivo y ensamblado son iguales.
       Ejecución de la tarea "ResolvePackageFileConflicts" terminada.
   1:7>Compilación terminada del destino "_HandlePackageFileConflicts" en el proyecto "Spherical.csproj".
       Se omitió el destino "ResolveTargetingPackAssets". Compilado previamente de forma correcta.
   1:7>Destino "ResolveAssemblyReferences" en el archivo "C:\Program Files\dotnet\sdk\10.0.103\Microsoft.Common.CurrentVersion.targets" del proyecto "e:\Documentos\Proyectos\Spherikal\Spherical\src\Spherical\Spherical.csproj" (el destino "ResolveReferences" depende de él):
       Usando la tarea "ResolveAssemblyReference" del ensamblado "Microsoft.Build.Tasks.Core, Version=15.1.0.0, Culture=neutral, PublicKeyToken=b03f5f7f11d50a3a".
       Tarea "ResolveAssemblyReference"
         TargetFrameworkMoniker:
             .NETCoreApp,Version=v10.0
         TargetFrameworkMonikerDisplayName:
             .NET 10.0
         TargetedRuntimeVersion:
             
         Assemblies:
             D:\Usuarios\german.alvarez\.nuget\packages\azure.core\1.47.1\lib\net8.0\Azure.Core.dll
                 Private = 'false'
                 HintPath = 'D:\Usuarios\german.alvarez\.nuget\packages\azure.core\1.47.1\lib\net8.0\Azure.Core.dll'
             D:\Usuarios\german.alvarez\.nuget\packages\azure.identity\1.14.2\lib\net8.0\Azure.Identity.dll
                 Private = 'false'
                 HintPath = 'D:\Usuarios\german.alvarez\.nuget\packages\azure.identity\1.14.2\lib\net8.0\Azure.Identity.dll'
             D:\Usuarios\german.alvarez\.nuget\packages\closedxml\0.105.0\lib\netstandard2.1\ClosedXML.dll
                 Private = 'false'
                 HintPath = 'D:\Usuarios\german.alvarez\.nuget\packages\closedxml\0.105.0\lib\netstandard2.1\ClosedXML.dll'
             D:\Usuarios\german.alvarez\.nuget\packages\closedxml.parser\2.0.0\lib\netstandard2.1\ClosedXML.Parser.dll
                 Private = 'false'
                 HintPath = 'D:\Usuarios\german.alvarez\.nuget\packages\closedxml.parser\2.0.0\lib\netstandard2.1\ClosedXML.Parser.dll'
             D:\Usuarios\german.alvarez\.nuget\packages\documentformat.openxml\3.1.1\lib\net8.0\DocumentFormat.OpenXml.dll
                 Private = 'false'
                 HintPath = 'D:\Usuarios\german.alvarez\.nuget\packages\documentformat.openxml\3.1.1\lib\net8.0\DocumentFormat.OpenXml.dll'
             D:\Usuarios\german.alvarez\.nuget\packages\documentformat.openxml.framework\3.1.1\lib\net8.0\DocumentFormat.OpenXml.Framework.dll
                 Private = 'false'
                 HintPath = 'D:\Usuarios\german.alvarez\.nuget\packages\documentformat.openxml.framework\3.1.1\lib\net8.0\DocumentFormat.OpenXml.Framework.dll'
             D:\Usuarios\german.alvarez\.nuget\packages\excelnumberformat\1.1.0\lib\netstandard2.0\ExcelNumberFormat.dll
                 Private = 'false'
                 HintPath = 'D:\Usuarios\german.alvarez\.nuget\packages\excelnumberformat\1.1.0\lib\netstandard2.0\ExcelNumberFormat.dll'
             D:\Usuarios\german.alvarez\.nuget\packages\microsoft.aspnetcore.authentication.jwtbearer\10.0.0\lib\net10.0\Microsoft.AspNetCore.Authentication.JwtBearer.dll
                 Private = 'false'
                 HintPath = 'D:\Usuarios\german.alvarez\.nuget\packages\microsoft.aspnetcore.authentication.jwtbearer\10.0.0\lib\net10.0\Microsoft.AspNetCore.Authentication.JwtBearer.dll'
             D:\Usuarios\german.alvarez\.nuget\packages\microsoft.bcl.asyncinterfaces\8.0.0\lib\netstandard2.1\Microsoft.Bcl.AsyncInterfaces.dll
                 Private = 'false'
                 HintPath = 'D:\Usuarios\german.alvarez\.nuget\packages\microsoft.bcl.asyncinterfaces\8.0.0\lib\netstandard2.1\Microsoft.Bcl.AsyncInterfaces.dll'
             D:\Usuarios\german.alvarez\.nuget\packages\microsoft.bcl.cryptography\9.0.4\lib\net9.0\Microsoft.Bcl.Cryptography.dll
                 Private = 'false'
                 HintPath = 'D:\Usuarios\german.alvarez\.nuget\packages\microsoft.bcl.cryptography\9.0.4\lib\net9.0\Microsoft.Bcl.Cryptography.dll'
             D:\Usuarios\german.alvarez\.nuget\packages\microsoft.data.sqlclient\6.1.1\ref\net9.0\Microsoft.Data.SqlClient.dll
                 Private = 'false'
                 HintPath = 'D:\Usuarios\german.alvarez\.nuget\packages\microsoft.data.sqlclient\6.1.1\ref\net9.0\Microsoft.Data.SqlClient.dll'
             D:\Usuarios\german.alvarez\.nuget\packages\microsoft.entityframeworkcore\10.0.0\lib\net10.0\Microsoft.EntityFrameworkCore.dll
                 Private = 'false'
                 HintPath = 'D:\Usuarios\german.alvarez\.nuget\packages\microsoft.entityframeworkcore\10.0.0\lib\net10.0\Microsoft.EntityFrameworkCore.dll'
             D:\Usuarios\german.alvarez\.nuget\packages\microsoft.entityframeworkcore.abstractions\10.0.0\lib\net10.0\Microsoft.EntityFrameworkCore.Abstractions.dll
                 Private = 'false'
                 HintPath = 'D:\Usuarios\german.alvarez\.nuget\packages\microsoft.entityframeworkcore.abstractions\10.0.0\lib\net10.0\Microsoft.EntityFrameworkCore.Abstractions.dll'
             D:\Usuarios\german.alvarez\.nuget\packages\microsoft.entityframeworkcore.relational\10.0.0\lib\net10.0\Microsoft.EntityFrameworkCore.Relational.dll
                 Private = 'false'
                 HintPath = 'D:\Usuarios\german.alvarez\.nuget\packages\microsoft.entityframeworkcore.relational\10.0.0\lib\net10.0\Microsoft.EntityFrameworkCore.Relational.dll'
             D:\Usuarios\german.alvarez\.nuget\packages\microsoft.entityframeworkcore.sqlserver\10.0.0\lib\net10.0\Microsoft.EntityFrameworkCore.SqlServer.dll
                 Private = 'false'
                 HintPath = 'D:\Usuarios\german.alvarez\.nuget\packages\microsoft.entityframeworkcore.sqlserver\10.0.0\lib\net10.0\Microsoft.EntityFrameworkCore.SqlServer.dll'
             D:\Usuarios\german.alvarez\.nuget\packages\microsoft.identity.client\4.73.1\lib\net8.0\Microsoft.Identity.Client.dll
                 Private = 'false'
                 HintPath = 'D:\Usuarios\german.alvarez\.nuget\packages\microsoft.identity.client\4.73.1\lib\net8.0\Microsoft.Identity.Client.dll'
             D:\Usuarios\german.alvarez\.nuget\packages\microsoft.identity.client.extensions.msal\4.73.1\lib\net8.0\Microsoft.Identity.Client.Extensions.Msal.dll
                 Private = 'false'
                 HintPath = 'D:\Usuarios\german.alvarez\.nuget\packages\microsoft.identity.client.extensions.msal\4.73.1\lib\net8.0\Microsoft.Identity.Client.Extensions.Msal.dll'
             D:\Usuarios\german.alvarez\.nuget\packages\microsoft.identitymodel.abstractions\8.0.1\lib\net9.0\Microsoft.IdentityModel.Abstractions.dll
                 Private = 'false'
                 HintPath = 'D:\Usuarios\german.alvarez\.nuget\packages\microsoft.identitymodel.abstractions\8.0.1\lib\net9.0\Microsoft.IdentityModel.Abstractions.dll'
             D:\Usuarios\german.alvarez\.nuget\packages\microsoft.identitymodel.jsonwebtokens\8.0.1\lib\net9.0\Microsoft.IdentityModel.JsonWebTokens.dll
                 Private = 'false'
                 HintPath = 'D:\Usuarios\german.alvarez\.nuget\packages\microsoft.identitymodel.jsonwebtokens\8.0.1\lib\net9.0\Microsoft.IdentityModel.JsonWebTokens.dll'
             D:\Usuarios\german.alvarez\.nuget\packages\microsoft.identitymodel.logging\8.0.1\lib\net9.0\Microsoft.IdentityModel.Logging.dll
                 Private = 'false'
                 HintPath = 'D:\Usuarios\german.alvarez\.nuget\packages\microsoft.identitymodel.logging\8.0.1\lib\net9.0\Microsoft.IdentityModel.Logging.dll'
             D:\Usuarios\german.alvarez\.nuget\packages\microsoft.identitymodel.protocols\8.0.1\lib\net9.0\Microsoft.IdentityModel.Protocols.dll
                 Private = 'false'
                 HintPath = 'D:\Usuarios\german.alvarez\.nuget\packages\microsoft.identitymodel.protocols\8.0.1\lib\net9.0\Microsoft.IdentityModel.Protocols.dll'
             D:\Usuarios\german.alvarez\.nuget\packages\microsoft.identitymodel.protocols.openidconnect\8.0.1\lib\net9.0\Microsoft.IdentityModel.Protocols.OpenIdConnect.dll
                 Private = 'false'
                 HintPath = 'D:\Usuarios\german.alvarez\.nuget\packages\microsoft.identitymodel.protocols.openidconnect\8.0.1\lib\net9.0\Microsoft.IdentityModel.Protocols.OpenIdConnect.dll'
             D:\Usuarios\german.alvarez\.nuget\packages\microsoft.identitymodel.tokens\8.0.1\lib\net9.0\Microsoft.IdentityModel.Tokens.dll
                 Private = 'false'
                 HintPath = 'D:\Usuarios\german.alvarez\.nuget\packages\microsoft.identitymodel.tokens\8.0.1\lib\net9.0\Microsoft.IdentityModel.Tokens.dll'
             D:\Usuarios\german.alvarez\.nuget\packages\microsoft.openapi\2.3.0\lib\net8.0\Microsoft.OpenApi.dll
                 Private = 'false'
                 HintPath = 'D:\Usuarios\german.alvarez\.nuget\packages\microsoft.openapi\2.3.0\lib\net8.0\Microsoft.OpenApi.dll'
             D:\Usuarios\german.alvarez\.nuget\packages\microsoft.sqlserver.server\1.0.0\lib\netstandard2.0\Microsoft.SqlServer.Server.dll
                 Private = 'false'
                 HintPath = 'D:\Usuarios\german.alvarez\.nuget\packages\microsoft.sqlserver.server\1.0.0\lib\netstandard2.0\Microsoft.SqlServer.Server.dll'
             D:\Usuarios\german.alvarez\.nuget\packages\mudblazor\8.15.0\lib\net9.0\MudBlazor.dll
                 Private = 'false'
                 HintPath = 'D:\Usuarios\german.alvarez\.nuget\packages\mudblazor\8.15.0\lib\net9.0\MudBlazor.dll'
             D:\Usuarios\german.alvarez\.nuget\packages\newtonsoft.json\13.0.4\lib\net6.0\Newtonsoft.Json.dll
                 Private = 'false'
                 HintPath = 'D:\Usuarios\german.alvarez\.nuget\packages\newtonsoft.json\13.0.4\lib\net6.0\Newtonsoft.Json.dll'
             D:\Usuarios\german.alvarez\.nuget\packages\nlog\6.1.1\lib\netstandard2.1\NLog.dll
                 Private = 'false'
                 HintPath = 'D:\Usuarios\german.alvarez\.nuget\packages\nlog\6.1.1\lib\netstandard2.1\NLog.dll'
             D:\Usuarios\german.alvarez\.nuget\packages\rbush.signed\4.0.0\lib\net8.0\RBush.dll
                 Private = 'false'
                 HintPath = 'D:\Usuarios\german.alvarez\.nuget\packages\rbush.signed\4.0.0\lib\net8.0\RBush.dll'
             D:\Usuarios\german.alvarez\.nuget\packages\restsharp\114.0.0\lib\net10.0\RestSharp.dll
                 Private = 'false'
                 HintPath = 'D:\Usuarios\german.alvarez\.nuget\packages\restsharp\114.0.0\lib\net10.0\RestSharp.dll'
             D:\Usuarios\german.alvarez\.nuget\packages\sixlabors.fonts\1.0.0\lib\netcoreapp3.1\SixLabors.Fonts.dll
                 Private = 'false'
                 HintPath = 'D:\Usuarios\german.alvarez\.nuget\packages\sixlabors.fonts\1.0.0\lib\netcoreapp3.1\SixLabors.Fonts.dll'
             D:\Usuarios\german.alvarez\.nuget\packages\swashbuckle.aspnetcore.swagger\10.0.1\lib\net10.0\Swashbuckle.AspNetCore.Swagger.dll
                 Private = 'false'
                 HintPath = 'D:\Usuarios\german.alvarez\.nuget\packages\swashbuckle.aspnetcore.swagger\10.0.1\lib\net10.0\Swashbuckle.AspNetCore.Swagger.dll'
             D:\Usuarios\german.alvarez\.nuget\packages\swashbuckle.aspnetcore.swaggergen\10.0.1\lib\net10.0\Swashbuckle.AspNetCore.SwaggerGen.dll
                 Private = 'false'
                 HintPath = 'D:\Usuarios\german.alvarez\.nuget\packages\swashbuckle.aspnetcore.swaggergen\10.0.1\lib\net10.0\Swashbuckle.AspNetCore.SwaggerGen.dll'
             D:\Usuarios\german.alvarez\.nuget\packages\swashbuckle.aspnetcore.swaggerui\10.0.1\lib\net10.0\Swashbuckle.AspNetCore.SwaggerUI.dll
                 Private = 'false'
                 HintPath = 'D:\Usuarios\german.alvarez\.nuget\packages\swashbuckle.aspnetcore.swaggerui\10.0.1\lib\net10.0\Swashbuckle.AspNetCore.SwaggerUI.dll'
             D:\Usuarios\german.alvarez\.nuget\packages\system.clientmodel\1.5.1\lib\net8.0\System.ClientModel.dll
                 Private = 'false'
                 HintPath = 'D:\Usuarios\german.alvarez\.nuget\packages\system.clientmodel\1.5.1\lib\net8.0\System.ClientModel.dll'
             D:\Usuarios\german.alvarez\.nuget\packages\system.identitymodel.tokens.jwt\8.0.1\lib\net9.0\System.IdentityModel.Tokens.Jwt.dll
                 Private = 'false'
                 HintPath = 'D:\Usuarios\german.alvarez\.nuget\packages\system.identitymodel.tokens.jwt\8.0.1\lib\net9.0\System.IdentityModel.Tokens.Jwt.dll'
             D:\Usuarios\german.alvarez\.nuget\packages\system.io.packaging\8.0.1\lib\net8.0\System.IO.Packaging.dll
                 Private = 'false'
                 HintPath = 'D:\Usuarios\german.alvarez\.nuget\packages\system.io.packaging\8.0.1\lib\net8.0\System.IO.Packaging.dll'
             D:\Usuarios\german.alvarez\.nuget\packages\system.memory.data\8.0.1\lib\net8.0\System.Memory.Data.dll
                 Private = 'false'
                 HintPath = 'D:\Usuarios\german.alvarez\.nuget\packages\system.memory.data\8.0.1\lib\net8.0\System.Memory.Data.dll'
             D:\Usuarios\german.alvarez\.nuget\packages\system.security.cryptography.pkcs\9.0.4\lib\net9.0\System.Security.Cryptography.Pkcs.dll
                 Private = 'false'
                 HintPath = 'D:\Usuarios\german.alvarez\.nuget\packages\system.security.cryptography.pkcs\9.0.4\lib\net9.0\System.Security.Cryptography.Pkcs.dll'
             D:\Usuarios\german.alvarez\.nuget\packages\system.security.cryptography.protecteddata\9.0.4\lib\net9.0\System.Security.Cryptography.ProtectedData.dll
                 Private = 'false'
                 HintPath = 'D:\Usuarios\german.alvarez\.nuget\packages\system.security.cryptography.protecteddata\9.0.4\lib\net9.0\System.Security.Cryptography.ProtectedData.dll'
             C:\Program Files\dotnet\packs\Microsoft.NETCore.App.Ref\10.0.3\ref/net10.0/Microsoft.CSharp.dll
                 Private = 'false'
             C:\Program Files\dotnet\packs\Microsoft.NETCore.App.Ref\10.0.3\ref/net10.0/Microsoft.VisualBasic.Core.dll
                 Private = 'false'
             C:\Program Files\dotnet\packs\Microsoft.NETCore.App.Ref\10.0.3\ref/net10.0/Microsoft.VisualBasic.dll
                 Private = 'false'
             C:\Program Files\dotnet\packs\Microsoft.NETCore.App.Ref\10.0.3\ref/net10.0/Microsoft.Win32.Primitives.dll
                 Private = 'false'
             C:\Program Files\dotnet\packs\Microsoft.NETCore.App.Ref\10.0.3\ref/net10.0/Microsoft.Win32.Registry.dll
                 Private = 'false'
             C:\Program Files\dotnet\packs\Microsoft.NETCore.App.Ref\10.0.3\ref/net10.0/System.AppContext.dll
                 Private = 'false'
             C:\Program Files\dotnet\packs\Microsoft.NETCore.App.Ref\10.0.3\ref/net10.0/System.Buffers.dll
                 Private = 'false'
             C:\Program Files\dotnet\packs\Microsoft.NETCore.App.Ref\10.0.3\ref/net10.0/System.Collections.Concurrent.dll
                 Private = 'false'
             C:\Program Files\dotnet\packs\Microsoft.NETCore.App.Ref\10.0.3\ref/net10.0/System.Collections.Immutable.dll
                 Private = 'false'
             C:\Program Files\dotnet\packs\Microsoft.NETCore.App.Ref\10.0.3\ref/net10.0/System.Collections.NonGeneric.dll
                 Private = 'false'
             C:\Program Files\dotnet\packs\Microsoft.NETCore.App.Ref\10.0.3\ref/net10.0/System.Collections.Specialized.dll
                 Private = 'false'
             C:\Program Files\dotnet\packs\Microsoft.NETCore.App.Ref\10.0.3\ref/net10.0/System.Collections.dll
                 Private = 'false'
             C:\Program Files\dotnet\packs\Microsoft.NETCore.App.Ref\10.0.3\ref/net10.0/System.ComponentModel.Annotations.dll
                 Private = 'false'
             C:\Program Files\dotnet\packs\Microsoft.NETCore.App.Ref\10.0.3\ref/net10.0/System.ComponentModel.DataAnnotations.dll
                 Private = 'false'
             C:\Program Files\dotnet\packs\Microsoft.NETCore.App.Ref\10.0.3\ref/net10.0/System.ComponentModel.EventBasedAsync.dll
                 Private = 'false'
             C:\Program Files\dotnet\packs\Microsoft.NETCore.App.Ref\10.0.3\ref/net10.0/System.ComponentModel.Primitives.dll
                 Private = 'false'
             C:\Program Files\dotnet\packs\Microsoft.NETCore.App.Ref\10.0.3\ref/net10.0/System.ComponentModel.TypeConverter.dll
                 Private = 'false'
             C:\Program Files\dotnet\packs\Microsoft.NETCore.App.Ref\10.0.3\ref/net10.0/System.ComponentModel.dll
                 Private = 'false'
             C:\Program Files\dotnet\packs\Microsoft.NETCore.App.Ref\10.0.3\ref/net10.0/System.Configuration.dll
                 Private = 'false'
             C:\Program Files\dotnet\packs\Microsoft.NETCore.App.Ref\10.0.3\ref/net10.0/System.Console.dll
                 Private = 'false'
             C:\Program Files\dotnet\packs\Microsoft.NETCore.App.Ref\10.0.3\ref/net10.0/System.Core.dll
                 Private = 'false'
             C:\Program Files\dotnet\packs\Microsoft.NETCore.App.Ref\10.0.3\ref/net10.0/System.Data.Common.dll
                 Private = 'false'
             C:\Program Files\dotnet\packs\Microsoft.NETCore.App.Ref\10.0.3\ref/net10.0/System.Data.DataSetExtensions.dll
                 Private = 'false'
             C:\Program Files\dotnet\packs\Microsoft.NETCore.App.Ref\10.0.3\ref/net10.0/System.Data.dll
                 Private = 'false'
             C:\Program Files\dotnet\packs\Microsoft.NETCore.App.Ref\10.0.3\ref/net10.0/System.Diagnostics.Contracts.dll
                 Private = 'false'
             C:\Program Files\dotnet\packs\Microsoft.NETCore.App.Ref\10.0.3\ref/net10.0/System.Diagnostics.Debug.dll
                 Private = 'false'
             C:\Program Files\dotnet\packs\Microsoft.NETCore.App.Ref\10.0.3\ref/net10.0/System.Diagnostics.DiagnosticSource.dll
                 Private = 'false'
             C:\Program Files\dotnet\packs\Microsoft.NETCore.App.Ref\10.0.3\ref/net10.0/System.Diagnostics.FileVersionInfo.dll
                 Private = 'false'
             C:\Program Files\dotnet\packs\Microsoft.NETCore.App.Ref\10.0.3\ref/net10.0/System.Diagnostics.Process.dll
                 Private = 'false'
             C:\Program Files\dotnet\packs\Microsoft.NETCore.App.Ref\10.0.3\ref/net10.0/System.Diagnostics.StackTrace.dll
                 Private = 'false'
             C:\Program Files\dotnet\packs\Microsoft.NETCore.App.Ref\10.0.3\ref/net10.0/System.Diagnostics.TextWriterTraceListener.dll
                 Private = 'false'
             C:\Program Files\dotnet\packs\Microsoft.NETCore.App.Ref\10.0.3\ref/net10.0/System.Diagnostics.Tools.dll
                 Private = 'false'
             C:\Program Files\dotnet\packs\Microsoft.NETCore.App.Ref\10.0.3\ref/net10.0/System.Diagnostics.TraceSource.dll
                 Private = 'false'
             C:\Program Files\dotnet\packs\Microsoft.NETCore.App.Ref\10.0.3\ref/net10.0/System.Diagnostics.Tracing.dll
                 Private = 'false'
             C:\Program Files\dotnet\packs\Microsoft.NETCore.App.Ref\10.0.3\ref/net10.0/System.Drawing.Primitives.dll
                 Private = 'false'
             C:\Program Files\dotnet\packs\Microsoft.NETCore.App.Ref\10.0.3\ref/net10.0/System.Drawing.dll
                 Private = 'false'
             C:\Program Files\dotnet\packs\Microsoft.NETCore.App.Ref\10.0.3\ref/net10.0/System.Dynamic.Runtime.dll
                 Private = 'false'
             C:\Program Files\dotnet\packs\Microsoft.NETCore.App.Ref\10.0.3\ref/net10.0/System.Formats.Asn1.dll
                 Private = 'false'
             C:\Program Files\dotnet\packs\Microsoft.NETCore.App.Ref\10.0.3\ref/net10.0/System.Formats.Tar.dll
                 Private = 'false'
             C:\Program Files\dotnet\packs\Microsoft.NETCore.App.Ref\10.0.3\ref/net10.0/System.Globalization.Calendars.dll
                 Private = 'false'
             C:\Program Files\dotnet\packs\Microsoft.NETCore.App.Ref\10.0.3\ref/net10.0/System.Globalization.Extensions.dll
                 Private = 'false'
             C:\Program Files\dotnet\packs\Microsoft.NETCore.App.Ref\10.0.3\ref/net10.0/System.Globalization.dll
                 Private = 'false'
             C:\Program Files\dotnet\packs\Microsoft.NETCore.App.Ref\10.0.3\ref/net10.0/System.IO.Compression.Brotli.dll
                 Private = 'false'
             C:\Program Files\dotnet\packs\Microsoft.NETCore.App.Ref\10.0.3\ref/net10.0/System.IO.Compression.FileSystem.dll
                 Private = 'false'
             C:\Program Files\dotnet\packs\Microsoft.NETCore.App.Ref\10.0.3\ref/net10.0/System.IO.Compression.ZipFile.dll
                 Private = 'false'
             C:\Program Files\dotnet\packs\Microsoft.NETCore.App.Ref\10.0.3\ref/net10.0/System.IO.Compression.dll
                 Private = 'false'
             C:\Program Files\dotnet\packs\Microsoft.NETCore.App.Ref\10.0.3\ref/net10.0/System.IO.FileSystem.AccessControl.dll
                 Private = 'false'
             C:\Program Files\dotnet\packs\Microsoft.NETCore.App.Ref\10.0.3\ref/net10.0/System.IO.FileSystem.DriveInfo.dll
                 Private = 'false'
             C:\Program Files\dotnet\packs\Microsoft.NETCore.App.Ref\10.0.3\ref/net10.0/System.IO.FileSystem.Primitives.dll
                 Private = 'false'
             C:\Program Files\dotnet\packs\Microsoft.NETCore.App.Ref\10.0.3\ref/net10.0/System.IO.FileSystem.Watcher.dll
                 Private = 'false'
             C:\Program Files\dotnet\packs\Microsoft.NETCore.App.Ref\10.0.3\ref/net10.0/System.IO.FileSystem.dll
                 Private = 'false'
             C:\Program Files\dotnet\packs\Microsoft.NETCore.App.Ref\10.0.3\ref/net10.0/System.IO.IsolatedStorage.dll
                 Private = 'false'
             C:\Program Files\dotnet\packs\Microsoft.NETCore.App.Ref\10.0.3\ref/net10.0/System.IO.MemoryMappedFiles.dll
                 Private = 'false'
             C:\Program Files\dotnet\packs\Microsoft.NETCore.App.Ref\10.0.3\ref/net10.0/System.IO.Pipelines.dll
                 Private = 'false'
             C:\Program Files\dotnet\packs\Microsoft.NETCore.App.Ref\10.0.3\ref/net10.0/System.IO.Pipes.AccessControl.dll
                 Private = 'false'
             C:\Program Files\dotnet\packs\Microsoft.NETCore.App.Ref\10.0.3\ref/net10.0/System.IO.Pipes.dll
                 Private = 'false'
             C:\Program Files\dotnet\packs\Microsoft.NETCore.App.Ref\10.0.3\ref/net10.0/System.IO.UnmanagedMemoryStream.dll
                 Private = 'false'
             C:\Program Files\dotnet\packs\Microsoft.NETCore.App.Ref\10.0.3\ref/net10.0/System.IO.dll
                 Private = 'false'
             C:\Program Files\dotnet\packs\Microsoft.NETCore.App.Ref\10.0.3\ref/net10.0/System.Linq.AsyncEnumerable.dll
                 Private = 'false'
             C:\Program Files\dotnet\packs\Microsoft.NETCore.App.Ref\10.0.3\ref/net10.0/System.Linq.Expressions.dll
                 Private = 'false'
             C:\Program Files\dotnet\packs\Microsoft.NETCore.App.Ref\10.0.3\ref/net10.0/System.Linq.Parallel.dll
                 Private = 'false'
             C:\Program Files\dotnet\packs\Microsoft.NETCore.App.Ref\10.0.3\ref/net10.0/System.Linq.Queryable.dll
                 Private = 'false'
             C:\Program Files\dotnet\packs\Microsoft.NETCore.App.Ref\10.0.3\ref/net10.0/System.Linq.dll
                 Private = 'false'
             C:\Program Files\dotnet\packs\Microsoft.NETCore.App.Ref\10.0.3\ref/net10.0/System.Memory.dll
                 Private = 'false'
             C:\Program Files\dotnet\packs\Microsoft.NETCore.App.Ref\10.0.3\ref/net10.0/System.Net.Http.Json.dll
                 Private = 'false'
             C:\Program Files\dotnet\packs\Microsoft.NETCore.App.Ref\10.0.3\ref/net10.0/System.Net.Http.dll
                 Private = 'false'
             C:\Program Files\dotnet\packs\Microsoft.NETCore.App.Ref\10.0.3\ref/net10.0/System.Net.HttpListener.dll
                 Private = 'false'
             C:\Program Files\dotnet\packs\Microsoft.NETCore.App.Ref\10.0.3\ref/net10.0/System.Net.Mail.dll
                 Private = 'false'
             C:\Program Files\dotnet\packs\Microsoft.NETCore.App.Ref\10.0.3\ref/net10.0/System.Net.NameResolution.dll
                 Private = 'false'
             C:\Program Files\dotnet\packs\Microsoft.NETCore.App.Ref\10.0.3\ref/net10.0/System.Net.NetworkInformation.dll
                 Private = 'false'
             C:\Program Files\dotnet\packs\Microsoft.NETCore.App.Ref\10.0.3\ref/net10.0/System.Net.Ping.dll
                 Private = 'false'
             C:\Program Files\dotnet\packs\Microsoft.NETCore.App.Ref\10.0.3\ref/net10.0/System.Net.Primitives.dll
                 Private = 'false'
             C:\Program Files\dotnet\packs\Microsoft.NETCore.App.Ref\10.0.3\ref/net10.0/System.Net.Quic.dll
                 Private = 'false'
             C:\Program Files\dotnet\packs\Microsoft.NETCore.App.Ref\10.0.3\ref/net10.0/System.Net.Requests.dll
                 Private = 'false'
             C:\Program Files\dotnet\packs\Microsoft.NETCore.App.Ref\10.0.3\ref/net10.0/System.Net.Security.dll
                 Private = 'false'
             C:\Program Files\dotnet\packs\Microsoft.NETCore.App.Ref\10.0.3\ref/net10.0/System.Net.ServerSentEvents.dll
                 Private = 'false'
             C:\Program Files\dotnet\packs\Microsoft.NETCore.App.Ref\10.0.3\ref/net10.0/System.Net.ServicePoint.dll
                 Private = 'false'
             C:\Program Files\dotnet\packs\Microsoft.NETCore.App.Ref\10.0.3\ref/net10.0/System.Net.Sockets.dll
                 Private = 'false'
             C:\Program Files\dotnet\packs\Microsoft.NETCore.App.Ref\10.0.3\ref/net10.0/System.Net.WebClient.dll
                 Private = 'false'
             C:\Program Files\dotnet\packs\Microsoft.NETCore.App.Ref\10.0.3\ref/net10.0/System.Net.WebHeaderCollection.dll
                 Private = 'false'
             C:\Program Files\dotnet\packs\Microsoft.NETCore.App.Ref\10.0.3\ref/net10.0/System.Net.WebProxy.dll
                 Private = 'false'
             C:\Program Files\dotnet\packs\Microsoft.NETCore.App.Ref\10.0.3\ref/net10.0/System.Net.WebSockets.Client.dll
                 Private = 'false'
             C:\Program Files\dotnet\packs\Microsoft.NETCore.App.Ref\10.0.3\ref/net10.0/System.Net.WebSockets.dll
                 Private = 'false'
             C:\Program Files\dotnet\packs\Microsoft.NETCore.App.Ref\10.0.3\ref/net10.0/System.Net.dll
                 Private = 'false'
             C:\Program Files\dotnet\packs\Microsoft.NETCore.App.Ref\10.0.3\ref/net10.0/System.Numerics.Vectors.dll
                 Private = 'false'
             C:\Program Files\dotnet\packs\Microsoft.NETCore.App.Ref\10.0.3\ref/net10.0/System.Numerics.dll
                 Private = 'false'
             C:\Program Files\dotnet\packs\Microsoft.NETCore.App.Ref\10.0.3\ref/net10.0/System.ObjectModel.dll
                 Private = 'false'
             C:\Program Files\dotnet\packs\Microsoft.NETCore.App.Ref\10.0.3\ref/net10.0/System.Reflection.DispatchProxy.dll
                 Private = 'false'
             C:\Program Files\dotnet\packs\Microsoft.NETCore.App.Ref\10.0.3\ref/net10.0/System.Reflection.Emit.ILGeneration.dll
                 Private = 'false'
             C:\Program Files\dotnet\packs\Microsoft.NETCore.App.Ref\10.0.3\ref/net10.0/System.Reflection.Emit.Lightweight.dll
                 Private = 'false'
             C:\Program Files\dotnet\packs\Microsoft.NETCore.App.Ref\10.0.3\ref/net10.0/System.Reflection.Emit.dll
                 Private = 'false'
             C:\Program Files\dotnet\packs\Microsoft.NETCore.App.Ref\10.0.3\ref/net10.0/System.Reflection.Extensions.dll
                 Private = 'false'
             C:\Program Files\dotnet\packs\Microsoft.NETCore.App.Ref\10.0.3\ref/net10.0/System.Reflection.Metadata.dll
                 Private = 'false'
             C:\Program Files\dotnet\packs\Microsoft.NETCore.App.Ref\10.0.3\ref/net10.0/System.Reflection.Primitives.dll
                 Private = 'false'
             C:\Program Files\dotnet\packs\Microsoft.NETCore.App.Ref\10.0.3\ref/net10.0/System.Reflection.TypeExtensions.dll
                 Private = 'false'
             C:\Program Files\dotnet\packs\Microsoft.NETCore.App.Ref\10.0.3\ref/net10.0/System.Reflection.dll
                 Private = 'false'
             C:\Program Files\dotnet\packs\Microsoft.NETCore.App.Ref\10.0.3\ref/net10.0/System.Resources.Reader.dll
                 Private = 'false'
             C:\Program Files\dotnet\packs\Microsoft.NETCore.App.Ref\10.0.3\ref/net10.0/System.Resources.ResourceManager.dll
                 Private = 'false'
             C:\Program Files\dotnet\packs\Microsoft.NETCore.App.Ref\10.0.3\ref/net10.0/System.Resources.Writer.dll
                 Private = 'false'
             C:\Program Files\dotnet\packs\Microsoft.NETCore.App.Ref\10.0.3\ref/net10.0/System.Runtime.CompilerServices.Unsafe.dll
                 Private = 'false'
             C:\Program Files\dotnet\packs\Microsoft.NETCore.App.Ref\10.0.3\ref/net10.0/System.Runtime.CompilerServices.VisualC.dll
                 Private = 'false'
             C:\Program Files\dotnet\packs\Microsoft.NETCore.App.Ref\10.0.3\ref/net10.0/System.Runtime.Extensions.dll
                 Private = 'false'
             C:\Program Files\dotnet\packs\Microsoft.NETCore.App.Ref\10.0.3\ref/net10.0/System.Runtime.Handles.dll
                 Private = 'false'
             C:\Program Files\dotnet\packs\Microsoft.NETCore.App.Ref\10.0.3\ref/net10.0/System.Runtime.InteropServices.JavaScript.dll
                 Private = 'false'
             C:\Program Files\dotnet\packs\Microsoft.NETCore.App.Ref\10.0.3\ref/net10.0/System.Runtime.InteropServices.RuntimeInformation.dll
                 Private = 'false'
             C:\Program Files\dotnet\packs\Microsoft.NETCore.App.Ref\10.0.3\ref/net10.0/System.Runtime.InteropServices.dll
                 Private = 'false'
             C:\Program Files\dotnet\packs\Microsoft.NETCore.App.Ref\10.0.3\ref/net10.0/System.Runtime.Intrinsics.dll
                 Private = 'false'
             C:\Program Files\dotnet\packs\Microsoft.NETCore.App.Ref\10.0.3\ref/net10.0/System.Runtime.Loader.dll
                 Private = 'false'
             C:\Program Files\dotnet\packs\Microsoft.NETCore.App.Ref\10.0.3\ref/net10.0/System.Runtime.Numerics.dll
                 Private = 'false'
             C:\Program Files\dotnet\packs\Microsoft.NETCore.App.Ref\10.0.3\ref/net10.0/System.Runtime.Serialization.Formatters.dll
                 Private = 'false'
             C:\Program Files\dotnet\packs\Microsoft.NETCore.App.Ref\10.0.3\ref/net10.0/System.Runtime.Serialization.Json.dll
                 Private = 'false'
             C:\Program Files\dotnet\packs\Microsoft.NETCore.App.Ref\10.0.3\ref/net10.0/System.Runtime.Serialization.Primitives.dll
                 Private = 'false'
             C:\Program Files\dotnet\packs\Microsoft.NETCore.App.Ref\10.0.3\ref/net10.0/System.Runtime.Serialization.Xml.dll
                 Private = 'false'
             C:\Program Files\dotnet\packs\Microsoft.NETCore.App.Ref\10.0.3\ref/net10.0/System.Runtime.Serialization.dll
                 Private = 'false'
             C:\Program Files\dotnet\packs\Microsoft.NETCore.App.Ref\10.0.3\ref/net10.0/System.Runtime.dll
                 Private = 'false'
             C:\Program Files\dotnet\packs\Microsoft.NETCore.App.Ref\10.0.3\ref/net10.0/System.Security.AccessControl.dll
                 Private = 'false'
             C:\Program Files\dotnet\packs\Microsoft.NETCore.App.Ref\10.0.3\ref/net10.0/System.Security.Claims.dll
                 Private = 'false'
             C:\Program Files\dotnet\packs\Microsoft.NETCore.App.Ref\10.0.3\ref/net10.0/System.Security.Cryptography.Algorithms.dll
                 Private = 'false'
             C:\Program Files\dotnet\packs\Microsoft.NETCore.App.Ref\10.0.3\ref/net10.0/System.Security.Cryptography.Cng.dll
                 Private = 'false'
             C:\Program Files\dotnet\packs\Microsoft.NETCore.App.Ref\10.0.3\ref/net10.0/System.Security.Cryptography.Csp.dll
                 Private = 'false'
             C:\Program Files\dotnet\packs\Microsoft.NETCore.App.Ref\10.0.3\ref/net10.0/System.Security.Cryptography.Encoding.dll
                 Private = 'false'
             C:\Program Files\dotnet\packs\Microsoft.NETCore.App.Ref\10.0.3\ref/net10.0/System.Security.Cryptography.OpenSsl.dll
                 Private = 'false'
             C:\Program Files\dotnet\packs\Microsoft.NETCore.App.Ref\10.0.3\ref/net10.0/System.Security.Cryptography.Primitives.dll
                 Private = 'false'
             C:\Program Files\dotnet\packs\Microsoft.NETCore.App.Ref\10.0.3\ref/net10.0/System.Security.Cryptography.X509Certificates.dll
                 Private = 'false'
             C:\Program Files\dotnet\packs\Microsoft.NETCore.App.Ref\10.0.3\ref/net10.0/System.Security.Cryptography.dll
                 Private = 'false'
             C:\Program Files\dotnet\packs\Microsoft.NETCore.App.Ref\10.0.3\ref/net10.0/System.Security.Principal.Windows.dll
                 Private = 'false'
             C:\Program Files\dotnet\packs\Microsoft.NETCore.App.Ref\10.0.3\ref/net10.0/System.Security.Principal.dll
                 Private = 'false'
             C:\Program Files\dotnet\packs\Microsoft.NETCore.App.Ref\10.0.3\ref/net10.0/System.Security.SecureString.dll
                 Private = 'false'
             C:\Program Files\dotnet\packs\Microsoft.NETCore.App.Ref\10.0.3\ref/net10.0/System.Security.dll
                 Private = 'false'
             C:\Program Files\dotnet\packs\Microsoft.NETCore.App.Ref\10.0.3\ref/net10.0/System.ServiceModel.Web.dll
                 Private = 'false'
             C:\Program Files\dotnet\packs\Microsoft.NETCore.App.Ref\10.0.3\ref/net10.0/System.ServiceProcess.dll
                 Private = 'false'
             C:\Program Files\dotnet\packs\Microsoft.NETCore.App.Ref\10.0.3\ref/net10.0/System.Text.Encoding.CodePages.dll
                 Private = 'false'
             C:\Program Files\dotnet\packs\Microsoft.NETCore.App.Ref\10.0.3\ref/net10.0/System.Text.Encoding.Extensions.dll
                 Private = 'false'
             C:\Program Files\dotnet\packs\Microsoft.NETCore.App.Ref\10.0.3\ref/net10.0/System.Text.Encoding.dll
                 Private = 'false'
             C:\Program Files\dotnet\packs\Microsoft.NETCore.App.Ref\10.0.3\ref/net10.0/System.Text.Encodings.Web.dll
                 Private = 'false'
             C:\Program Files\dotnet\packs\Microsoft.NETCore.App.Ref\10.0.3\ref/net10.0/System.Text.Json.dll
                 Private = 'false'
             C:\Program Files\dotnet\packs\Microsoft.NETCore.App.Ref\10.0.3\ref/net10.0/System.Text.RegularExpressions.dll
                 Private = 'false'
             C:\Program Files\dotnet\packs\Microsoft.NETCore.App.Ref\10.0.3\ref/net10.0/System.Threading.AccessControl.dll
                 Private = 'false'
             C:\Program Files\dotnet\packs\Microsoft.NETCore.App.Ref\10.0.3\ref/net10.0/System.Threading.Channels.dll
                 Private = 'false'
             C:\Program Files\dotnet\packs\Microsoft.NETCore.App.Ref\10.0.3\ref/net10.0/System.Threading.Overlapped.dll
                 Private = 'false'
             C:\Program Files\dotnet\packs\Microsoft.NETCore.App.Ref\10.0.3\ref/net10.0/System.Threading.Tasks.Dataflow.dll
                 Private = 'false'
             C:\Program Files\dotnet\packs\Microsoft.NETCore.App.Ref\10.0.3\ref/net10.0/System.Threading.Tasks.Extensions.dll
                 Private = 'false'
             C:\Program Files\dotnet\packs\Microsoft.NETCore.App.Ref\10.0.3\ref/net10.0/System.Threading.Tasks.Parallel.dll
                 Private = 'false'
             C:\Program Files\dotnet\packs\Microsoft.NETCore.App.Ref\10.0.3\ref/net10.0/System.Threading.Tasks.dll
                 Private = 'false'
             C:\Program Files\dotnet\packs\Microsoft.NETCore.App.Ref\10.0.3\ref/net10.0/System.Threading.Thread.dll
                 Private = 'false'
             C:\Program Files\dotnet\packs\Microsoft.NETCore.App.Ref\10.0.3\ref/net10.0/System.Threading.ThreadPool.dll
                 Private = 'false'
             C:\Program Files\dotnet\packs\Microsoft.NETCore.App.Ref\10.0.3\ref/net10.0/System.Threading.Timer.dll
                 Private = 'false'
             C:\Program Files\dotnet\packs\Microsoft.NETCore.App.Ref\10.0.3\ref/net10.0/System.Threading.dll
                 Private = 'false'
             C:\Program Files\dotnet\packs\Microsoft.NETCore.App.Ref\10.0.3\ref/net10.0/System.Transactions.Local.dll
                 Private = 'false'
             C:\Program Files\dotnet\packs\Microsoft.NETCore.App.Ref\10.0.3\ref/net10.0/System.Transactions.dll
                 Private = 'false'
             C:\Program Files\dotnet\packs\Microsoft.NETCore.App.Ref\10.0.3\ref/net10.0/System.ValueTuple.dll
                 Private = 'false'
             C:\Program Files\dotnet\packs\Microsoft.NETCore.App.Ref\10.0.3\ref/net10.0/System.Web.HttpUtility.dll
                 Private = 'false'
             C:\Program Files\dotnet\packs\Microsoft.NETCore.App.Ref\10.0.3\ref/net10.0/System.Web.dll
                 Private = 'false'
             C:\Program Files\dotnet\packs\Microsoft.NETCore.App.Ref\10.0.3\ref/net10.0/System.Windows.dll
                 Private = 'false'
             C:\Program Files\dotnet\packs\Microsoft.NETCore.App.Ref\10.0.3\ref/net10.0/System.Xml.Linq.dll
                 Private = 'false'
             C:\Program Files\dotnet\packs\Microsoft.NETCore.App.Ref\10.0.3\ref/net10.0/System.Xml.ReaderWriter.dll
                 Private = 'false'
             C:\Program Files\dotnet\packs\Microsoft.NETCore.App.Ref\10.0.3\ref/net10.0/System.Xml.Serialization.dll
                 Private = 'false'
             C:\Program Files\dotnet\packs\Microsoft.NETCore.App.Ref\10.0.3\ref/net10.0/System.Xml.XDocument.dll
                 Private = 'false'
             C:\Program Files\dotnet\packs\Microsoft.NETCore.App.Ref\10.0.3\ref/net10.0/System.Xml.XPath.XDocument.dll
                 Private = 'false'
             C:\Program Files\dotnet\packs\Microsoft.NETCore.App.Ref\10.0.3\ref/net10.0/System.Xml.XPath.dll
                 Private = 'false'
             C:\Program Files\dotnet\packs\Microsoft.NETCore.App.Ref\10.0.3\ref/net10.0/System.Xml.XmlDocument.dll
                 Private = 'false'
             C:\Program Files\dotnet\packs\Microsoft.NETCore.App.Ref\10.0.3\ref/net10.0/System.Xml.XmlSerializer.dll
                 Private = 'false'
             C:\Program Files\dotnet\packs\Microsoft.NETCore.App.Ref\10.0.3\ref/net10.0/System.Xml.dll
                 Private = 'false'
             C:\Program Files\dotnet\packs\Microsoft.NETCore.App.Ref\10.0.3\ref/net10.0/System.dll
                 Private = 'false'
             C:\Program Files\dotnet\packs\Microsoft.NETCore.App.Ref\10.0.3\ref/net10.0/WindowsBase.dll
                 Private = 'false'
             C:\Program Files\dotnet\packs\Microsoft.NETCore.App.Ref\10.0.3\ref/net10.0/mscorlib.dll
                 Private = 'false'
             C:\Program Files\dotnet\packs\Microsoft.NETCore.App.Ref\10.0.3\ref/net10.0/netstandard.dll
                 Private = 'false'
             C:\Program Files\dotnet\packs\Microsoft.AspNetCore.App.Ref\10.0.3\ref/net10.0/Microsoft.AspNetCore.Antiforgery.dll
                 Private = 'false'
             C:\Program Files\dotnet\packs\Microsoft.AspNetCore.App.Ref\10.0.3\ref/net10.0/Microsoft.AspNetCore.Authentication.Abstractions.dll
                 Private = 'false'
             C:\Program Files\dotnet\packs\Microsoft.AspNetCore.App.Ref\10.0.3\ref/net10.0/Microsoft.AspNetCore.Authentication.BearerToken.dll
                 Private = 'false'
             C:\Program Files\dotnet\packs\Microsoft.AspNetCore.App.Ref\10.0.3\ref/net10.0/Microsoft.AspNetCore.Authentication.Cookies.dll
                 Private = 'false'
             C:\Program Files\dotnet\packs\Microsoft.AspNetCore.App.Ref\10.0.3\ref/net10.0/Microsoft.AspNetCore.Authentication.Core.dll
                 Private = 'false'
             C:\Program Files\dotnet\packs\Microsoft.AspNetCore.App.Ref\10.0.3\ref/net10.0/Microsoft.AspNetCore.Authentication.OAuth.dll
                 Private = 'false'
             C:\Program Files\dotnet\packs\Microsoft.AspNetCore.App.Ref\10.0.3\ref/net10.0/Microsoft.AspNetCore.Authentication.dll
                 Private = 'false'
             C:\Program Files\dotnet\packs\Microsoft.AspNetCore.App.Ref\10.0.3\ref/net10.0/Microsoft.AspNetCore.Authorization.Policy.dll
                 Private = 'false'
             C:\Program Files\dotnet\packs\Microsoft.AspNetCore.App.Ref\10.0.3\ref/net10.0/Microsoft.AspNetCore.Authorization.dll
                 Private = 'false'
             C:\Program Files\dotnet\packs\Microsoft.AspNetCore.App.Ref\10.0.3\ref/net10.0/Microsoft.AspNetCore.Components.Authorization.dll
                 Private = 'false'
             C:\Program Files\dotnet\packs\Microsoft.AspNetCore.App.Ref\10.0.3\ref/net10.0/Microsoft.AspNetCore.Components.Endpoints.dll
                 Private = 'false'
             C:\Program Files\dotnet\packs\Microsoft.AspNetCore.App.Ref\10.0.3\ref/net10.0/Microsoft.AspNetCore.Components.Forms.dll
                 Private = 'false'
             C:\Program Files\dotnet\packs\Microsoft.AspNetCore.App.Ref\10.0.3\ref/net10.0/Microsoft.AspNetCore.Components.Server.dll
                 Private = 'false'
             C:\Program Files\dotnet\packs\Microsoft.AspNetCore.App.Ref\10.0.3\ref/net10.0/Microsoft.AspNetCore.Components.Web.dll
                 Private = 'false'
             C:\Program Files\dotnet\packs\Microsoft.AspNetCore.App.Ref\10.0.3\ref/net10.0/Microsoft.AspNetCore.Components.dll
                 Private = 'false'
             C:\Program Files\dotnet\packs\Microsoft.AspNetCore.App.Ref\10.0.3\ref/net10.0/Microsoft.AspNetCore.Connections.Abstractions.dll
                 Private = 'false'
             C:\Program Files\dotnet\packs\Microsoft.AspNetCore.App.Ref\10.0.3\ref/net10.0/Microsoft.AspNetCore.CookiePolicy.dll
                 Private = 'false'
             C:\Program Files\dotnet\packs\Microsoft.AspNetCore.App.Ref\10.0.3\ref/net10.0/Microsoft.AspNetCore.Cors.dll
                 Private = 'false'
             C:\Program Files\dotnet\packs\Microsoft.AspNetCore.App.Ref\10.0.3\ref/net10.0/Microsoft.AspNetCore.Cryptography.Internal.dll
                 Private = 'false'
             C:\Program Files\dotnet\packs\Microsoft.AspNetCore.App.Ref\10.0.3\ref/net10.0/Microsoft.AspNetCore.Cryptography.KeyDerivation.dll
                 Private = 'false'
             C:\Program Files\dotnet\packs\Microsoft.AspNetCore.App.Ref\10.0.3\ref/net10.0/Microsoft.AspNetCore.DataProtection.Abstractions.dll
                 Private = 'false'
             C:\Program Files\dotnet\packs\Microsoft.AspNetCore.App.Ref\10.0.3\ref/net10.0/Microsoft.AspNetCore.DataProtection.Extensions.dll
                 Private = 'false'
             C:\Program Files\dotnet\packs\Microsoft.AspNetCore.App.Ref\10.0.3\ref/net10.0/Microsoft.AspNetCore.DataProtection.dll
                 Private = 'false'
             C:\Program Files\dotnet\packs\Microsoft.AspNetCore.App.Ref\10.0.3\ref/net10.0/Microsoft.AspNetCore.Diagnostics.Abstractions.dll
                 Private = 'false'
             C:\Program Files\dotnet\packs\Microsoft.AspNetCore.App.Ref\10.0.3\ref/net10.0/Microsoft.AspNetCore.Diagnostics.HealthChecks.dll
                 Private = 'false'
             C:\Program Files\dotnet\packs\Microsoft.AspNetCore.App.Ref\10.0.3\ref/net10.0/Microsoft.AspNetCore.Diagnostics.dll
                 Private = 'false'
             C:\Program Files\dotnet\packs\Microsoft.AspNetCore.App.Ref\10.0.3\ref/net10.0/Microsoft.AspNetCore.HostFiltering.dll
                 Private = 'false'
             C:\Program Files\dotnet\packs\Microsoft.AspNetCore.App.Ref\10.0.3\ref/net10.0/Microsoft.AspNetCore.Hosting.Abstractions.dll
                 Private = 'false'
             C:\Program Files\dotnet\packs\Microsoft.AspNetCore.App.Ref\10.0.3\ref/net10.0/Microsoft.AspNetCore.Hosting.Server.Abstractions.dll
                 Private = 'false'
             C:\Program Files\dotnet\packs\Microsoft.AspNetCore.App.Ref\10.0.3\ref/net10.0/Microsoft.AspNetCore.Hosting.dll
                 Private = 'false'
             C:\Program Files\dotnet\packs\Microsoft.AspNetCore.App.Ref\10.0.3\ref/net10.0/Microsoft.AspNetCore.Html.Abstractions.dll
                 Private = 'false'
             C:\Program Files\dotnet\packs\Microsoft.AspNetCore.App.Ref\10.0.3\ref/net10.0/Microsoft.AspNetCore.Http.Abstractions.dll
                 Private = 'false'
             C:\Program Files\dotnet\packs\Microsoft.AspNetCore.App.Ref\10.0.3\ref/net10.0/Microsoft.AspNetCore.Http.Connections.Common.dll
                 Private = 'false'
             C:\Program Files\dotnet\packs\Microsoft.AspNetCore.App.Ref\10.0.3\ref/net10.0/Microsoft.AspNetCore.Http.Connections.dll
                 Private = 'false'
             C:\Program Files\dotnet\packs\Microsoft.AspNetCore.App.Ref\10.0.3\ref/net10.0/Microsoft.AspNetCore.Http.Extensions.dll
                 Private = 'false'
             C:\Program Files\dotnet\packs\Microsoft.AspNetCore.App.Ref\10.0.3\ref/net10.0/Microsoft.AspNetCore.Http.Features.dll
                 Private = 'false'
             C:\Program Files\dotnet\packs\Microsoft.AspNetCore.App.Ref\10.0.3\ref/net10.0/Microsoft.AspNetCore.Http.Results.dll
                 Private = 'false'
             C:\Program Files\dotnet\packs\Microsoft.AspNetCore.App.Ref\10.0.3\ref/net10.0/Microsoft.AspNetCore.Http.dll
                 Private = 'false'
             C:\Program Files\dotnet\packs\Microsoft.AspNetCore.App.Ref\10.0.3\ref/net10.0/Microsoft.AspNetCore.HttpLogging.dll
                 Private = 'false'
             C:\Program Files\dotnet\packs\Microsoft.AspNetCore.App.Ref\10.0.3\ref/net10.0/Microsoft.AspNetCore.HttpOverrides.dll
                 Private = 'false'
             C:\Program Files\dotnet\packs\Microsoft.AspNetCore.App.Ref\10.0.3\ref/net10.0/Microsoft.AspNetCore.HttpsPolicy.dll
                 Private = 'false'
             C:\Program Files\dotnet\packs\Microsoft.AspNetCore.App.Ref\10.0.3\ref/net10.0/Microsoft.AspNetCore.Identity.dll
                 Private = 'false'
             C:\Program Files\dotnet\packs\Microsoft.AspNetCore.App.Ref\10.0.3\ref/net10.0/Microsoft.AspNetCore.Localization.Routing.dll
                 Private = 'false'
             C:\Program Files\dotnet\packs\Microsoft.AspNetCore.App.Ref\10.0.3\ref/net10.0/Microsoft.AspNetCore.Localization.dll
                 Private = 'false'
             C:\Program Files\dotnet\packs\Microsoft.AspNetCore.App.Ref\10.0.3\ref/net10.0/Microsoft.AspNetCore.Metadata.dll
                 Private = 'false'
             C:\Program Files\dotnet\packs\Microsoft.AspNetCore.App.Ref\10.0.3\ref/net10.0/Microsoft.AspNetCore.Mvc.Abstractions.dll
                 Private = 'false'
             C:\Program Files\dotnet\packs\Microsoft.AspNetCore.App.Ref\10.0.3\ref/net10.0/Microsoft.AspNetCore.Mvc.ApiExplorer.dll
                 Private = 'false'
             C:\Program Files\dotnet\packs\Microsoft.AspNetCore.App.Ref\10.0.3\ref/net10.0/Microsoft.AspNetCore.Mvc.Core.dll
                 Private = 'false'
             C:\Program Files\dotnet\packs\Microsoft.AspNetCore.App.Ref\10.0.3\ref/net10.0/Microsoft.AspNetCore.Mvc.Cors.dll
                 Private = 'false'
             C:\Program Files\dotnet\packs\Microsoft.AspNetCore.App.Ref\10.0.3\ref/net10.0/Microsoft.AspNetCore.Mvc.DataAnnotations.dll
                 Private = 'false'
             C:\Program Files\dotnet\packs\Microsoft.AspNetCore.App.Ref\10.0.3\ref/net10.0/Microsoft.AspNetCore.Mvc.Formatters.Json.dll
                 Private = 'false'
             C:\Program Files\dotnet\packs\Microsoft.AspNetCore.App.Ref\10.0.3\ref/net10.0/Microsoft.AspNetCore.Mvc.Formatters.Xml.dll
                 Private = 'false'
             C:\Program Files\dotnet\packs\Microsoft.AspNetCore.App.Ref\10.0.3\ref/net10.0/Microsoft.AspNetCore.Mvc.Localization.dll
                 Private = 'false'
             C:\Program Files\dotnet\packs\Microsoft.AspNetCore.App.Ref\10.0.3\ref/net10.0/Microsoft.AspNetCore.Mvc.Razor.dll
                 Private = 'false'
             C:\Program Files\dotnet\packs\Microsoft.AspNetCore.App.Ref\10.0.3\ref/net10.0/Microsoft.AspNetCore.Mvc.RazorPages.dll
                 Private = 'false'
             C:\Program Files\dotnet\packs\Microsoft.AspNetCore.App.Ref\10.0.3\ref/net10.0/Microsoft.AspNetCore.Mvc.TagHelpers.dll
                 Private = 'false'
             C:\Program Files\dotnet\packs\Microsoft.AspNetCore.App.Ref\10.0.3\ref/net10.0/Microsoft.AspNetCore.Mvc.ViewFeatures.dll
                 Private = 'false'
             C:\Program Files\dotnet\packs\Microsoft.AspNetCore.App.Ref\10.0.3\ref/net10.0/Microsoft.AspNetCore.Mvc.dll
                 Private = 'false'
             C:\Program Files\dotnet\packs\Microsoft.AspNetCore.App.Ref\10.0.3\ref/net10.0/Microsoft.AspNetCore.OutputCaching.dll
                 Private = 'false'
             C:\Program Files\dotnet\packs\Microsoft.AspNetCore.App.Ref\10.0.3\ref/net10.0/Microsoft.AspNetCore.RateLimiting.dll
                 Private = 'false'
             C:\Program Files\dotnet\packs\Microsoft.AspNetCore.App.Ref\10.0.3\ref/net10.0/Microsoft.AspNetCore.Razor.Runtime.dll
                 Private = 'false'
             C:\Program Files\dotnet\packs\Microsoft.AspNetCore.App.Ref\10.0.3\ref/net10.0/Microsoft.AspNetCore.Razor.dll
                 Private = 'false'
             C:\Program Files\dotnet\packs\Microsoft.AspNetCore.App.Ref\10.0.3\ref/net10.0/Microsoft.AspNetCore.RequestDecompression.dll
                 Private = 'false'
             C:\Program Files\dotnet\packs\Microsoft.AspNetCore.App.Ref\10.0.3\ref/net10.0/Microsoft.AspNetCore.ResponseCaching.Abstractions.dll
                 Private = 'false'
             C:\Program Files\dotnet\packs\Microsoft.AspNetCore.App.Ref\10.0.3\ref/net10.0/Microsoft.AspNetCore.ResponseCaching.dll
                 Private = 'false'
             C:\Program Files\dotnet\packs\Microsoft.AspNetCore.App.Ref\10.0.3\ref/net10.0/Microsoft.AspNetCore.ResponseCompression.dll
                 Private = 'false'
             C:\Program Files\dotnet\packs\Microsoft.AspNetCore.App.Ref\10.0.3\ref/net10.0/Microsoft.AspNetCore.Rewrite.dll
                 Private = 'false'
             C:\Program Files\dotnet\packs\Microsoft.AspNetCore.App.Ref\10.0.3\ref/net10.0/Microsoft.AspNetCore.Routing.Abstractions.dll
                 Private = 'false'
             C:\Program Files\dotnet\packs\Microsoft.AspNetCore.App.Ref\10.0.3\ref/net10.0/Microsoft.AspNetCore.Routing.dll
                 Private = 'false'
             C:\Program Files\dotnet\packs\Microsoft.AspNetCore.App.Ref\10.0.3\ref/net10.0/Microsoft.AspNetCore.Server.HttpSys.dll
                 Private = 'false'
             C:\Program Files\dotnet\packs\Microsoft.AspNetCore.App.Ref\10.0.3\ref/net10.0/Microsoft.AspNetCore.Server.IIS.dll
                 Private = 'false'
             C:\Program Files\dotnet\packs\Microsoft.AspNetCore.App.Ref\10.0.3\ref/net10.0/Microsoft.AspNetCore.Server.IISIntegration.dll
                 Private = 'false'
             C:\Program Files\dotnet\packs\Microsoft.AspNetCore.App.Ref\10.0.3\ref/net10.0/Microsoft.AspNetCore.Server.Kestrel.Core.dll
                 Private = 'false'
             C:\Program Files\dotnet\packs\Microsoft.AspNetCore.App.Ref\10.0.3\ref/net10.0/Microsoft.AspNetCore.Server.Kestrel.Transport.NamedPipes.dll
                 Private = 'false'
             C:\Program Files\dotnet\packs\Microsoft.AspNetCore.App.Ref\10.0.3\ref/net10.0/Microsoft.AspNetCore.Server.Kestrel.Transport.Quic.dll
                 Private = 'false'
             C:\Program Files\dotnet\packs\Microsoft.AspNetCore.App.Ref\10.0.3\ref/net10.0/Microsoft.AspNetCore.Server.Kestrel.Transport.Sockets.dll
                 Private = 'false'
             C:\Program Files\dotnet\packs\Microsoft.AspNetCore.App.Ref\10.0.3\ref/net10.0/Microsoft.AspNetCore.Server.Kestrel.dll
                 Private = 'false'
             C:\Program Files\dotnet\packs\Microsoft.AspNetCore.App.Ref\10.0.3\ref/net10.0/Microsoft.AspNetCore.Session.dll
                 Private = 'false'
             C:\Program Files\dotnet\packs\Microsoft.AspNetCore.App.Ref\10.0.3\ref/net10.0/Microsoft.AspNetCore.SignalR.Common.dll
                 Private = 'false'
             C:\Program Files\dotnet\packs\Microsoft.AspNetCore.App.Ref\10.0.3\ref/net10.0/Microsoft.AspNetCore.SignalR.Core.dll
                 Private = 'false'
             C:\Program Files\dotnet\packs\Microsoft.AspNetCore.App.Ref\10.0.3\ref/net10.0/Microsoft.AspNetCore.SignalR.Protocols.Json.dll
                 Private = 'false'
             C:\Program Files\dotnet\packs\Microsoft.AspNetCore.App.Ref\10.0.3\ref/net10.0/Microsoft.AspNetCore.SignalR.dll
                 Private = 'false'
             C:\Program Files\dotnet\packs\Microsoft.AspNetCore.App.Ref\10.0.3\ref/net10.0/Microsoft.AspNetCore.StaticAssets.dll
                 Private = 'false'
             C:\Program Files\dotnet\packs\Microsoft.AspNetCore.App.Ref\10.0.3\ref/net10.0/Microsoft.AspNetCore.StaticFiles.dll
                 Private = 'false'
             C:\Program Files\dotnet\packs\Microsoft.AspNetCore.App.Ref\10.0.3\ref/net10.0/Microsoft.AspNetCore.WebSockets.dll
                 Private = 'false'
             C:\Program Files\dotnet\packs\Microsoft.AspNetCore.App.Ref\10.0.3\ref/net10.0/Microsoft.AspNetCore.WebUtilities.dll
                 Private = 'false'
             C:\Program Files\dotnet\packs\Microsoft.AspNetCore.App.Ref\10.0.3\ref/net10.0/Microsoft.AspNetCore.dll
                 Private = 'false'
             C:\Program Files\dotnet\packs\Microsoft.AspNetCore.App.Ref\10.0.3\ref/net10.0/Microsoft.Extensions.Caching.Abstractions.dll
                 Private = 'false'
             C:\Program Files\dotnet\packs\Microsoft.AspNetCore.App.Ref\10.0.3\ref/net10.0/Microsoft.Extensions.Caching.Memory.dll
                 Private = 'false'
             C:\Program Files\dotnet\packs\Microsoft.AspNetCore.App.Ref\10.0.3\ref/net10.0/Microsoft.Extensions.Configuration.Abstractions.dll
                 Private = 'false'
             C:\Program Files\dotnet\packs\Microsoft.AspNetCore.App.Ref\10.0.3\ref/net10.0/Microsoft.Extensions.Configuration.Binder.dll
                 Private = 'false'
             C:\Program Files\dotnet\packs\Microsoft.AspNetCore.App.Ref\10.0.3\ref/net10.0/Microsoft.Extensions.Configuration.CommandLine.dll
                 Private = 'false'
             C:\Program Files\dotnet\packs\Microsoft.AspNetCore.App.Ref\10.0.3\ref/net10.0/Microsoft.Extensions.Configuration.EnvironmentVariables.dll
                 Private = 'false'
             C:\Program Files\dotnet\packs\Microsoft.AspNetCore.App.Ref\10.0.3\ref/net10.0/Microsoft.Extensions.Configuration.FileExtensions.dll
                 Private = 'false'
             C:\Program Files\dotnet\packs\Microsoft.AspNetCore.App.Ref\10.0.3\ref/net10.0/Microsoft.Extensions.Configuration.Ini.dll
                 Private = 'false'
             C:\Program Files\dotnet\packs\Microsoft.AspNetCore.App.Ref\10.0.3\ref/net10.0/Microsoft.Extensions.Configuration.Json.dll
                 Private = 'false'
             C:\Program Files\dotnet\packs\Microsoft.AspNetCore.App.Ref\10.0.3\ref/net10.0/Microsoft.Extensions.Configuration.KeyPerFile.dll
                 Private = 'false'
             C:\Program Files\dotnet\packs\Microsoft.AspNetCore.App.Ref\10.0.3\ref/net10.0/Microsoft.Extensions.Configuration.UserSecrets.dll
                 Private = 'false'
             C:\Program Files\dotnet\packs\Microsoft.AspNetCore.App.Ref\10.0.3\ref/net10.0/Microsoft.Extensions.Configuration.Xml.dll
                 Private = 'false'
             C:\Program Files\dotnet\packs\Microsoft.AspNetCore.App.Ref\10.0.3\ref/net10.0/Microsoft.Extensions.Configuration.dll
                 Private = 'false'
             C:\Program Files\dotnet\packs\Microsoft.AspNetCore.App.Ref\10.0.3\ref/net10.0/Microsoft.Extensions.DependencyInjection.Abstractions.dll
                 Private = 'false'
             C:\Program Files\dotnet\packs\Microsoft.AspNetCore.App.Ref\10.0.3\ref/net10.0/Microsoft.Extensions.DependencyInjection.dll
                 Private = 'false'
             C:\Program Files\dotnet\packs\Microsoft.AspNetCore.App.Ref\10.0.3\ref/net10.0/Microsoft.Extensions.Diagnostics.Abstractions.dll
                 Private = 'false'
             C:\Program Files\dotnet\packs\Microsoft.AspNetCore.App.Ref\10.0.3\ref/net10.0/Microsoft.Extensions.Diagnostics.HealthChecks.Abstractions.dll
                 Private = 'false'
             C:\Program Files\dotnet\packs\Microsoft.AspNetCore.App.Ref\10.0.3\ref/net10.0/Microsoft.Extensions.Diagnostics.HealthChecks.dll
                 Private = 'false'
             C:\Program Files\dotnet\packs\Microsoft.AspNetCore.App.Ref\10.0.3\ref/net10.0/Microsoft.Extensions.Diagnostics.dll
                 Private = 'false'
             C:\Program Files\dotnet\packs\Microsoft.AspNetCore.App.Ref\10.0.3\ref/net10.0/Microsoft.Extensions.Features.dll
                 Private = 'false'
             C:\Program Files\dotnet\packs\Microsoft.AspNetCore.App.Ref\10.0.3\ref/net10.0/Microsoft.Extensions.FileProviders.Abstractions.dll
                 Private = 'false'
             C:\Program Files\dotnet\packs\Microsoft.AspNetCore.App.Ref\10.0.3\ref/net10.0/Microsoft.Extensions.FileProviders.Composite.dll
                 Private = 'false'
             C:\Program Files\dotnet\packs\Microsoft.AspNetCore.App.Ref\10.0.3\ref/net10.0/Microsoft.Extensions.FileProviders.Embedded.dll
                 Private = 'false'
             C:\Program Files\dotnet\packs\Microsoft.AspNetCore.App.Ref\10.0.3\ref/net10.0/Microsoft.Extensions.FileProviders.Physical.dll
                 Private = 'false'
             C:\Program Files\dotnet\packs\Microsoft.AspNetCore.App.Ref\10.0.3\ref/net10.0/Microsoft.Extensions.FileSystemGlobbing.dll
                 Private = 'false'
             C:\Program Files\dotnet\packs\Microsoft.AspNetCore.App.Ref\10.0.3\ref/net10.0/Microsoft.Extensions.Hosting.Abstractions.dll
                 Private = 'false'
             C:\Program Files\dotnet\packs\Microsoft.AspNetCore.App.Ref\10.0.3\ref/net10.0/Microsoft.Extensions.Hosting.dll
                 Private = 'false'
             C:\Program Files\dotnet\packs\Microsoft.AspNetCore.App.Ref\10.0.3\ref/net10.0/Microsoft.Extensions.Http.dll
                 Private = 'false'
             C:\Program Files\dotnet\packs\Microsoft.AspNetCore.App.Ref\10.0.3\ref/net10.0/Microsoft.Extensions.Identity.Core.dll
                 Private = 'false'
             C:\Program Files\dotnet\packs\Microsoft.AspNetCore.App.Ref\10.0.3\ref/net10.0/Microsoft.Extensions.Identity.Stores.dll
                 Private = 'false'
             C:\Program Files\dotnet\packs\Microsoft.AspNetCore.App.Ref\10.0.3\ref/net10.0/Microsoft.Extensions.Localization.Abstractions.dll
                 Private = 'false'
             C:\Program Files\dotnet\packs\Microsoft.AspNetCore.App.Ref\10.0.3\ref/net10.0/Microsoft.Extensions.Localization.dll
                 Private = 'false'
             C:\Program Files\dotnet\packs\Microsoft.AspNetCore.App.Ref\10.0.3\ref/net10.0/Microsoft.Extensions.Logging.Abstractions.dll
                 Private = 'false'
             C:\Program Files\dotnet\packs\Microsoft.AspNetCore.App.Ref\10.0.3\ref/net10.0/Microsoft.Extensions.Logging.Configuration.dll
                 Private = 'false'
             C:\Program Files\dotnet\packs\Microsoft.AspNetCore.App.Ref\10.0.3\ref/net10.0/Microsoft.Extensions.Logging.Console.dll
                 Private = 'false'
             C:\Program Files\dotnet\packs\Microsoft.AspNetCore.App.Ref\10.0.3\ref/net10.0/Microsoft.Extensions.Logging.Debug.dll
                 Private = 'false'
             C:\Program Files\dotnet\packs\Microsoft.AspNetCore.App.Ref\10.0.3\ref/net10.0/Microsoft.Extensions.Logging.EventLog.dll
                 Private = 'false'
             C:\Program Files\dotnet\packs\Microsoft.AspNetCore.App.Ref\10.0.3\ref/net10.0/Microsoft.Extensions.Logging.EventSource.dll
                 Private = 'false'
             C:\Program Files\dotnet\packs\Microsoft.AspNetCore.App.Ref\10.0.3\ref/net10.0/Microsoft.Extensions.Logging.TraceSource.dll
                 Private = 'false'
             C:\Program Files\dotnet\packs\Microsoft.AspNetCore.App.Ref\10.0.3\ref/net10.0/Microsoft.Extensions.Logging.dll
                 Private = 'false'
             C:\Program Files\dotnet\packs\Microsoft.AspNetCore.App.Ref\10.0.3\ref/net10.0/Microsoft.Extensions.ObjectPool.dll
                 Private = 'false'
             C:\Program Files\dotnet\packs\Microsoft.AspNetCore.App.Ref\10.0.3\ref/net10.0/Microsoft.Extensions.Options.ConfigurationExtensions.dll
                 Private = 'false'
             C:\Program Files\dotnet\packs\Microsoft.AspNetCore.App.Ref\10.0.3\ref/net10.0/Microsoft.Extensions.Options.DataAnnotations.dll
                 Private = 'false'
             C:\Program Files\dotnet\packs\Microsoft.AspNetCore.App.Ref\10.0.3\ref/net10.0/Microsoft.Extensions.Options.dll
                 Private = 'false'
             C:\Program Files\dotnet\packs\Microsoft.AspNetCore.App.Ref\10.0.3\ref/net10.0/Microsoft.Extensions.Primitives.dll
                 Private = 'false'
             C:\Program Files\dotnet\packs\Microsoft.AspNetCore.App.Ref\10.0.3\ref/net10.0/Microsoft.Extensions.Validation.dll
                 Private = 'false'
             C:\Program Files\dotnet\packs\Microsoft.AspNetCore.App.Ref\10.0.3\ref/net10.0/Microsoft.Extensions.WebEncoders.dll
                 Private = 'false'
             C:\Program Files\dotnet\packs\Microsoft.AspNetCore.App.Ref\10.0.3\ref/net10.0/Microsoft.JSInterop.dll
                 Private = 'false'
             C:\Program Files\dotnet\packs\Microsoft.AspNetCore.App.Ref\10.0.3\ref/net10.0/Microsoft.Net.Http.Headers.dll
                 Private = 'false'
             C:\Program Files\dotnet\packs\Microsoft.AspNetCore.App.Ref\10.0.3\ref/net10.0/System.Diagnostics.EventLog.dll
                 Private = 'false'
             C:\Program Files\dotnet\packs\Microsoft.AspNetCore.App.Ref\10.0.3\ref/net10.0/System.Formats.Cbor.dll
                 Private = 'false'
             C:\Program Files\dotnet\packs\Microsoft.AspNetCore.App.Ref\10.0.3\ref/net10.0/System.Security.Cryptography.Xml.dll
                 Private = 'false'
             C:\Program Files\dotnet\packs\Microsoft.AspNetCore.App.Ref\10.0.3\ref/net10.0/System.Threading.RateLimiting.dll
                 Private = 'false'
         AssemblyFiles:
         CandidateAssemblyFiles:
             D:\Usuarios\german.alvarez\.nuget\packages\microsoft.codeanalysis.workspaces.msbuild\4.14.0\contentFiles\any\any\BuildHost-net472\Microsoft.Build.Locator.dll
             D:\Usuarios\german.alvarez\.nuget\packages\microsoft.codeanalysis.workspaces.msbuild\4.14.0\contentFiles\any\any\BuildHost-net472\Microsoft.CodeAnalysis.Workspaces.MSBuild.BuildHost.exe
             D:\Usuarios\german.alvarez\.nuget\packages\microsoft.codeanalysis.workspaces.msbuild\4.14.0\contentFiles\any\any\BuildHost-net472\Microsoft.IO.Redist.dll
             D:\Usuarios\german.alvarez\.nuget\packages\microsoft.codeanalysis.workspaces.msbuild\4.14.0\contentFiles\any\any\BuildHost-net472\Newtonsoft.Json.dll
             D:\Usuarios\german.alvarez\.nuget\packages\microsoft.codeanalysis.workspaces.msbuild\4.14.0\contentFiles\any\any\BuildHost-net472\System.Buffers.dll
             D:\Usuarios\german.alvarez\.nuget\packages\microsoft.codeanalysis.workspaces.msbuild\4.14.0\contentFiles\any\any\BuildHost-net472\System.Collections.Immutable.dll
             D:\Usuarios\german.alvarez\.nuget\packages\microsoft.codeanalysis.workspaces.msbuild\4.14.0\contentFiles\any\any\BuildHost-net472\System.CommandLine.dll
             D:\Usuarios\german.alvarez\.nuget\packages\microsoft.codeanalysis.workspaces.msbuild\4.14.0\contentFiles\any\any\BuildHost-net472\System.Memory.dll
             D:\Usuarios\german.alvarez\.nuget\packages\microsoft.codeanalysis.workspaces.msbuild\4.14.0\contentFiles\any\any\BuildHost-net472\System.Numerics.Vectors.dll
             D:\Usuarios\german.alvarez\.nuget\packages\microsoft.codeanalysis.workspaces.msbuild\4.14.0\contentFiles\any\any\BuildHost-net472\System.Runtime.CompilerServices.Unsafe.dll
             D:\Usuarios\german.alvarez\.nuget\packages\microsoft.codeanalysis.workspaces.msbuild\4.14.0\contentFiles\any\any\BuildHost-net472\System.Threading.Tasks.Extensions.dll
             D:\Usuarios\german.alvarez\.nuget\packages\microsoft.codeanalysis.workspaces.msbuild\4.14.0\contentFiles\any\any\BuildHost-net472\cs\System.CommandLine.resources.dll
             D:\Usuarios\german.alvarez\.nuget\packages\microsoft.codeanalysis.workspaces.msbuild\4.14.0\contentFiles\any\any\BuildHost-net472\de\System.CommandLine.resources.dll
             D:\Usuarios\german.alvarez\.nuget\packages\microsoft.codeanalysis.workspaces.msbuild\4.14.0\contentFiles\any\any\BuildHost-net472\es\System.CommandLine.resources.dll
             D:\Usuarios\german.alvarez\.nuget\packages\microsoft.codeanalysis.workspaces.msbuild\4.14.0\contentFiles\any\any\BuildHost-net472\fr\System.CommandLine.resources.dll
             D:\Usuarios\german.alvarez\.nuget\packages\microsoft.codeanalysis.workspaces.msbuild\4.14.0\contentFiles\any\any\BuildHost-net472\it\System.CommandLine.resources.dll
             D:\Usuarios\german.alvarez\.nuget\packages\microsoft.codeanalysis.workspaces.msbuild\4.14.0\contentFiles\any\any\BuildHost-net472\ja\System.CommandLine.resources.dll
             D:\Usuarios\german.alvarez\.nuget\packages\microsoft.codeanalysis.workspaces.msbuild\4.14.0\contentFiles\any\any\BuildHost-net472\ko\System.CommandLine.resources.dll
             D:\Usuarios\german.alvarez\.nuget\packages\microsoft.codeanalysis.workspaces.msbuild\4.14.0\contentFiles\any\any\BuildHost-net472\pl\System.CommandLine.resources.dll
             D:\Usuarios\german.alvarez\.nuget\packages\microsoft.codeanalysis.workspaces.msbuild\4.14.0\contentFiles\any\any\BuildHost-net472\pt-BR\System.CommandLine.resources.dll
             D:\Usuarios\german.alvarez\.nuget\packages\microsoft.codeanalysis.workspaces.msbuild\4.14.0\contentFiles\any\any\BuildHost-net472\ru\System.CommandLine.resources.dll
             D:\Usuarios\german.alvarez\.nuget\packages\microsoft.codeanalysis.workspaces.msbuild\4.14.0\contentFiles\any\any\BuildHost-net472\tr\System.CommandLine.resources.dll
             D:\Usuarios\german.alvarez\.nuget\packages\microsoft.codeanalysis.workspaces.msbuild\4.14.0\contentFiles\any\any\BuildHost-net472\zh-Hans\System.CommandLine.resources.dll
             D:\Usuarios\german.alvarez\.nuget\packages\microsoft.codeanalysis.workspaces.msbuild\4.14.0\contentFiles\any\any\BuildHost-net472\zh-Hant\System.CommandLine.resources.dll
             D:\Usuarios\german.alvarez\.nuget\packages\microsoft.codeanalysis.workspaces.msbuild\4.14.0\contentFiles\any\any\BuildHost-netcore\Microsoft.Build.Locator.dll
             D:\Usuarios\german.alvarez\.nuget\packages\microsoft.codeanalysis.workspaces.msbuild\4.14.0\contentFiles\any\any\BuildHost-netcore\Microsoft.CodeAnalysis.Workspaces.MSBuild.BuildHost.dll
             D:\Usuarios\german.alvarez\.nuget\packages\microsoft.codeanalysis.workspaces.msbuild\4.14.0\contentFiles\any\any\BuildHost-netcore\Newtonsoft.Json.dll
             D:\Usuarios\german.alvarez\.nuget\packages\microsoft.codeanalysis.workspaces.msbuild\4.14.0\contentFiles\any\any\BuildHost-netcore\System.Collections.Immutable.dll
             D:\Usuarios\german.alvarez\.nuget\packages\microsoft.codeanalysis.workspaces.msbuild\4.14.0\contentFiles\any\any\BuildHost-netcore\System.CommandLine.dll
             D:\Usuarios\german.alvarez\.nuget\packages\microsoft.codeanalysis.workspaces.msbuild\4.14.0\contentFiles\any\any\BuildHost-netcore\cs\System.CommandLine.resources.dll
             D:\Usuarios\german.alvarez\.nuget\packages\microsoft.codeanalysis.workspaces.msbuild\4.14.0\contentFiles\any\any\BuildHost-netcore\de\System.CommandLine.resources.dll
             D:\Usuarios\german.alvarez\.nuget\packages\microsoft.codeanalysis.workspaces.msbuild\4.14.0\contentFiles\any\any\BuildHost-netcore\es\System.CommandLine.resources.dll
             D:\Usuarios\german.alvarez\.nuget\packages\microsoft.codeanalysis.workspaces.msbuild\4.14.0\contentFiles\any\any\BuildHost-netcore\fr\System.CommandLine.resources.dll
             D:\Usuarios\german.alvarez\.nuget\packages\microsoft.codeanalysis.workspaces.msbuild\4.14.0\contentFiles\any\any\BuildHost-netcore\it\System.CommandLine.resources.dll
             D:\Usuarios\german.alvarez\.nuget\packages\microsoft.codeanalysis.workspaces.msbuild\4.14.0\contentFiles\any\any\BuildHost-netcore\ja\System.CommandLine.resources.dll
             D:\Usuarios\german.alvarez\.nuget\packages\microsoft.codeanalysis.workspaces.msbuild\4.14.0\contentFiles\any\any\BuildHost-netcore\ko\System.CommandLine.resources.dll
             D:\Usuarios\german.alvarez\.nuget\packages\microsoft.codeanalysis.workspaces.msbuild\4.14.0\contentFiles\any\any\BuildHost-netcore\pl\System.CommandLine.resources.dll
             D:\Usuarios\german.alvarez\.nuget\packages\microsoft.codeanalysis.workspaces.msbuild\4.14.0\contentFiles\any\any\BuildHost-netcore\pt-BR\System.CommandLine.resources.dll
             D:\Usuarios\german.alvarez\.nuget\packages\microsoft.codeanalysis.workspaces.msbuild\4.14.0\contentFiles\any\any\BuildHost-netcore\ru\System.CommandLine.resources.dll
             D:\Usuarios\german.alvarez\.nuget\packages\microsoft.codeanalysis.workspaces.msbuild\4.14.0\contentFiles\any\any\BuildHost-netcore\tr\System.CommandLine.resources.dll
             D:\Usuarios\german.alvarez\.nuget\packages\microsoft.codeanalysis.workspaces.msbuild\4.14.0\contentFiles\any\any\BuildHost-netcore\zh-Hans\System.CommandLine.resources.dll
             D:\Usuarios\german.alvarez\.nuget\packages\microsoft.codeanalysis.workspaces.msbuild\4.14.0\contentFiles\any\any\BuildHost-netcore\zh-Hant\System.CommandLine.resources.dll
         TargetFrameworkDirectories:
             
         NonCultureResourceDirectories:
             
         InstalledAssemblyTables:
         IgnoreInstalledAssemblyTable:
             False
         SearchPaths:
             {CandidateAssemblyFiles}
             {HintPathFromItem}
             {TargetFrameworkDirectory}
             {RawFileName}
         AllowedAssemblyExtensions:
             .winmd
             .dll
             .exe
         AllowedRelatedFileExtensions:
             .pdb
             .xml
             .pri
             .dll.config
             .exe.config
         AppConfigFile:
             
         AutoUnify:
             True
         EnableCustomCulture:
             False
         EnableCustomCulture:
             False
         CopyLocalDependenciesWhenParentReferenceInGac:
             True
         FindDependencies:
             True
         TargetProcessorArchitecture:
             msil
         StateFile:
             obj\Debug\net10.0\Spherical.csproj.AssemblyReference.cache
         InstalledAssemblySubsetTables:
         IgnoreInstalledAssemblySubsetTable:
             False
         TargetFrameworkSubsets:
         FullTargetFrameworkSubsetNames:
             Full
         ProfileName:
             
         FullFrameworkFolders:
         LatestTargetFrameworkDirectories:
         ProfileTablesLocation:
         Referencia principal "Azure.Core, Version=1.47.1.0, Culture=neutral, PublicKeyToken=92742159e12e44c8".
             La ruta de acceso del archivo resuelta es "D:\Usuarios\german.alvarez\.nuget\packages\azure.core\1.47.1\lib\net8.0\Azure.Core.dll".
             Se encontró una referencia en la ubicación de ruta de acceso de búsqueda "{HintPathFromItem}".
             Esta referencia no es "CopyLocal" porque existe al menos un elemento de origen con "Private" establecido en "false" y ningún elemento de origen con "Private" establecido en "true".
         Referencia principal "Azure.Identity, Version=1.14.2.0, Culture=neutral, PublicKeyToken=92742159e12e44c8".
             La ruta de acceso del archivo resuelta es "D:\Usuarios\german.alvarez\.nuget\packages\azure.identity\1.14.2\lib\net8.0\Azure.Identity.dll".
             Se encontró una referencia en la ubicación de ruta de acceso de búsqueda "{HintPathFromItem}".
             Esta referencia no es "CopyLocal" porque existe al menos un elemento de origen con "Private" establecido en "false" y ningún elemento de origen con "Private" establecido en "true".
         Referencia principal "ClosedXML, Version=0.105.0.0, Culture=neutral, PublicKeyToken=fd1eb21b62ae805b".
             La ruta de acceso del archivo resuelta es "D:\Usuarios\german.alvarez\.nuget\packages\closedxml\0.105.0\lib\netstandard2.1\ClosedXML.dll".
             Se encontró una referencia en la ubicación de ruta de acceso de búsqueda "{HintPathFromItem}".
             Esta referencia no es "CopyLocal" porque existe al menos un elemento de origen con "Private" establecido en "false" y ningún elemento de origen con "Private" establecido en "true".
         Referencia principal "ClosedXML.Parser, Version=1.0.0.0, Culture=neutral, PublicKeyToken=1d5f7376574c51ec".
             La ruta de acceso del archivo resuelta es "D:\Usuarios\german.alvarez\.nuget\packages\closedxml.parser\2.0.0\lib\netstandard2.1\ClosedXML.Parser.dll".
             Se encontró una referencia en la ubicación de ruta de acceso de búsqueda "{HintPathFromItem}".
             Esta referencia no es "CopyLocal" porque existe al menos un elemento de origen con "Private" establecido en "false" y ningún elemento de origen con "Private" establecido en "true".
         Referencia principal "DocumentFormat.OpenXml, Version=3.1.1.0, Culture=neutral, PublicKeyToken=8fb06cb64d019a17".
             La ruta de acceso del archivo resuelta es "D:\Usuarios\german.alvarez\.nuget\packages\documentformat.openxml\3.1.1\lib\net8.0\DocumentFormat.OpenXml.dll".
             Se encontró una referencia en la ubicación de ruta de acceso de búsqueda "{HintPathFromItem}".
             Esta referencia no es "CopyLocal" porque existe al menos un elemento de origen con "Private" establecido en "false" y ningún elemento de origen con "Private" establecido en "true".
         Referencia principal "DocumentFormat.OpenXml.Framework, Version=3.1.1.0, Culture=neutral, PublicKeyToken=8fb06cb64d019a17".
             La ruta de acceso del archivo resuelta es "D:\Usuarios\german.alvarez\.nuget\packages\documentformat.openxml.framework\3.1.1\lib\net8.0\DocumentFormat.OpenXml.Framework.dll".
             Se encontró una referencia en la ubicación de ruta de acceso de búsqueda "{HintPathFromItem}".
             Esta referencia no es "CopyLocal" porque existe al menos un elemento de origen con "Private" establecido en "false" y ningún elemento de origen con "Private" establecido en "true".
         Referencia principal "ExcelNumberFormat, Version=1.1.0.0, Culture=neutral, PublicKeyToken=23c6f5d73be07eca".
             La ruta de acceso del archivo resuelta es "D:\Usuarios\german.alvarez\.nuget\packages\excelnumberformat\1.1.0\lib\netstandard2.0\ExcelNumberFormat.dll".
             Se encontró una referencia en la ubicación de ruta de acceso de búsqueda "{HintPathFromItem}".
             Esta referencia no es "CopyLocal" porque existe al menos un elemento de origen con "Private" establecido en "false" y ningún elemento de origen con "Private" establecido en "true".
         Referencia principal "Microsoft.AspNetCore.Authentication.JwtBearer, Version=10.0.0.0, Culture=neutral, PublicKeyToken=adb9793829ddae60".
             La ruta de acceso del archivo resuelta es "D:\Usuarios\german.alvarez\.nuget\packages\microsoft.aspnetcore.authentication.jwtbearer\10.0.0\lib\net10.0\Microsoft.AspNetCore.Authentication.JwtBearer.dll".
             Se encontró una referencia en la ubicación de ruta de acceso de búsqueda "{HintPathFromItem}".
             Esta referencia no es "CopyLocal" porque existe al menos un elemento de origen con "Private" establecido en "false" y ningún elemento de origen con "Private" establecido en "true".
         Referencia principal "Microsoft.Bcl.AsyncInterfaces, Version=8.0.0.0, Culture=neutral, PublicKeyToken=cc7b13ffcd2ddd51".
             La ruta de acceso del archivo resuelta es "D:\Usuarios\german.alvarez\.nuget\packages\microsoft.bcl.asyncinterfaces\8.0.0\lib\netstandard2.1\Microsoft.Bcl.AsyncInterfaces.dll".
             Se encontró una referencia en la ubicación de ruta de acceso de búsqueda "{HintPathFromItem}".
             Esta referencia no es "CopyLocal" porque existe al menos un elemento de origen con "Private" establecido en "false" y ningún elemento de origen con "Private" establecido en "true".
         Referencia principal "Microsoft.Bcl.Cryptography, Version=9.0.0.4, Culture=neutral, PublicKeyToken=cc7b13ffcd2ddd51".
             La ruta de acceso del archivo resuelta es "D:\Usuarios\german.alvarez\.nuget\packages\microsoft.bcl.cryptography\9.0.4\lib\net9.0\Microsoft.Bcl.Cryptography.dll".
             Se encontró una referencia en la ubicación de ruta de acceso de búsqueda "{HintPathFromItem}".
             Esta referencia no es "CopyLocal" porque existe al menos un elemento de origen con "Private" establecido en "false" y ningún elemento de origen con "Private" establecido en "true".
         Referencia principal "Microsoft.Data.SqlClient, Version=6.0.0.0, Culture=neutral, PublicKeyToken=23ec7fc2d6eaa4a5".
             La ruta de acceso del archivo resuelta es "D:\Usuarios\german.alvarez\.nuget\packages\microsoft.data.sqlclient\6.1.1\ref\net9.0\Microsoft.Data.SqlClient.dll".
             Se encontró una referencia en la ubicación de ruta de acceso de búsqueda "{HintPathFromItem}".
             Esta referencia no es "CopyLocal" porque existe al menos un elemento de origen con "Private" establecido en "false" y ningún elemento de origen con "Private" establecido en "true".
         Referencia principal "Microsoft.EntityFrameworkCore, Version=10.0.0.0, Culture=neutral, PublicKeyToken=adb9793829ddae60".
             La ruta de acceso del archivo resuelta es "D:\Usuarios\german.alvarez\.nuget\packages\microsoft.entityframeworkcore\10.0.0\lib\net10.0\Microsoft.EntityFrameworkCore.dll".
             Se encontró una referencia en la ubicación de ruta de acceso de búsqueda "{HintPathFromItem}".
             Esta referencia no es "CopyLocal" porque existe al menos un elemento de origen con "Private" establecido en "false" y ningún elemento de origen con "Private" establecido en "true".
         Referencia principal "Microsoft.EntityFrameworkCore.Abstractions, Version=10.0.0.0, Culture=neutral, PublicKeyToken=adb9793829ddae60".
             La ruta de acceso del archivo resuelta es "D:\Usuarios\german.alvarez\.nuget\packages\microsoft.entityframeworkcore.abstractions\10.0.0\lib\net10.0\Microsoft.EntityFrameworkCore.Abstractions.dll".
             Se encontró una referencia en la ubicación de ruta de acceso de búsqueda "{HintPathFromItem}".
             Esta referencia no es "CopyLocal" porque existe al menos un elemento de origen con "Private" establecido en "false" y ningún elemento de origen con "Private" establecido en "true".
         Referencia principal "Microsoft.EntityFrameworkCore.Relational, Version=10.0.0.0, Culture=neutral, PublicKeyToken=adb9793829ddae60".
             La ruta de acceso del archivo resuelta es "D:\Usuarios\german.alvarez\.nuget\packages\microsoft.entityframeworkcore.relational\10.0.0\lib\net10.0\Microsoft.EntityFrameworkCore.Relational.dll".
             Se encontró una referencia en la ubicación de ruta de acceso de búsqueda "{HintPathFromItem}".
             Esta referencia no es "CopyLocal" porque existe al menos un elemento de origen con "Private" establecido en "false" y ningún elemento de origen con "Private" establecido en "true".
         Referencia principal "Microsoft.EntityFrameworkCore.SqlServer, Version=10.0.0.0, Culture=neutral, PublicKeyToken=adb9793829ddae60".
             La ruta de acceso del archivo resuelta es "D:\Usuarios\german.alvarez\.nuget\packages\microsoft.entityframeworkcore.sqlserver\10.0.0\lib\net10.0\Microsoft.EntityFrameworkCore.SqlServer.dll".
             Se encontró una referencia en la ubicación de ruta de acceso de búsqueda "{HintPathFromItem}".
             Esta referencia no es "CopyLocal" porque existe al menos un elemento de origen con "Private" establecido en "false" y ningún elemento de origen con "Private" establecido en "true".
         Referencia principal "Microsoft.Identity.Client, Version=4.73.1.0, Culture=neutral, PublicKeyToken=0a613f4dd989e8ae".
             La ruta de acceso del archivo resuelta es "D:\Usuarios\german.alvarez\.nuget\packages\microsoft.identity.client\4.73.1\lib\net8.0\Microsoft.Identity.Client.dll".
             Se encontró una referencia en la ubicación de ruta de acceso de búsqueda "{HintPathFromItem}".
             Esta referencia no es "CopyLocal" porque existe al menos un elemento de origen con "Private" establecido en "false" y ningún elemento de origen con "Private" establecido en "true".
         Referencia principal "Microsoft.Identity.Client.Extensions.Msal, Version=4.73.1.0, Culture=neutral, PublicKeyToken=0a613f4dd989e8ae".
             La ruta de acceso del archivo resuelta es "D:\Usuarios\german.alvarez\.nuget\packages\microsoft.identity.client.extensions.msal\4.73.1\lib\net8.0\Microsoft.Identity.Client.Extensions.Msal.dll".
             Se encontró una referencia en la ubicación de ruta de acceso de búsqueda "{HintPathFromItem}".
             Esta referencia no es "CopyLocal" porque existe al menos un elemento de origen con "Private" establecido en "false" y ningún elemento de origen con "Private" establecido en "true".
         Referencia principal "Microsoft.IdentityModel.Abstractions, Version=8.0.1.0, Culture=neutral, PublicKeyToken=31bf3856ad364e35".
             La ruta de acceso del archivo resuelta es "D:\Usuarios\german.alvarez\.nuget\packages\microsoft.identitymodel.abstractions\8.0.1\lib\net9.0\Microsoft.IdentityModel.Abstractions.dll".
             Se encontró una referencia en la ubicación de ruta de acceso de búsqueda "{HintPathFromItem}".
             Esta referencia no es "CopyLocal" porque existe al menos un elemento de origen con "Private" establecido en "false" y ningún elemento de origen con "Private" establecido en "true".
         Referencia principal "Microsoft.IdentityModel.JsonWebTokens, Version=8.0.1.0, Culture=neutral, PublicKeyToken=31bf3856ad364e35".
             La ruta de acceso del archivo resuelta es "D:\Usuarios\german.alvarez\.nuget\packages\microsoft.identitymodel.jsonwebtokens\8.0.1\lib\net9.0\Microsoft.IdentityModel.JsonWebTokens.dll".
             Se encontró una referencia en la ubicación de ruta de acceso de búsqueda "{HintPathFromItem}".
             Esta referencia no es "CopyLocal" porque existe al menos un elemento de origen con "Private" establecido en "false" y ningún elemento de origen con "Private" establecido en "true".
         Referencia principal "Microsoft.IdentityModel.Logging, Version=8.0.1.0, Culture=neutral, PublicKeyToken=31bf3856ad364e35".
             La ruta de acceso del archivo resuelta es "D:\Usuarios\german.alvarez\.nuget\packages\microsoft.identitymodel.logging\8.0.1\lib\net9.0\Microsoft.IdentityModel.Logging.dll".
             Se encontró una referencia en la ubicación de ruta de acceso de búsqueda "{HintPathFromItem}".
             Esta referencia no es "CopyLocal" porque existe al menos un elemento de origen con "Private" establecido en "false" y ningún elemento de origen con "Private" establecido en "true".
         Referencia principal "Microsoft.IdentityModel.Protocols, Version=8.0.1.0, Culture=neutral, PublicKeyToken=31bf3856ad364e35".
             La ruta de acceso del archivo resuelta es "D:\Usuarios\german.alvarez\.nuget\packages\microsoft.identitymodel.protocols\8.0.1\lib\net9.0\Microsoft.IdentityModel.Protocols.dll".
             Se encontró una referencia en la ubicación de ruta de acceso de búsqueda "{HintPathFromItem}".
             Esta referencia no es "CopyLocal" porque existe al menos un elemento de origen con "Private" establecido en "false" y ningún elemento de origen con "Private" establecido en "true".
         Referencia principal "Microsoft.IdentityModel.Protocols.OpenIdConnect, Version=8.0.1.0, Culture=neutral, PublicKeyToken=31bf3856ad364e35".
             La ruta de acceso del archivo resuelta es "D:\Usuarios\german.alvarez\.nuget\packages\microsoft.identitymodel.protocols.openidconnect\8.0.1\lib\net9.0\Microsoft.IdentityModel.Protocols.OpenIdConnect.dll".
             Se encontró una referencia en la ubicación de ruta de acceso de búsqueda "{HintPathFromItem}".
             Esta referencia no es "CopyLocal" porque existe al menos un elemento de origen con "Private" establecido en "false" y ningún elemento de origen con "Private" establecido en "true".
         Referencia principal "Microsoft.IdentityModel.Tokens, Version=8.0.1.0, Culture=neutral, PublicKeyToken=31bf3856ad364e35".
             La ruta de acceso del archivo resuelta es "D:\Usuarios\german.alvarez\.nuget\packages\microsoft.identitymodel.tokens\8.0.1\lib\net9.0\Microsoft.IdentityModel.Tokens.dll".
             Se encontró una referencia en la ubicación de ruta de acceso de búsqueda "{HintPathFromItem}".
             Esta referencia no es "CopyLocal" porque existe al menos un elemento de origen con "Private" establecido en "false" y ningún elemento de origen con "Private" establecido en "true".
         Referencia principal "Microsoft.OpenApi, Version=2.3.0.0, Culture=neutral, PublicKeyToken=3f5743946376f042".
             La ruta de acceso del archivo resuelta es "D:\Usuarios\german.alvarez\.nuget\packages\microsoft.openapi\2.3.0\lib\net8.0\Microsoft.OpenApi.dll".
             Se encontró una referencia en la ubicación de ruta de acceso de búsqueda "{HintPathFromItem}".
             Esta referencia no es "CopyLocal" porque existe al menos un elemento de origen con "Private" establecido en "false" y ningún elemento de origen con "Private" establecido en "true".
         Referencia principal "Microsoft.SqlServer.Server, Version=1.0.0.0, Culture=neutral, PublicKeyToken=23ec7fc2d6eaa4a5".
             La ruta de acceso del archivo resuelta es "D:\Usuarios\german.alvarez\.nuget\packages\microsoft.sqlserver.server\1.0.0\lib\netstandard2.0\Microsoft.SqlServer.Server.dll".
             Se encontró una referencia en la ubicación de ruta de acceso de búsqueda "{HintPathFromItem}".
             Esta referencia no es "CopyLocal" porque existe al menos un elemento de origen con "Private" establecido en "false" y ningún elemento de origen con "Private" establecido en "true".
         Referencia principal "MudBlazor, Version=8.15.0.0, Culture=neutral, PublicKeyToken=null".
             La ruta de acceso del archivo resuelta es "D:\Usuarios\german.alvarez\.nuget\packages\mudblazor\8.15.0\lib\net9.0\MudBlazor.dll".
             Se encontró una referencia en la ubicación de ruta de acceso de búsqueda "{HintPathFromItem}".
             Esta referencia no es "CopyLocal" porque existe al menos un elemento de origen con "Private" establecido en "false" y ningún elemento de origen con "Private" establecido en "true".
         Referencia principal "Newtonsoft.Json, Version=13.0.0.0, Culture=neutral, PublicKeyToken=30ad4fe6b2a6aeed".
             La ruta de acceso del archivo resuelta es "D:\Usuarios\german.alvarez\.nuget\packages\newtonsoft.json\13.0.4\lib\net6.0\Newtonsoft.Json.dll".
             Se encontró una referencia en la ubicación de ruta de acceso de búsqueda "{HintPathFromItem}".
             Esta referencia no es "CopyLocal" porque existe al menos un elemento de origen con "Private" establecido en "false" y ningún elemento de origen con "Private" establecido en "true".
         Referencia principal "NLog, Version=6.0.0.0, Culture=neutral, PublicKeyToken=5120e14c03d0593c".
             La ruta de acceso del archivo resuelta es "D:\Usuarios\german.alvarez\.nuget\packages\nlog\6.1.1\lib\netstandard2.1\NLog.dll".
             Se encontró una referencia en la ubicación de ruta de acceso de búsqueda "{HintPathFromItem}".
             Esta referencia no es "CopyLocal" porque existe al menos un elemento de origen con "Private" establecido en "false" y ningún elemento de origen con "Private" establecido en "true".
         Referencia principal "RBush, Version=4.0.0.0, Culture=neutral, PublicKeyToken=c77e27b81f4d0187".
             La ruta de acceso del archivo resuelta es "D:\Usuarios\german.alvarez\.nuget\packages\rbush.signed\4.0.0\lib\net8.0\RBush.dll".
             Se encontró una referencia en la ubicación de ruta de acceso de búsqueda "{HintPathFromItem}".
             Esta referencia no es "CopyLocal" porque existe al menos un elemento de origen con "Private" establecido en "false" y ningún elemento de origen con "Private" establecido en "true".
         Referencia principal "RestSharp, Version=114.0.0.0, Culture=neutral, PublicKeyToken=598062e77f915f75".
             La ruta de acceso del archivo resuelta es "D:\Usuarios\german.alvarez\.nuget\packages\restsharp\114.0.0\lib\net10.0\RestSharp.dll".
             Se encontró una referencia en la ubicación de ruta de acceso de búsqueda "{HintPathFromItem}".
             Esta referencia no es "CopyLocal" porque existe al menos un elemento de origen con "Private" establecido en "false" y ningún elemento de origen con "Private" establecido en "true".
         Referencia principal "SixLabors.Fonts, Version=1.0.0.0, Culture=neutral, PublicKeyToken=d998eea7b14cab13".
             La ruta de acceso del archivo resuelta es "D:\Usuarios\german.alvarez\.nuget\packages\sixlabors.fonts\1.0.0\lib\netcoreapp3.1\SixLabors.Fonts.dll".
             Se encontró una referencia en la ubicación de ruta de acceso de búsqueda "{HintPathFromItem}".
             Esta referencia no es "CopyLocal" porque existe al menos un elemento de origen con "Private" establecido en "false" y ningún elemento de origen con "Private" establecido en "true".
         Referencia principal "Swashbuckle.AspNetCore.Swagger, Version=10.0.1.0, Culture=neutral, PublicKeyToken=62657d7474907593".
             La ruta de acceso del archivo resuelta es "D:\Usuarios\german.alvarez\.nuget\packages\swashbuckle.aspnetcore.swagger\10.0.1\lib\net10.0\Swashbuckle.AspNetCore.Swagger.dll".
             Se encontró una referencia en la ubicación de ruta de acceso de búsqueda "{HintPathFromItem}".
             Esta referencia no es "CopyLocal" porque existe al menos un elemento de origen con "Private" establecido en "false" y ningún elemento de origen con "Private" establecido en "true".
         Referencia principal "Swashbuckle.AspNetCore.SwaggerGen, Version=10.0.1.0, Culture=neutral, PublicKeyToken=d84d99fb0135530a".
             La ruta de acceso del archivo resuelta es "D:\Usuarios\german.alvarez\.nuget\packages\swashbuckle.aspnetcore.swaggergen\10.0.1\lib\net10.0\Swashbuckle.AspNetCore.SwaggerGen.dll".
             Se encontró una referencia en la ubicación de ruta de acceso de búsqueda "{HintPathFromItem}".
             Esta referencia no es "CopyLocal" porque existe al menos un elemento de origen con "Private" establecido en "false" y ningún elemento de origen con "Private" establecido en "true".
         Referencia principal "Swashbuckle.AspNetCore.SwaggerUI, Version=10.0.1.0, Culture=neutral, PublicKeyToken=4232c99127b3c254".
             La ruta de acceso del archivo resuelta es "D:\Usuarios\german.alvarez\.nuget\packages\swashbuckle.aspnetcore.swaggerui\10.0.1\lib\net10.0\Swashbuckle.AspNetCore.SwaggerUI.dll".
             Se encontró una referencia en la ubicación de ruta de acceso de búsqueda "{HintPathFromItem}".
             Esta referencia no es "CopyLocal" porque existe al menos un elemento de origen con "Private" establecido en "false" y ningún elemento de origen con "Private" establecido en "true".
         Referencia principal "System.ClientModel, Version=1.5.1.0, Culture=neutral, PublicKeyToken=92742159e12e44c8".
             La ruta de acceso del archivo resuelta es "D:\Usuarios\german.alvarez\.nuget\packages\system.clientmodel\1.5.1\lib\net8.0\System.ClientModel.dll".
             Se encontró una referencia en la ubicación de ruta de acceso de búsqueda "{HintPathFromItem}".
             Esta referencia no es "CopyLocal" porque existe al menos un elemento de origen con "Private" establecido en "false" y ningún elemento de origen con "Private" establecido en "true".
         Referencia principal "System.IdentityModel.Tokens.Jwt, Version=8.0.1.0, Culture=neutral, PublicKeyToken=31bf3856ad364e35".
             La ruta de acceso del archivo resuelta es "D:\Usuarios\german.alvarez\.nuget\packages\system.identitymodel.tokens.jwt\8.0.1\lib\net9.0\System.IdentityModel.Tokens.Jwt.dll".
             Se encontró una referencia en la ubicación de ruta de acceso de búsqueda "{HintPathFromItem}".
             Esta referencia no es "CopyLocal" porque existe al menos un elemento de origen con "Private" establecido en "false" y ningún elemento de origen con "Private" establecido en "true".
         Referencia principal "System.IO.Packaging, Version=8.0.0.0, Culture=neutral, PublicKeyToken=b03f5f7f11d50a3a".
             La ruta de acceso del archivo resuelta es "D:\Usuarios\german.alvarez\.nuget\packages\system.io.packaging\8.0.1\lib\net8.0\System.IO.Packaging.dll".
             Se encontró una referencia en la ubicación de ruta de acceso de búsqueda "{HintPathFromItem}".
             Esta referencia no es "CopyLocal" porque existe al menos un elemento de origen con "Private" establecido en "false" y ningún elemento de origen con "Private" establecido en "true".
         Referencia principal "System.Memory.Data, Version=8.0.0.1, Culture=neutral, PublicKeyToken=cc7b13ffcd2ddd51".
             La ruta de acceso del archivo resuelta es "D:\Usuarios\german.alvarez\.nuget\packages\system.memory.data\8.0.1\lib\net8.0\System.Memory.Data.dll".
             Se encontró una referencia en la ubicación de ruta de acceso de búsqueda "{HintPathFromItem}".
             Esta referencia no es "CopyLocal" porque existe al menos un elemento de origen con "Private" establecido en "false" y ningún elemento de origen con "Private" establecido en "true".
         Referencia principal "System.Security.Cryptography.Pkcs, Version=9.0.0.0, Culture=neutral, PublicKeyToken=b03f5f7f11d50a3a".
             La ruta de acceso del archivo resuelta es "D:\Usuarios\german.alvarez\.nuget\packages\system.security.cryptography.pkcs\9.0.4\lib\net9.0\System.Security.Cryptography.Pkcs.dll".
             Se encontró una referencia en la ubicación de ruta de acceso de búsqueda "{HintPathFromItem}".
             Esta referencia no es "CopyLocal" porque existe al menos un elemento de origen con "Private" establecido en "false" y ningún elemento de origen con "Private" establecido en "true".
         Referencia principal "System.Security.Cryptography.ProtectedData, Version=9.0.0.0, Culture=neutral, PublicKeyToken=b03f5f7f11d50a3a".
             La ruta de acceso del archivo resuelta es "D:\Usuarios\german.alvarez\.nuget\packages\system.security.cryptography.protecteddata\9.0.4\lib\net9.0\System.Security.Cryptography.ProtectedData.dll".
             Se encontró una referencia en la ubicación de ruta de acceso de búsqueda "{HintPathFromItem}".
             Esta referencia no es "CopyLocal" porque existe al menos un elemento de origen con "Private" establecido en "false" y ningún elemento de origen con "Private" establecido en "true".
         Referencia principal "Microsoft.CSharp, Version=10.0.0.0, Culture=neutral, PublicKeyToken=b03f5f7f11d50a3a".
             La ruta de acceso del archivo resuelta es "C:\Program Files\dotnet\packs\Microsoft.NETCore.App.Ref\10.0.3\ref\net10.0\Microsoft.CSharp.dll".
             Se encontró una referencia en la ubicación de ruta de acceso de búsqueda "{RawFileName}".
             Esta referencia no es "CopyLocal" porque existe al menos un elemento de origen con "Private" establecido en "false" y ningún elemento de origen con "Private" establecido en "true".
         Referencia principal "Microsoft.VisualBasic.Core, Version=15.0.0.0, Culture=neutral, PublicKeyToken=b03f5f7f11d50a3a".
             La ruta de acceso del archivo resuelta es "C:\Program Files\dotnet\packs\Microsoft.NETCore.App.Ref\10.0.3\ref\net10.0\Microsoft.VisualBasic.Core.dll".
             Se encontró una referencia en la ubicación de ruta de acceso de búsqueda "{RawFileName}".
             Esta referencia no es "CopyLocal" porque existe al menos un elemento de origen con "Private" establecido en "false" y ningún elemento de origen con "Private" establecido en "true".
         Referencia principal "Microsoft.VisualBasic, Version=10.0.0.0, Culture=neutral, PublicKeyToken=b03f5f7f11d50a3a".
             La ruta de acceso del archivo resuelta es "C:\Program Files\dotnet\packs\Microsoft.NETCore.App.Ref\10.0.3\ref\net10.0\Microsoft.VisualBasic.dll".
             Se encontró una referencia en la ubicación de ruta de acceso de búsqueda "{RawFileName}".
             Esta referencia no es "CopyLocal" porque existe al menos un elemento de origen con "Private" establecido en "false" y ningún elemento de origen con "Private" establecido en "true".
         Referencia principal "Microsoft.Win32.Primitives, Version=10.0.0.0, Culture=neutral, PublicKeyToken=b03f5f7f11d50a3a".
             La ruta de acceso del archivo resuelta es "C:\Program Files\dotnet\packs\Microsoft.NETCore.App.Ref\10.0.3\ref\net10.0\Microsoft.Win32.Primitives.dll".
             Se encontró una referencia en la ubicación de ruta de acceso de búsqueda "{RawFileName}".
             Esta referencia no es "CopyLocal" porque existe al menos un elemento de origen con "Private" establecido en "false" y ningún elemento de origen con "Private" establecido en "true".
         Referencia principal "Microsoft.Win32.Registry, Version=10.0.0.0, Culture=neutral, PublicKeyToken=b03f5f7f11d50a3a".
             La ruta de acceso del archivo resuelta es "C:\Program Files\dotnet\packs\Microsoft.NETCore.App.Ref\10.0.3\ref\net10.0\Microsoft.Win32.Registry.dll".
             Se encontró una referencia en la ubicación de ruta de acceso de búsqueda "{RawFileName}".
             Esta referencia no es "CopyLocal" porque existe al menos un elemento de origen con "Private" establecido en "false" y ningún elemento de origen con "Private" establecido en "true".
         Referencia principal "System.AppContext, Version=10.0.0.0, Culture=neutral, PublicKeyToken=b03f5f7f11d50a3a".
             La ruta de acceso del archivo resuelta es "C:\Program Files\dotnet\packs\Microsoft.NETCore.App.Ref\10.0.3\ref\net10.0\System.AppContext.dll".
             Se encontró una referencia en la ubicación de ruta de acceso de búsqueda "{RawFileName}".
             Esta referencia no es "CopyLocal" porque existe al menos un elemento de origen con "Private" establecido en "false" y ningún elemento de origen con "Private" establecido en "true".
         Referencia principal "System.Buffers, Version=10.0.0.0, Culture=neutral, PublicKeyToken=cc7b13ffcd2ddd51".
             La ruta de acceso del archivo resuelta es "C:\Program Files\dotnet\packs\Microsoft.NETCore.App.Ref\10.0.3\ref\net10.0\System.Buffers.dll".
             Se encontró una referencia en la ubicación de ruta de acceso de búsqueda "{RawFileName}".
             Esta referencia no es "CopyLocal" porque existe al menos un elemento de origen con "Private" establecido en "false" y ningún elemento de origen con "Private" establecido en "true".
         Referencia principal "System.Collections.Concurrent, Version=10.0.0.0, Culture=neutral, PublicKeyToken=b03f5f7f11d50a3a".
             La ruta de acceso del archivo resuelta es "C:\Program Files\dotnet\packs\Microsoft.NETCore.App.Ref\10.0.3\ref\net10.0\System.Collections.Concurrent.dll".
             Se encontró una referencia en la ubicación de ruta de acceso de búsqueda "{RawFileName}".
             Esta referencia no es "CopyLocal" porque existe al menos un elemento de origen con "Private" establecido en "false" y ningún elemento de origen con "Private" establecido en "true".
         Referencia principal "System.Collections.Immutable, Version=10.0.0.0, Culture=neutral, PublicKeyToken=b03f5f7f11d50a3a".
             La ruta de acceso del archivo resuelta es "C:\Program Files\dotnet\packs\Microsoft.NETCore.App.Ref\10.0.3\ref\net10.0\System.Collections.Immutable.dll".
             Se encontró una referencia en la ubicación de ruta de acceso de búsqueda "{RawFileName}".
             Esta referencia no es "CopyLocal" porque existe al menos un elemento de origen con "Private" establecido en "false" y ningún elemento de origen con "Private" establecido en "true".
         Referencia principal "System.Collections.NonGeneric, Version=10.0.0.0, Culture=neutral, PublicKeyToken=b03f5f7f11d50a3a".
             La ruta de acceso del archivo resuelta es "C:\Program Files\dotnet\packs\Microsoft.NETCore.App.Ref\10.0.3\ref\net10.0\System.Collections.NonGeneric.dll".
             Se encontró una referencia en la ubicación de ruta de acceso de búsqueda "{RawFileName}".
             Esta referencia no es "CopyLocal" porque existe al menos un elemento de origen con "Private" establecido en "false" y ningún elemento de origen con "Private" establecido en "true".
         Referencia principal "System.Collections.Specialized, Version=10.0.0.0, Culture=neutral, PublicKeyToken=b03f5f7f11d50a3a".
             La ruta de acceso del archivo resuelta es "C:\Program Files\dotnet\packs\Microsoft.NETCore.App.Ref\10.0.3\ref\net10.0\System.Collections.Specialized.dll".
             Se encontró una referencia en la ubicación de ruta de acceso de búsqueda "{RawFileName}".
             Esta referencia no es "CopyLocal" porque existe al menos un elemento de origen con "Private" establecido en "false" y ningún elemento de origen con "Private" establecido en "true".
         Referencia principal "System.Collections, Version=10.0.0.0, Culture=neutral, PublicKeyToken=b03f5f7f11d50a3a".
             La ruta de acceso del archivo resuelta es "C:\Program Files\dotnet\packs\Microsoft.NETCore.App.Ref\10.0.3\ref\net10.0\System.Collections.dll".
             Se encontró una referencia en la ubicación de ruta de acceso de búsqueda "{RawFileName}".
             Esta referencia no es "CopyLocal" porque existe al menos un elemento de origen con "Private" establecido en "false" y ningún elemento de origen con "Private" establecido en "true".
         Referencia principal "System.ComponentModel.Annotations, Version=10.0.0.0, Culture=neutral, PublicKeyToken=b03f5f7f11d50a3a".
             La ruta de acceso del archivo resuelta es "C:\Program Files\dotnet\packs\Microsoft.NETCore.App.Ref\10.0.3\ref\net10.0\System.ComponentModel.Annotations.dll".
             Se encontró una referencia en la ubicación de ruta de acceso de búsqueda "{RawFileName}".
             Esta referencia no es "CopyLocal" porque existe al menos un elemento de origen con "Private" establecido en "false" y ningún elemento de origen con "Private" establecido en "true".
         Referencia principal "System.ComponentModel.DataAnnotations, Version=4.0.0.0, Culture=neutral, PublicKeyToken=31bf3856ad364e35".
             La ruta de acceso del archivo resuelta es "C:\Program Files\dotnet\packs\Microsoft.NETCore.App.Ref\10.0.3\ref\net10.0\System.ComponentModel.DataAnnotations.dll".
             Se encontró una referencia en la ubicación de ruta de acceso de búsqueda "{RawFileName}".
             Esta referencia no es "CopyLocal" porque existe al menos un elemento de origen con "Private" establecido en "false" y ningún elemento de origen con "Private" establecido en "true".
         Referencia principal "System.ComponentModel.EventBasedAsync, Version=10.0.0.0, Culture=neutral, PublicKeyToken=b03f5f7f11d50a3a".
             La ruta de acceso del archivo resuelta es "C:\Program Files\dotnet\packs\Microsoft.NETCore.App.Ref\10.0.3\ref\net10.0\System.ComponentModel.EventBasedAsync.dll".
             Se encontró una referencia en la ubicación de ruta de acceso de búsqueda "{RawFileName}".
             Esta referencia no es "CopyLocal" porque existe al menos un elemento de origen con "Private" establecido en "false" y ningún elemento de origen con "Private" establecido en "true".
         Referencia principal "System.ComponentModel.Primitives, Version=10.0.0.0, Culture=neutral, PublicKeyToken=b03f5f7f11d50a3a".
             La ruta de acceso del archivo resuelta es "C:\Program Files\dotnet\packs\Microsoft.NETCore.App.Ref\10.0.3\ref\net10.0\System.ComponentModel.Primitives.dll".
             Se encontró una referencia en la ubicación de ruta de acceso de búsqueda "{RawFileName}".
             Esta referencia no es "CopyLocal" porque existe al menos un elemento de origen con "Private" establecido en "false" y ningún elemento de origen con "Private" establecido en "true".
         Referencia principal "System.ComponentModel.TypeConverter, Version=10.0.0.0, Culture=neutral, PublicKeyToken=b03f5f7f11d50a3a".
             La ruta de acceso del archivo resuelta es "C:\Program Files\dotnet\packs\Microsoft.NETCore.App.Ref\10.0.3\ref\net10.0\System.ComponentModel.TypeConverter.dll".
             Se encontró una referencia en la ubicación de ruta de acceso de búsqueda "{RawFileName}".
             Esta referencia no es "CopyLocal" porque existe al menos un elemento de origen con "Private" establecido en "false" y ningún elemento de origen con "Private" establecido en "true".
         Referencia principal "System.ComponentModel, Version=10.0.0.0, Culture=neutral, PublicKeyToken=b03f5f7f11d50a3a".
             La ruta de acceso del archivo resuelta es "C:\Program Files\dotnet\packs\Microsoft.NETCore.App.Ref\10.0.3\ref\net10.0\System.ComponentModel.dll".
             Se encontró una referencia en la ubicación de ruta de acceso de búsqueda "{RawFileName}".
             Esta referencia no es "CopyLocal" porque existe al menos un elemento de origen con "Private" establecido en "false" y ningún elemento de origen con "Private" establecido en "true".
         Referencia principal "System.Configuration, Version=4.0.0.0, Culture=neutral, PublicKeyToken=b03f5f7f11d50a3a".
             La ruta de acceso del archivo resuelta es "C:\Program Files\dotnet\packs\Microsoft.NETCore.App.Ref\10.0.3\ref\net10.0\System.Configuration.dll".
             Se encontró una referencia en la ubicación de ruta de acceso de búsqueda "{RawFileName}".
             Esta referencia no es "CopyLocal" porque existe al menos un elemento de origen con "Private" establecido en "false" y ningún elemento de origen con "Private" establecido en "true".
         Referencia principal "System.Console, Version=10.0.0.0, Culture=neutral, PublicKeyToken=b03f5f7f11d50a3a".
             La ruta de acceso del archivo resuelta es "C:\Program Files\dotnet\packs\Microsoft.NETCore.App.Ref\10.0.3\ref\net10.0\System.Console.dll".
             Se encontró una referencia en la ubicación de ruta de acceso de búsqueda "{RawFileName}".
             Esta referencia no es "CopyLocal" porque existe al menos un elemento de origen con "Private" establecido en "false" y ningún elemento de origen con "Private" establecido en "true".
         Referencia principal "System.Core, Version=4.0.0.0, Culture=neutral, PublicKeyToken=b77a5c561934e089".
             La ruta de acceso del archivo resuelta es "C:\Program Files\dotnet\packs\Microsoft.NETCore.App.Ref\10.0.3\ref\net10.0\System.Core.dll".
             Se encontró una referencia en la ubicación de ruta de acceso de búsqueda "{RawFileName}".
             Esta referencia no es "CopyLocal" porque existe al menos un elemento de origen con "Private" establecido en "false" y ningún elemento de origen con "Private" establecido en "true".
         Referencia principal "System.Data.Common, Version=10.0.0.0, Culture=neutral, PublicKeyToken=b03f5f7f11d50a3a".
             La ruta de acceso del archivo resuelta es "C:\Program Files\dotnet\packs\Microsoft.NETCore.App.Ref\10.0.3\ref\net10.0\System.Data.Common.dll".
             Se encontró una referencia en la ubicación de ruta de acceso de búsqueda "{RawFileName}".
             Esta referencia no es "CopyLocal" porque existe al menos un elemento de origen con "Private" establecido en "false" y ningún elemento de origen con "Private" establecido en "true".
         Referencia principal "System.Data.DataSetExtensions, Version=10.0.0.0, Culture=neutral, PublicKeyToken=b77a5c561934e089".
             La ruta de acceso del archivo resuelta es "C:\Program Files\dotnet\packs\Microsoft.NETCore.App.Ref\10.0.3\ref\net10.0\System.Data.DataSetExtensions.dll".
             Se encontró una referencia en la ubicación de ruta de acceso de búsqueda "{RawFileName}".
             Esta referencia no es "CopyLocal" porque existe al menos un elemento de origen con "Private" establecido en "false" y ningún elemento de origen con "Private" establecido en "true".
         Referencia principal "System.Data, Version=4.0.0.0, Culture=neutral, PublicKeyToken=b77a5c561934e089".
             La ruta de acceso del archivo resuelta es "C:\Program Files\dotnet\packs\Microsoft.NETCore.App.Ref\10.0.3\ref\net10.0\System.Data.dll".
             Se encontró una referencia en la ubicación de ruta de acceso de búsqueda "{RawFileName}".
             Esta referencia no es "CopyLocal" porque existe al menos un elemento de origen con "Private" establecido en "false" y ningún elemento de origen con "Private" establecido en "true".
         Referencia principal "System.Diagnostics.Contracts, Version=10.0.0.0, Culture=neutral, PublicKeyToken=b03f5f7f11d50a3a".
             La ruta de acceso del archivo resuelta es "C:\Program Files\dotnet\packs\Microsoft.NETCore.App.Ref\10.0.3\ref\net10.0\System.Diagnostics.Contracts.dll".
             Se encontró una referencia en la ubicación de ruta de acceso de búsqueda "{RawFileName}".
             Esta referencia no es "CopyLocal" porque existe al menos un elemento de origen con "Private" establecido en "false" y ningún elemento de origen con "Private" establecido en "true".
         Referencia principal "System.Diagnostics.Debug, Version=10.0.0.0, Culture=neutral, PublicKeyToken=b03f5f7f11d50a3a".
             La ruta de acceso del archivo resuelta es "C:\Program Files\dotnet\packs\Microsoft.NETCore.App.Ref\10.0.3\ref\net10.0\System.Diagnostics.Debug.dll".
             Se encontró una referencia en la ubicación de ruta de acceso de búsqueda "{RawFileName}".
             Esta referencia no es "CopyLocal" porque existe al menos un elemento de origen con "Private" establecido en "false" y ningún elemento de origen con "Private" establecido en "true".
         Referencia principal "System.Diagnostics.DiagnosticSource, Version=10.0.0.0, Culture=neutral, PublicKeyToken=cc7b13ffcd2ddd51".
             La ruta de acceso del archivo resuelta es "C:\Program Files\dotnet\packs\Microsoft.NETCore.App.Ref\10.0.3\ref\net10.0\System.Diagnostics.DiagnosticSource.dll".
             Se encontró una referencia en la ubicación de ruta de acceso de búsqueda "{RawFileName}".
             Esta referencia no es "CopyLocal" porque existe al menos un elemento de origen con "Private" establecido en "false" y ningún elemento de origen con "Private" establecido en "true".
         Referencia principal "System.Diagnostics.FileVersionInfo, Version=10.0.0.0, Culture=neutral, PublicKeyToken=b03f5f7f11d50a3a".
             La ruta de acceso del archivo resuelta es "C:\Program Files\dotnet\packs\Microsoft.NETCore.App.Ref\10.0.3\ref\net10.0\System.Diagnostics.FileVersionInfo.dll".
             Se encontró una referencia en la ubicación de ruta de acceso de búsqueda "{RawFileName}".
             Esta referencia no es "CopyLocal" porque existe al menos un elemento de origen con "Private" establecido en "false" y ningún elemento de origen con "Private" establecido en "true".
         Referencia principal "System.Diagnostics.Process, Version=10.0.0.0, Culture=neutral, PublicKeyToken=b03f5f7f11d50a3a".
             La ruta de acceso del archivo resuelta es "C:\Program Files\dotnet\packs\Microsoft.NETCore.App.Ref\10.0.3\ref\net10.0\System.Diagnostics.Process.dll".
             Se encontró una referencia en la ubicación de ruta de acceso de búsqueda "{RawFileName}".
             Esta referencia no es "CopyLocal" porque existe al menos un elemento de origen con "Private" establecido en "false" y ningún elemento de origen con "Private" establecido en "true".
         Referencia principal "System.Diagnostics.StackTrace, Version=10.0.0.0, Culture=neutral, PublicKeyToken=b03f5f7f11d50a3a".
             La ruta de acceso del archivo resuelta es "C:\Program Files\dotnet\packs\Microsoft.NETCore.App.Ref\10.0.3\ref\net10.0\System.Diagnostics.StackTrace.dll".
             Se encontró una referencia en la ubicación de ruta de acceso de búsqueda "{RawFileName}".
             Esta referencia no es "CopyLocal" porque existe al menos un elemento de origen con "Private" establecido en "false" y ningún elemento de origen con "Private" establecido en "true".
         Referencia principal "System.Diagnostics.TextWriterTraceListener, Version=10.0.0.0, Culture=neutral, PublicKeyToken=b03f5f7f11d50a3a".
             La ruta de acceso del archivo resuelta es "C:\Program Files\dotnet\packs\Microsoft.NETCore.App.Ref\10.0.3\ref\net10.0\System.Diagnostics.TextWriterTraceListener.dll".
             Se encontró una referencia en la ubicación de ruta de acceso de búsqueda "{RawFileName}".
             Esta referencia no es "CopyLocal" porque existe al menos un elemento de origen con "Private" establecido en "false" y ningún elemento de origen con "Private" establecido en "true".
         Referencia principal "System.Diagnostics.Tools, Version=10.0.0.0, Culture=neutral, PublicKeyToken=b03f5f7f11d50a3a".
             La ruta de acceso del archivo resuelta es "C:\Program Files\dotnet\packs\Microsoft.NETCore.App.Ref\10.0.3\ref\net10.0\System.Diagnostics.Tools.dll".
             Se encontró una referencia en la ubicación de ruta de acceso de búsqueda "{RawFileName}".
             Esta referencia no es "CopyLocal" porque existe al menos un elemento de origen con "Private" establecido en "false" y ningún elemento de origen con "Private" establecido en "true".
         Referencia principal "System.Diagnostics.TraceSource, Version=10.0.0.0, Culture=neutral, PublicKeyToken=b03f5f7f11d50a3a".
             La ruta de acceso del archivo resuelta es "C:\Program Files\dotnet\packs\Microsoft.NETCore.App.Ref\10.0.3\ref\net10.0\System.Diagnostics.TraceSource.dll".
             Se encontró una referencia en la ubicación de ruta de acceso de búsqueda "{RawFileName}".
             Esta referencia no es "CopyLocal" porque existe al menos un elemento de origen con "Private" establecido en "false" y ningún elemento de origen con "Private" establecido en "true".
         Referencia principal "System.Diagnostics.Tracing, Version=10.0.0.0, Culture=neutral, PublicKeyToken=b03f5f7f11d50a3a".
             La ruta de acceso del archivo resuelta es "C:\Program Files\dotnet\packs\Microsoft.NETCore.App.Ref\10.0.3\ref\net10.0\System.Diagnostics.Tracing.dll".
             Se encontró una referencia en la ubicación de ruta de acceso de búsqueda "{RawFileName}".
             Esta referencia no es "CopyLocal" porque existe al menos un elemento de origen con "Private" establecido en "false" y ningún elemento de origen con "Private" establecido en "true".
         Referencia principal "System.Drawing.Primitives, Version=10.0.0.0, Culture=neutral, PublicKeyToken=b03f5f7f11d50a3a".
             La ruta de acceso del archivo resuelta es "C:\Program Files\dotnet\packs\Microsoft.NETCore.App.Ref\10.0.3\ref\net10.0\System.Drawing.Primitives.dll".
             Se encontró una referencia en la ubicación de ruta de acceso de búsqueda "{RawFileName}".
             Esta referencia no es "CopyLocal" porque existe al menos un elemento de origen con "Private" establecido en "false" y ningún elemento de origen con "Private" establecido en "true".
         Referencia principal "System.Drawing, Version=4.0.0.0, Culture=neutral, PublicKeyToken=b03f5f7f11d50a3a".
             La ruta de acceso del archivo resuelta es "C:\Program Files\dotnet\packs\Microsoft.NETCore.App.Ref\10.0.3\ref\net10.0\System.Drawing.dll".
             Se encontró una referencia en la ubicación de ruta de acceso de búsqueda "{RawFileName}".
             Esta referencia no es "CopyLocal" porque existe al menos un elemento de origen con "Private" establecido en "false" y ningún elemento de origen con "Private" establecido en "true".
         Referencia principal "System.Dynamic.Runtime, Version=10.0.0.0, Culture=neutral, PublicKeyToken=b03f5f7f11d50a3a".
             La ruta de acceso del archivo resuelta es "C:\Program Files\dotnet\packs\Microsoft.NETCore.App.Ref\10.0.3\ref\net10.0\System.Dynamic.Runtime.dll".
             Se encontró una referencia en la ubicación de ruta de acceso de búsqueda "{RawFileName}".
             Esta referencia no es "CopyLocal" porque existe al menos un elemento de origen con "Private" establecido en "false" y ningún elemento de origen con "Private" establecido en "true".
         Referencia principal "System.Formats.Asn1, Version=10.0.0.0, Culture=neutral, PublicKeyToken=cc7b13ffcd2ddd51".
             La ruta de acceso del archivo resuelta es "C:\Program Files\dotnet\packs\Microsoft.NETCore.App.Ref\10.0.3\ref\net10.0\System.Formats.Asn1.dll".
             Se encontró una referencia en la ubicación de ruta de acceso de búsqueda "{RawFileName}".
             Esta referencia no es "CopyLocal" porque existe al menos un elemento de origen con "Private" establecido en "false" y ningún elemento de origen con "Private" establecido en "true".
         Referencia principal "System.Formats.Tar, Version=10.0.0.0, Culture=neutral, PublicKeyToken=cc7b13ffcd2ddd51".
             La ruta de acceso del archivo resuelta es "C:\Program Files\dotnet\packs\Microsoft.NETCore.App.Ref\10.0.3\ref\net10.0\System.Formats.Tar.dll".
             Se encontró una referencia en la ubicación de ruta de acceso de búsqueda "{RawFileName}".
             Esta referencia no es "CopyLocal" porque existe al menos un elemento de origen con "Private" establecido en "false" y ningún elemento de origen con "Private" establecido en "true".
         Referencia principal "System.Globalization.Calendars, Version=10.0.0.0, Culture=neutral, PublicKeyToken=b03f5f7f11d50a3a".
             La ruta de acceso del archivo resuelta es "C:\Program Files\dotnet\packs\Microsoft.NETCore.App.Ref\10.0.3\ref\net10.0\System.Globalization.Calendars.dll".
             Se encontró una referencia en la ubicación de ruta de acceso de búsqueda "{RawFileName}".
             Esta referencia no es "CopyLocal" porque existe al menos un elemento de origen con "Private" establecido en "false" y ningún elemento de origen con "Private" establecido en "true".
         Referencia principal "System.Globalization.Extensions, Version=10.0.0.0, Culture=neutral, PublicKeyToken=b03f5f7f11d50a3a".
             La ruta de acceso del archivo resuelta es "C:\Program Files\dotnet\packs\Microsoft.NETCore.App.Ref\10.0.3\ref\net10.0\System.Globalization.Extensions.dll".
             Se encontró una referencia en la ubicación de ruta de acceso de búsqueda "{RawFileName}".
             Esta referencia no es "CopyLocal" porque existe al menos un elemento de origen con "Private" establecido en "false" y ningún elemento de origen con "Private" establecido en "true".
         Referencia principal "System.Globalization, Version=10.0.0.0, Culture=neutral, PublicKeyToken=b03f5f7f11d50a3a".
             La ruta de acceso del archivo resuelta es "C:\Program Files\dotnet\packs\Microsoft.NETCore.App.Ref\10.0.3\ref\net10.0\System.Globalization.dll".
             Se encontró una referencia en la ubicación de ruta de acceso de búsqueda "{RawFileName}".
             Esta referencia no es "CopyLocal" porque existe al menos un elemento de origen con "Private" establecido en "false" y ningún elemento de origen con "Private" establecido en "true".
         Referencia principal "System.IO.Compression.Brotli, Version=10.0.0.0, Culture=neutral, PublicKeyToken=b77a5c561934e089".
             La ruta de acceso del archivo resuelta es "C:\Program Files\dotnet\packs\Microsoft.NETCore.App.Ref\10.0.3\ref\net10.0\System.IO.Compression.Brotli.dll".
             Se encontró una referencia en la ubicación de ruta de acceso de búsqueda "{RawFileName}".
             Esta referencia no es "CopyLocal" porque existe al menos un elemento de origen con "Private" establecido en "false" y ningún elemento de origen con "Private" establecido en "true".
         Referencia principal "System.IO.Compression.FileSystem, Version=4.0.0.0, Culture=neutral, PublicKeyToken=b77a5c561934e089".
             La ruta de acceso del archivo resuelta es "C:\Program Files\dotnet\packs\Microsoft.NETCore.App.Ref\10.0.3\ref\net10.0\System.IO.Compression.FileSystem.dll".
             Se encontró una referencia en la ubicación de ruta de acceso de búsqueda "{RawFileName}".
             Esta referencia no es "CopyLocal" porque existe al menos un elemento de origen con "Private" establecido en "false" y ningún elemento de origen con "Private" establecido en "true".
         Referencia principal "System.IO.Compression.ZipFile, Version=10.0.0.0, Culture=neutral, PublicKeyToken=b77a5c561934e089".
             La ruta de acceso del archivo resuelta es "C:\Program Files\dotnet\packs\Microsoft.NETCore.App.Ref\10.0.3\ref\net10.0\System.IO.Compression.ZipFile.dll".
             Se encontró una referencia en la ubicación de ruta de acceso de búsqueda "{RawFileName}".
             Esta referencia no es "CopyLocal" porque existe al menos un elemento de origen con "Private" establecido en "false" y ningún elemento de origen con "Private" establecido en "true".
         Referencia principal "System.IO.Compression, Version=10.0.0.0, Culture=neutral, PublicKeyToken=b77a5c561934e089".
             La ruta de acceso del archivo resuelta es "C:\Program Files\dotnet\packs\Microsoft.NETCore.App.Ref\10.0.3\ref\net10.0\System.IO.Compression.dll".
             Se encontró una referencia en la ubicación de ruta de acceso de búsqueda "{RawFileName}".
             Esta referencia no es "CopyLocal" porque existe al menos un elemento de origen con "Private" establecido en "false" y ningún elemento de origen con "Private" establecido en "true".
         Referencia principal "System.IO.FileSystem.AccessControl, Version=10.0.0.0, Culture=neutral, PublicKeyToken=b03f5f7f11d50a3a".
             La ruta de acceso del archivo resuelta es "C:\Program Files\dotnet\packs\Microsoft.NETCore.App.Ref\10.0.3\ref\net10.0\System.IO.FileSystem.AccessControl.dll".
             Se encontró una referencia en la ubicación de ruta de acceso de búsqueda "{RawFileName}".
             Esta referencia no es "CopyLocal" porque existe al menos un elemento de origen con "Private" establecido en "false" y ningún elemento de origen con "Private" establecido en "true".
         Referencia principal "System.IO.FileSystem.DriveInfo, Version=10.0.0.0, Culture=neutral, PublicKeyToken=b03f5f7f11d50a3a".
             La ruta de acceso del archivo resuelta es "C:\Program Files\dotnet\packs\Microsoft.NETCore.App.Ref\10.0.3\ref\net10.0\System.IO.FileSystem.DriveInfo.dll".
             Se encontró una referencia en la ubicación de ruta de acceso de búsqueda "{RawFileName}".
             Esta referencia no es "CopyLocal" porque existe al menos un elemento de origen con "Private" establecido en "false" y ningún elemento de origen con "Private" establecido en "true".
         Referencia principal "System.IO.FileSystem.Primitives, Version=10.0.0.0, Culture=neutral, PublicKeyToken=b03f5f7f11d50a3a".
             La ruta de acceso del archivo resuelta es "C:\Program Files\dotnet\packs\Microsoft.NETCore.App.Ref\10.0.3\ref\net10.0\System.IO.FileSystem.Primitives.dll".
             Se encontró una referencia en la ubicación de ruta de acceso de búsqueda "{RawFileName}".
             Esta referencia no es "CopyLocal" porque existe al menos un elemento de origen con "Private" establecido en "false" y ningún elemento de origen con "Private" establecido en "true".
         Referencia principal "System.IO.FileSystem.Watcher, Version=10.0.0.0, Culture=neutral, PublicKeyToken=b03f5f7f11d50a3a".
             La ruta de acceso del archivo resuelta es "C:\Program Files\dotnet\packs\Microsoft.NETCore.App.Ref\10.0.3\ref\net10.0\System.IO.FileSystem.Watcher.dll".
             Se encontró una referencia en la ubicación de ruta de acceso de búsqueda "{RawFileName}".
             Esta referencia no es "CopyLocal" porque existe al menos un elemento de origen con "Private" establecido en "false" y ningún elemento de origen con "Private" establecido en "true".
         Referencia principal "System.IO.FileSystem, Version=10.0.0.0, Culture=neutral, PublicKeyToken=b03f5f7f11d50a3a".
             La ruta de acceso del archivo resuelta es "C:\Program Files\dotnet\packs\Microsoft.NETCore.App.Ref\10.0.3\ref\net10.0\System.IO.FileSystem.dll".
             Se encontró una referencia en la ubicación de ruta de acceso de búsqueda "{RawFileName}".
             Esta referencia no es "CopyLocal" porque existe al menos un elemento de origen con "Private" establecido en "false" y ningún elemento de origen con "Private" establecido en "true".
         Referencia principal "System.IO.IsolatedStorage, Version=10.0.0.0, Culture=neutral, PublicKeyToken=b03f5f7f11d50a3a".
             La ruta de acceso del archivo resuelta es "C:\Program Files\dotnet\packs\Microsoft.NETCore.App.Ref\10.0.3\ref\net10.0\System.IO.IsolatedStorage.dll".
             Se encontró una referencia en la ubicación de ruta de acceso de búsqueda "{RawFileName}".
             Esta referencia no es "CopyLocal" porque existe al menos un elemento de origen con "Private" establecido en "false" y ningún elemento de origen con "Private" establecido en "true".
         Referencia principal "System.IO.MemoryMappedFiles, Version=10.0.0.0, Culture=neutral, PublicKeyToken=b03f5f7f11d50a3a".
             La ruta de acceso del archivo resuelta es "C:\Program Files\dotnet\packs\Microsoft.NETCore.App.Ref\10.0.3\ref\net10.0\System.IO.MemoryMappedFiles.dll".
             Se encontró una referencia en la ubicación de ruta de acceso de búsqueda "{RawFileName}".
             Esta referencia no es "CopyLocal" porque existe al menos un elemento de origen con "Private" establecido en "false" y ningún elemento de origen con "Private" establecido en "true".
         Referencia principal "System.IO.Pipelines, Version=10.0.0.0, Culture=neutral, PublicKeyToken=cc7b13ffcd2ddd51".
             La ruta de acceso del archivo resuelta es "C:\Program Files\dotnet\packs\Microsoft.NETCore.App.Ref\10.0.3\ref\net10.0\System.IO.Pipelines.dll".
             Se encontró una referencia en la ubicación de ruta de acceso de búsqueda "{RawFileName}".
             Esta referencia no es "CopyLocal" porque existe al menos un elemento de origen con "Private" establecido en "false" y ningún elemento de origen con "Private" establecido en "true".
         Referencia principal "System.IO.Pipes.AccessControl, Version=10.0.0.0, Culture=neutral, PublicKeyToken=b03f5f7f11d50a3a".
             La ruta de acceso del archivo resuelta es "C:\Program Files\dotnet\packs\Microsoft.NETCore.App.Ref\10.0.3\ref\net10.0\System.IO.Pipes.AccessControl.dll".
             Se encontró una referencia en la ubicación de ruta de acceso de búsqueda "{RawFileName}".
             Esta referencia no es "CopyLocal" porque existe al menos un elemento de origen con "Private" establecido en "false" y ningún elemento de origen con "Private" establecido en "true".
         Referencia principal "System.IO.Pipes, Version=10.0.0.0, Culture=neutral, PublicKeyToken=b03f5f7f11d50a3a".
             La ruta de acceso del archivo resuelta es "C:\Program Files\dotnet\packs\Microsoft.NETCore.App.Ref\10.0.3\ref\net10.0\System.IO.Pipes.dll".
             Se encontró una referencia en la ubicación de ruta de acceso de búsqueda "{RawFileName}".
             Esta referencia no es "CopyLocal" porque existe al menos un elemento de origen con "Private" establecido en "false" y ningún elemento de origen con "Private" establecido en "true".
         Referencia principal "System.IO.UnmanagedMemoryStream, Version=10.0.0.0, Culture=neutral, PublicKeyToken=b03f5f7f11d50a3a".
             La ruta de acceso del archivo resuelta es "C:\Program Files\dotnet\packs\Microsoft.NETCore.App.Ref\10.0.3\ref\net10.0\System.IO.UnmanagedMemoryStream.dll".
             Se encontró una referencia en la ubicación de ruta de acceso de búsqueda "{RawFileName}".
             Esta referencia no es "CopyLocal" porque existe al menos un elemento de origen con "Private" establecido en "false" y ningún elemento de origen con "Private" establecido en "true".
         Referencia principal "System.IO, Version=10.0.0.0, Culture=neutral, PublicKeyToken=b03f5f7f11d50a3a".
             La ruta de acceso del archivo resuelta es "C:\Program Files\dotnet\packs\Microsoft.NETCore.App.Ref\10.0.3\ref\net10.0\System.IO.dll".
             Se encontró una referencia en la ubicación de ruta de acceso de búsqueda "{RawFileName}".
             Esta referencia no es "CopyLocal" porque existe al menos un elemento de origen con "Private" establecido en "false" y ningún elemento de origen con "Private" establecido en "true".
         Referencia principal "System.Linq.AsyncEnumerable, Version=10.0.0.0, Culture=neutral, PublicKeyToken=b03f5f7f11d50a3a".
             La ruta de acceso del archivo resuelta es "C:\Program Files\dotnet\packs\Microsoft.NETCore.App.Ref\10.0.3\ref\net10.0\System.Linq.AsyncEnumerable.dll".
             Se encontró una referencia en la ubicación de ruta de acceso de búsqueda "{RawFileName}".
             Esta referencia no es "CopyLocal" porque existe al menos un elemento de origen con "Private" establecido en "false" y ningún elemento de origen con "Private" establecido en "true".
         Referencia principal "System.Linq.Expressions, Version=10.0.0.0, Culture=neutral, PublicKeyToken=b03f5f7f11d50a3a".
             La ruta de acceso del archivo resuelta es "C:\Program Files\dotnet\packs\Microsoft.NETCore.App.Ref\10.0.3\ref\net10.0\System.Linq.Expressions.dll".
             Se encontró una referencia en la ubicación de ruta de acceso de búsqueda "{RawFileName}".
             Esta referencia no es "CopyLocal" porque existe al menos un elemento de origen con "Private" establecido en "false" y ningún elemento de origen con "Private" establecido en "true".
         Referencia principal "System.Linq.Parallel, Version=10.0.0.0, Culture=neutral, PublicKeyToken=b03f5f7f11d50a3a".
             La ruta de acceso del archivo resuelta es "C:\Program Files\dotnet\packs\Microsoft.NETCore.App.Ref\10.0.3\ref\net10.0\System.Linq.Parallel.dll".
             Se encontró una referencia en la ubicación de ruta de acceso de búsqueda "{RawFileName}".
             Esta referencia no es "CopyLocal" porque existe al menos un elemento de origen con "Private" establecido en "false" y ningún elemento de origen con "Private" establecido en "true".
         Referencia principal "System.Linq.Queryable, Version=10.0.0.0, Culture=neutral, PublicKeyToken=b03f5f7f11d50a3a".
             La ruta de acceso del archivo resuelta es "C:\Program Files\dotnet\packs\Microsoft.NETCore.App.Ref\10.0.3\ref\net10.0\System.Linq.Queryable.dll".
             Se encontró una referencia en la ubicación de ruta de acceso de búsqueda "{RawFileName}".
             Esta referencia no es "CopyLocal" porque existe al menos un elemento de origen con "Private" establecido en "false" y ningún elemento de origen con "Private" establecido en "true".
         Referencia principal "System.Linq, Version=10.0.0.0, Culture=neutral, PublicKeyToken=b03f5f7f11d50a3a".
             La ruta de acceso del archivo resuelta es "C:\Program Files\dotnet\packs\Microsoft.NETCore.App.Ref\10.0.3\ref\net10.0\System.Linq.dll".
             Se encontró una referencia en la ubicación de ruta de acceso de búsqueda "{RawFileName}".
             Esta referencia no es "CopyLocal" porque existe al menos un elemento de origen con "Private" establecido en "false" y ningún elemento de origen con "Private" establecido en "true".
         Referencia principal "System.Memory, Version=10.0.0.0, Culture=neutral, PublicKeyToken=cc7b13ffcd2ddd51".
             La ruta de acceso del archivo resuelta es "C:\Program Files\dotnet\packs\Microsoft.NETCore.App.Ref\10.0.3\ref\net10.0\System.Memory.dll".
             Se encontró una referencia en la ubicación de ruta de acceso de búsqueda "{RawFileName}".
             Esta referencia no es "CopyLocal" porque existe al menos un elemento de origen con "Private" establecido en "false" y ningún elemento de origen con "Private" establecido en "true".
         Referencia principal "System.Net.Http.Json, Version=10.0.0.0, Culture=neutral, PublicKeyToken=cc7b13ffcd2ddd51".
             La ruta de acceso del archivo resuelta es "C:\Program Files\dotnet\packs\Microsoft.NETCore.App.Ref\10.0.3\ref\net10.0\System.Net.Http.Json.dll".
             Se encontró una referencia en la ubicación de ruta de acceso de búsqueda "{RawFileName}".
             Esta referencia no es "CopyLocal" porque existe al menos un elemento de origen con "Private" establecido en "false" y ningún elemento de origen con "Private" establecido en "true".
         Referencia principal "System.Net.Http, Version=10.0.0.0, Culture=neutral, PublicKeyToken=b03f5f7f11d50a3a".
             La ruta de acceso del archivo resuelta es "C:\Program Files\dotnet\packs\Microsoft.NETCore.App.Ref\10.0.3\ref\net10.0\System.Net.Http.dll".
             Se encontró una referencia en la ubicación de ruta de acceso de búsqueda "{RawFileName}".
             Esta referencia no es "CopyLocal" porque existe al menos un elemento de origen con "Private" establecido en "false" y ningún elemento de origen con "Private" establecido en "true".
         Referencia principal "System.Net.HttpListener, Version=10.0.0.0, Culture=neutral, PublicKeyToken=cc7b13ffcd2ddd51".
             La ruta de acceso del archivo resuelta es "C:\Program Files\dotnet\packs\Microsoft.NETCore.App.Ref\10.0.3\ref\net10.0\System.Net.HttpListener.dll".
             Se encontró una referencia en la ubicación de ruta de acceso de búsqueda "{RawFileName}".
             Esta referencia no es "CopyLocal" porque existe al menos un elemento de origen con "Private" establecido en "false" y ningún elemento de origen con "Private" establecido en "true".
         Referencia principal "System.Net.Mail, Version=10.0.0.0, Culture=neutral, PublicKeyToken=cc7b13ffcd2ddd51".
             La ruta de acceso del archivo resuelta es "C:\Program Files\dotnet\packs\Microsoft.NETCore.App.Ref\10.0.3\ref\net10.0\System.Net.Mail.dll".
             Se encontró una referencia en la ubicación de ruta de acceso de búsqueda "{RawFileName}".
             Esta referencia no es "CopyLocal" porque existe al menos un elemento de origen con "Private" establecido en "false" y ningún elemento de origen con "Private" establecido en "true".
         Referencia principal "System.Net.NameResolution, Version=10.0.0.0, Culture=neutral, PublicKeyToken=b03f5f7f11d50a3a".
             La ruta de acceso del archivo resuelta es "C:\Program Files\dotnet\packs\Microsoft.NETCore.App.Ref\10.0.3\ref\net10.0\System.Net.NameResolution.dll".
             Se encontró una referencia en la ubicación de ruta de acceso de búsqueda "{RawFileName}".
             Esta referencia no es "CopyLocal" porque existe al menos un elemento de origen con "Private" establecido en "false" y ningún elemento de origen con "Private" establecido en "true".
         Referencia principal "System.Net.NetworkInformation, Version=10.0.0.0, Culture=neutral, PublicKeyToken=b03f5f7f11d50a3a".
             La ruta de acceso del archivo resuelta es "C:\Program Files\dotnet\packs\Microsoft.NETCore.App.Ref\10.0.3\ref\net10.0\System.Net.NetworkInformation.dll".
             Se encontró una referencia en la ubicación de ruta de acceso de búsqueda "{RawFileName}".
             Esta referencia no es "CopyLocal" porque existe al menos un elemento de origen con "Private" establecido en "false" y ningún elemento de origen con "Private" establecido en "true".
         Referencia principal "System.Net.Ping, Version=10.0.0.0, Culture=neutral, PublicKeyToken=b03f5f7f11d50a3a".
             La ruta de acceso del archivo resuelta es "C:\Program Files\dotnet\packs\Microsoft.NETCore.App.Ref\10.0.3\ref\net10.0\System.Net.Ping.dll".
             Se encontró una referencia en la ubicación de ruta de acceso de búsqueda "{RawFileName}".
             Esta referencia no es "CopyLocal" porque existe al menos un elemento de origen con "Private" establecido en "false" y ningún elemento de origen con "Private" establecido en "true".
         Referencia principal "System.Net.Primitives, Version=10.0.0.0, Culture=neutral, PublicKeyToken=b03f5f7f11d50a3a".
             La ruta de acceso del archivo resuelta es "C:\Program Files\dotnet\packs\Microsoft.NETCore.App.Ref\10.0.3\ref\net10.0\System.Net.Primitives.dll".
             Se encontró una referencia en la ubicación de ruta de acceso de búsqueda "{RawFileName}".
             Esta referencia no es "CopyLocal" porque existe al menos un elemento de origen con "Private" establecido en "false" y ningún elemento de origen con "Private" establecido en "true".
         Referencia principal "System.Net.Quic, Version=10.0.0.0, Culture=neutral, PublicKeyToken=b03f5f7f11d50a3a".
             La ruta de acceso del archivo resuelta es "C:\Program Files\dotnet\packs\Microsoft.NETCore.App.Ref\10.0.3\ref\net10.0\System.Net.Quic.dll".
             Se encontró una referencia en la ubicación de ruta de acceso de búsqueda "{RawFileName}".
             Esta referencia no es "CopyLocal" porque existe al menos un elemento de origen con "Private" establecido en "false" y ningún elemento de origen con "Private" establecido en "true".
         Referencia principal "System.Net.Requests, Version=10.0.0.0, Culture=neutral, PublicKeyToken=b03f5f7f11d50a3a".
             La ruta de acceso del archivo resuelta es "C:\Program Files\dotnet\packs\Microsoft.NETCore.App.Ref\10.0.3\ref\net10.0\System.Net.Requests.dll".
             Se encontró una referencia en la ubicación de ruta de acceso de búsqueda "{RawFileName}".
             Esta referencia no es "CopyLocal" porque existe al menos un elemento de origen con "Private" establecido en "false" y ningún elemento de origen con "Private" establecido en "true".
         Referencia principal "System.Net.Security, Version=10.0.0.0, Culture=neutral, PublicKeyToken=b03f5f7f11d50a3a".
             La ruta de acceso del archivo resuelta es "C:\Program Files\dotnet\packs\Microsoft.NETCore.App.Ref\10.0.3\ref\net10.0\System.Net.Security.dll".
             Se encontró una referencia en la ubicación de ruta de acceso de búsqueda "{RawFileName}".
             Esta referencia no es "CopyLocal" porque existe al menos un elemento de origen con "Private" establecido en "false" y ningún elemento de origen con "Private" establecido en "true".
         Referencia principal "System.Net.ServerSentEvents, Version=10.0.0.0, Culture=neutral, PublicKeyToken=cc7b13ffcd2ddd51".
             La ruta de acceso del archivo resuelta es "C:\Program Files\dotnet\packs\Microsoft.NETCore.App.Ref\10.0.3\ref\net10.0\System.Net.ServerSentEvents.dll".
             Se encontró una referencia en la ubicación de ruta de acceso de búsqueda "{RawFileName}".
             Esta referencia no es "CopyLocal" porque existe al menos un elemento de origen con "Private" establecido en "false" y ningún elemento de origen con "Private" establecido en "true".
         Referencia principal "System.Net.ServicePoint, Version=10.0.0.0, Culture=neutral, PublicKeyToken=cc7b13ffcd2ddd51".
             La ruta de acceso del archivo resuelta es "C:\Program Files\dotnet\packs\Microsoft.NETCore.App.Ref\10.0.3\ref\net10.0\System.Net.ServicePoint.dll".
             Se encontró una referencia en la ubicación de ruta de acceso de búsqueda "{RawFileName}".
             Esta referencia no es "CopyLocal" porque existe al menos un elemento de origen con "Private" establecido en "false" y ningún elemento de origen con "Private" establecido en "true".
         Referencia principal "System.Net.Sockets, Version=10.0.0.0, Culture=neutral, PublicKeyToken=b03f5f7f11d50a3a".
             La ruta de acceso del archivo resuelta es "C:\Program Files\dotnet\packs\Microsoft.NETCore.App.Ref\10.0.3\ref\net10.0\System.Net.Sockets.dll".
             Se encontró una referencia en la ubicación de ruta de acceso de búsqueda "{RawFileName}".
             Esta referencia no es "CopyLocal" porque existe al menos un elemento de origen con "Private" establecido en "false" y ningún elemento de origen con "Private" establecido en "true".
         Referencia principal "System.Net.WebClient, Version=10.0.0.0, Culture=neutral, PublicKeyToken=cc7b13ffcd2ddd51".
             La ruta de acceso del archivo resuelta es "C:\Program Files\dotnet\packs\Microsoft.NETCore.App.Ref\10.0.3\ref\net10.0\System.Net.WebClient.dll".
             Se encontró una referencia en la ubicación de ruta de acceso de búsqueda "{RawFileName}".
             Esta referencia no es "CopyLocal" porque existe al menos un elemento de origen con "Private" establecido en "false" y ningún elemento de origen con "Private" establecido en "true".
         Referencia principal "System.Net.WebHeaderCollection, Version=10.0.0.0, Culture=neutral, PublicKeyToken=b03f5f7f11d50a3a".
             La ruta de acceso del archivo resuelta es "C:\Program Files\dotnet\packs\Microsoft.NETCore.App.Ref\10.0.3\ref\net10.0\System.Net.WebHeaderCollection.dll".
             Se encontró una referencia en la ubicación de ruta de acceso de búsqueda "{RawFileName}".
             Esta referencia no es "CopyLocal" porque existe al menos un elemento de origen con "Private" establecido en "false" y ningún elemento de origen con "Private" establecido en "true".
         Referencia principal "System.Net.WebProxy, Version=10.0.0.0, Culture=neutral, PublicKeyToken=cc7b13ffcd2ddd51".
             La ruta de acceso del archivo resuelta es "C:\Program Files\dotnet\packs\Microsoft.NETCore.App.Ref\10.0.3\ref\net10.0\System.Net.WebProxy.dll".
             Se encontró una referencia en la ubicación de ruta de acceso de búsqueda "{RawFileName}".
             Esta referencia no es "CopyLocal" porque existe al menos un elemento de origen con "Private" establecido en "false" y ningún elemento de origen con "Private" establecido en "true".
         Referencia principal "System.Net.WebSockets.Client, Version=10.0.0.0, Culture=neutral, PublicKeyToken=b03f5f7f11d50a3a".
             La ruta de acceso del archivo resuelta es "C:\Program Files\dotnet\packs\Microsoft.NETCore.App.Ref\10.0.3\ref\net10.0\System.Net.WebSockets.Client.dll".
             Se encontró una referencia en la ubicación de ruta de acceso de búsqueda "{RawFileName}".
             Esta referencia no es "CopyLocal" porque existe al menos un elemento de origen con "Private" establecido en "false" y ningún elemento de origen con "Private" establecido en "true".
         Referencia principal "System.Net.WebSockets, Version=10.0.0.0, Culture=neutral, PublicKeyToken=b03f5f7f11d50a3a".
             La ruta de acceso del archivo resuelta es "C:\Program Files\dotnet\packs\Microsoft.NETCore.App.Ref\10.0.3\ref\net10.0\System.Net.WebSockets.dll".
             Se encontró una referencia en la ubicación de ruta de acceso de búsqueda "{RawFileName}".
             Esta referencia no es "CopyLocal" porque existe al menos un elemento de origen con "Private" establecido en "false" y ningún elemento de origen con "Private" establecido en "true".
         Referencia principal "System.Net, Version=4.0.0.0, Culture=neutral, PublicKeyToken=b03f5f7f11d50a3a".
             La ruta de acceso del archivo resuelta es "C:\Program Files\dotnet\packs\Microsoft.NETCore.App.Ref\10.0.3\ref\net10.0\System.Net.dll".
             Se encontró una referencia en la ubicación de ruta de acceso de búsqueda "{RawFileName}".
             Esta referencia no es "CopyLocal" porque existe al menos un elemento de origen con "Private" establecido en "false" y ningún elemento de origen con "Private" establecido en "true".
         Referencia principal "System.Numerics.Vectors, Version=10.0.0.0, Culture=neutral, PublicKeyToken=b03f5f7f11d50a3a".
             La ruta de acceso del archivo resuelta es "C:\Program Files\dotnet\packs\Microsoft.NETCore.App.Ref\10.0.3\ref\net10.0\System.Numerics.Vectors.dll".
             Se encontró una referencia en la ubicación de ruta de acceso de búsqueda "{RawFileName}".
             Esta referencia no es "CopyLocal" porque existe al menos un elemento de origen con "Private" establecido en "false" y ningún elemento de origen con "Private" establecido en "true".
         Referencia principal "System.Numerics, Version=4.0.0.0, Culture=neutral, PublicKeyToken=b77a5c561934e089".
             La ruta de acceso del archivo resuelta es "C:\Program Files\dotnet\packs\Microsoft.NETCore.App.Ref\10.0.3\ref\net10.0\System.Numerics.dll".
             Se encontró una referencia en la ubicación de ruta de acceso de búsqueda "{RawFileName}".
             Esta referencia no es "CopyLocal" porque existe al menos un elemento de origen con "Private" establecido en "false" y ningún elemento de origen con "Private" establecido en "true".
         Referencia principal "System.ObjectModel, Version=10.0.0.0, Culture=neutral, PublicKeyToken=b03f5f7f11d50a3a".
             La ruta de acceso del archivo resuelta es "C:\Program Files\dotnet\packs\Microsoft.NETCore.App.Ref\10.0.3\ref\net10.0\System.ObjectModel.dll".
             Se encontró una referencia en la ubicación de ruta de acceso de búsqueda "{RawFileName}".
             Esta referencia no es "CopyLocal" porque existe al menos un elemento de origen con "Private" establecido en "false" y ningún elemento de origen con "Private" establecido en "true".
         Referencia principal "System.Reflection.DispatchProxy, Version=10.0.0.0, Culture=neutral, PublicKeyToken=b03f5f7f11d50a3a".
             La ruta de acceso del archivo resuelta es "C:\Program Files\dotnet\packs\Microsoft.NETCore.App.Ref\10.0.3\ref\net10.0\System.Reflection.DispatchProxy.dll".
             Se encontró una referencia en la ubicación de ruta de acceso de búsqueda "{RawFileName}".
             Esta referencia no es "CopyLocal" porque existe al menos un elemento de origen con "Private" establecido en "false" y ningún elemento de origen con "Private" establecido en "true".
         Referencia principal "System.Reflection.Emit.ILGeneration, Version=10.0.0.0, Culture=neutral, PublicKeyToken=b03f5f7f11d50a3a".
             La ruta de acceso del archivo resuelta es "C:\Program Files\dotnet\packs\Microsoft.NETCore.App.Ref\10.0.3\ref\net10.0\System.Reflection.Emit.ILGeneration.dll".
             Se encontró una referencia en la ubicación de ruta de acceso de búsqueda "{RawFileName}".
             Esta referencia no es "CopyLocal" porque existe al menos un elemento de origen con "Private" establecido en "false" y ningún elemento de origen con "Private" establecido en "true".
         Referencia principal "System.Reflection.Emit.Lightweight, Version=10.0.0.0, Culture=neutral, PublicKeyToken=b03f5f7f11d50a3a".
             La ruta de acceso del archivo resuelta es "C:\Program Files\dotnet\packs\Microsoft.NETCore.App.Ref\10.0.3\ref\net10.0\System.Reflection.Emit.Lightweight.dll".
             Se encontró una referencia en la ubicación de ruta de acceso de búsqueda "{RawFileName}".
             Esta referencia no es "CopyLocal" porque existe al menos un elemento de origen con "Private" establecido en "false" y ningún elemento de origen con "Private" establecido en "true".
         Referencia principal "System.Reflection.Emit, Version=10.0.0.0, Culture=neutral, PublicKeyToken=b03f5f7f11d50a3a".
             La ruta de acceso del archivo resuelta es "C:\Program Files\dotnet\packs\Microsoft.NETCore.App.Ref\10.0.3\ref\net10.0\System.Reflection.Emit.dll".
             Se encontró una referencia en la ubicación de ruta de acceso de búsqueda "{RawFileName}".
             Esta referencia no es "CopyLocal" porque existe al menos un elemento de origen con "Private" establecido en "false" y ningún elemento de origen con "Private" establecido en "true".
         Referencia principal "System.Reflection.Extensions, Version=10.0.0.0, Culture=neutral, PublicKeyToken=b03f5f7f11d50a3a".
             La ruta de acceso del archivo resuelta es "C:\Program Files\dotnet\packs\Microsoft.NETCore.App.Ref\10.0.3\ref\net10.0\System.Reflection.Extensions.dll".
             Se encontró una referencia en la ubicación de ruta de acceso de búsqueda "{RawFileName}".
             Esta referencia no es "CopyLocal" porque existe al menos un elemento de origen con "Private" establecido en "false" y ningún elemento de origen con "Private" establecido en "true".
         Referencia principal "System.Reflection.Metadata, Version=10.0.0.0, Culture=neutral, PublicKeyToken=b03f5f7f11d50a3a".
             La ruta de acceso del archivo resuelta es "C:\Program Files\dotnet\packs\Microsoft.NETCore.App.Ref\10.0.3\ref\net10.0\System.Reflection.Metadata.dll".
             Se encontró una referencia en la ubicación de ruta de acceso de búsqueda "{RawFileName}".
             Esta referencia no es "CopyLocal" porque existe al menos un elemento de origen con "Private" establecido en "false" y ningún elemento de origen con "Private" establecido en "true".
         Referencia principal "System.Reflection.Primitives, Version=10.0.0.0, Culture=neutral, PublicKeyToken=b03f5f7f11d50a3a".
             La ruta de acceso del archivo resuelta es "C:\Program Files\dotnet\packs\Microsoft.NETCore.App.Ref\10.0.3\ref\net10.0\System.Reflection.Primitives.dll".
             Se encontró una referencia en la ubicación de ruta de acceso de búsqueda "{RawFileName}".
             Esta referencia no es "CopyLocal" porque existe al menos un elemento de origen con "Private" establecido en "false" y ningún elemento de origen con "Private" establecido en "true".
         Referencia principal "System.Reflection.TypeExtensions, Version=10.0.0.0, Culture=neutral, PublicKeyToken=b03f5f7f11d50a3a".
             La ruta de acceso del archivo resuelta es "C:\Program Files\dotnet\packs\Microsoft.NETCore.App.Ref\10.0.3\ref\net10.0\System.Reflection.TypeExtensions.dll".
             Se encontró una referencia en la ubicación de ruta de acceso de búsqueda "{RawFileName}".
             Esta referencia no es "CopyLocal" porque existe al menos un elemento de origen con "Private" establecido en "false" y ningún elemento de origen con "Private" establecido en "true".
         Referencia principal "System.Reflection, Version=10.0.0.0, Culture=neutral, PublicKeyToken=b03f5f7f11d50a3a".
             La ruta de acceso del archivo resuelta es "C:\Program Files\dotnet\packs\Microsoft.NETCore.App.Ref\10.0.3\ref\net10.0\System.Reflection.dll".
             Se encontró una referencia en la ubicación de ruta de acceso de búsqueda "{RawFileName}".
             Esta referencia no es "CopyLocal" porque existe al menos un elemento de origen con "Private" establecido en "false" y ningún elemento de origen con "Private" establecido en "true".
         Referencia principal "System.Resources.Reader, Version=10.0.0.0, Culture=neutral, PublicKeyToken=b03f5f7f11d50a3a".
             La ruta de acceso del archivo resuelta es "C:\Program Files\dotnet\packs\Microsoft.NETCore.App.Ref\10.0.3\ref\net10.0\System.Resources.Reader.dll".
             Se encontró una referencia en la ubicación de ruta de acceso de búsqueda "{RawFileName}".
             Esta referencia no es "CopyLocal" porque existe al menos un elemento de origen con "Private" establecido en "false" y ningún elemento de origen con "Private" establecido en "true".
         Referencia principal "System.Resources.ResourceManager, Version=10.0.0.0, Culture=neutral, PublicKeyToken=b03f5f7f11d50a3a".
             La ruta de acceso del archivo resuelta es "C:\Program Files\dotnet\packs\Microsoft.NETCore.App.Ref\10.0.3\ref\net10.0\System.Resources.ResourceManager.dll".
             Se encontró una referencia en la ubicación de ruta de acceso de búsqueda "{RawFileName}".
             Esta referencia no es "CopyLocal" porque existe al menos un elemento de origen con "Private" establecido en "false" y ningún elemento de origen con "Private" establecido en "true".
         Referencia principal "System.Resources.Writer, Version=10.0.0.0, Culture=neutral, PublicKeyToken=b03f5f7f11d50a3a".
             La ruta de acceso del archivo resuelta es "C:\Program Files\dotnet\packs\Microsoft.NETCore.App.Ref\10.0.3\ref\net10.0\System.Resources.Writer.dll".
             Se encontró una referencia en la ubicación de ruta de acceso de búsqueda "{RawFileName}".
             Esta referencia no es "CopyLocal" porque existe al menos un elemento de origen con "Private" establecido en "false" y ningún elemento de origen con "Private" establecido en "true".
         Referencia principal "System.Runtime.CompilerServices.Unsafe, Version=10.0.0.0, Culture=neutral, PublicKeyToken=b03f5f7f11d50a3a".
             La ruta de acceso del archivo resuelta es "C:\Program Files\dotnet\packs\Microsoft.NETCore.App.Ref\10.0.3\ref\net10.0\System.Runtime.CompilerServices.Unsafe.dll".
             Se encontró una referencia en la ubicación de ruta de acceso de búsqueda "{RawFileName}".
             Esta referencia no es "CopyLocal" porque existe al menos un elemento de origen con "Private" establecido en "false" y ningún elemento de origen con "Private" establecido en "true".
         Referencia principal "System.Runtime.CompilerServices.VisualC, Version=10.0.0.0, Culture=neutral, PublicKeyToken=b03f5f7f11d50a3a".
             La ruta de acceso del archivo resuelta es "C:\Program Files\dotnet\packs\Microsoft.NETCore.App.Ref\10.0.3\ref\net10.0\System.Runtime.CompilerServices.VisualC.dll".
             Se encontró una referencia en la ubicación de ruta de acceso de búsqueda "{RawFileName}".
             Esta referencia no es "CopyLocal" porque existe al menos un elemento de origen con "Private" establecido en "false" y ningún elemento de origen con "Private" establecido en "true".
         Referencia principal "System.Runtime.Extensions, Version=10.0.0.0, Culture=neutral, PublicKeyToken=b03f5f7f11d50a3a".
             La ruta de acceso del archivo resuelta es "C:\Program Files\dotnet\packs\Microsoft.NETCore.App.Ref\10.0.3\ref\net10.0\System.Runtime.Extensions.dll".
             Se encontró una referencia en la ubicación de ruta de acceso de búsqueda "{RawFileName}".
             Esta referencia no es "CopyLocal" porque existe al menos un elemento de origen con "Private" establecido en "false" y ningún elemento de origen con "Private" establecido en "true".
         Referencia principal "System.Runtime.Handles, Version=10.0.0.0, Culture=neutral, PublicKeyToken=b03f5f7f11d50a3a".
             La ruta de acceso del archivo resuelta es "C:\Program Files\dotnet\packs\Microsoft.NETCore.App.Ref\10.0.3\ref\net10.0\System.Runtime.Handles.dll".
             Se encontró una referencia en la ubicación de ruta de acceso de búsqueda "{RawFileName}".
             Esta referencia no es "CopyLocal" porque existe al menos un elemento de origen con "Private" establecido en "false" y ningún elemento de origen con "Private" establecido en "true".
         Referencia principal "System.Runtime.InteropServices.JavaScript, Version=10.0.0.0, Culture=neutral, PublicKeyToken=b03f5f7f11d50a3a".
             La ruta de acceso del archivo resuelta es "C:\Program Files\dotnet\packs\Microsoft.NETCore.App.Ref\10.0.3\ref\net10.0\System.Runtime.InteropServices.JavaScript.dll".
             Se encontró una referencia en la ubicación de ruta de acceso de búsqueda "{RawFileName}".
             Esta referencia no es "CopyLocal" porque existe al menos un elemento de origen con "Private" establecido en "false" y ningún elemento de origen con "Private" establecido en "true".
         Referencia principal "System.Runtime.InteropServices.RuntimeInformation, Version=10.0.0.0, Culture=neutral, PublicKeyToken=b03f5f7f11d50a3a".
             La ruta de acceso del archivo resuelta es "C:\Program Files\dotnet\packs\Microsoft.NETCore.App.Ref\10.0.3\ref\net10.0\System.Runtime.InteropServices.RuntimeInformation.dll".
             Se encontró una referencia en la ubicación de ruta de acceso de búsqueda "{RawFileName}".
             Esta referencia no es "CopyLocal" porque existe al menos un elemento de origen con "Private" establecido en "false" y ningún elemento de origen con "Private" establecido en "true".
         Referencia principal "System.Runtime.InteropServices, Version=10.0.0.0, Culture=neutral, PublicKeyToken=b03f5f7f11d50a3a".
             La ruta de acceso del archivo resuelta es "C:\Program Files\dotnet\packs\Microsoft.NETCore.App.Ref\10.0.3\ref\net10.0\System.Runtime.InteropServices.dll".
             Se encontró una referencia en la ubicación de ruta de acceso de búsqueda "{RawFileName}".
             Esta referencia no es "CopyLocal" porque existe al menos un elemento de origen con "Private" establecido en "false" y ningún elemento de origen con "Private" establecido en "true".
         Referencia principal "System.Runtime.Intrinsics, Version=10.0.0.0, Culture=neutral, PublicKeyToken=cc7b13ffcd2ddd51".
             La ruta de acceso del archivo resuelta es "C:\Program Files\dotnet\packs\Microsoft.NETCore.App.Ref\10.0.3\ref\net10.0\System.Runtime.Intrinsics.dll".
             Se encontró una referencia en la ubicación de ruta de acceso de búsqueda "{RawFileName}".
             Esta referencia no es "CopyLocal" porque existe al menos un elemento de origen con "Private" establecido en "false" y ningún elemento de origen con "Private" establecido en "true".
         Referencia principal "System.Runtime.Loader, Version=10.0.0.0, Culture=neutral, PublicKeyToken=b03f5f7f11d50a3a".
             La ruta de acceso del archivo resuelta es "C:\Program Files\dotnet\packs\Microsoft.NETCore.App.Ref\10.0.3\ref\net10.0\System.Runtime.Loader.dll".
             Se encontró una referencia en la ubicación de ruta de acceso de búsqueda "{RawFileName}".
             Esta referencia no es "CopyLocal" porque existe al menos un elemento de origen con "Private" establecido en "false" y ningún elemento de origen con "Private" establecido en "true".
         Referencia principal "System.Runtime.Numerics, Version=10.0.0.0, Culture=neutral, PublicKeyToken=b03f5f7f11d50a3a".
             La ruta de acceso del archivo resuelta es "C:\Program Files\dotnet\packs\Microsoft.NETCore.App.Ref\10.0.3\ref\net10.0\System.Runtime.Numerics.dll".
             Se encontró una referencia en la ubicación de ruta de acceso de búsqueda "{RawFileName}".
             Esta referencia no es "CopyLocal" porque existe al menos un elemento de origen con "Private" establecido en "false" y ningún elemento de origen con "Private" establecido en "true".
         Referencia principal "System.Runtime.Serialization.Formatters, Version=8.1.0.0, Culture=neutral, PublicKeyToken=b03f5f7f11d50a3a".
             La ruta de acceso del archivo resuelta es "C:\Program Files\dotnet\packs\Microsoft.NETCore.App.Ref\10.0.3\ref\net10.0\System.Runtime.Serialization.Formatters.dll".
             Se encontró una referencia en la ubicación de ruta de acceso de búsqueda "{RawFileName}".
             Esta referencia no es "CopyLocal" porque existe al menos un elemento de origen con "Private" establecido en "false" y ningún elemento de origen con "Private" establecido en "true".
         Referencia principal "System.Runtime.Serialization.Json, Version=10.0.0.0, Culture=neutral, PublicKeyToken=b03f5f7f11d50a3a".
             La ruta de acceso del archivo resuelta es "C:\Program Files\dotnet\packs\Microsoft.NETCore.App.Ref\10.0.3\ref\net10.0\System.Runtime.Serialization.Json.dll".
             Se encontró una referencia en la ubicación de ruta de acceso de búsqueda "{RawFileName}".
             Esta referencia no es "CopyLocal" porque existe al menos un elemento de origen con "Private" establecido en "false" y ningún elemento de origen con "Private" establecido en "true".
         Referencia principal "System.Runtime.Serialization.Primitives, Version=10.0.0.0, Culture=neutral, PublicKeyToken=b03f5f7f11d50a3a".
             La ruta de acceso del archivo resuelta es "C:\Program Files\dotnet\packs\Microsoft.NETCore.App.Ref\10.0.3\ref\net10.0\System.Runtime.Serialization.Primitives.dll".
             Se encontró una referencia en la ubicación de ruta de acceso de búsqueda "{RawFileName}".
             Esta referencia no es "CopyLocal" porque existe al menos un elemento de origen con "Private" establecido en "false" y ningún elemento de origen con "Private" establecido en "true".
         Referencia principal "System.Runtime.Serialization.Xml, Version=10.0.0.0, Culture=neutral, PublicKeyToken=b03f5f7f11d50a3a".
             La ruta de acceso del archivo resuelta es "C:\Program Files\dotnet\packs\Microsoft.NETCore.App.Ref\10.0.3\ref\net10.0\System.Runtime.Serialization.Xml.dll".
             Se encontró una referencia en la ubicación de ruta de acceso de búsqueda "{RawFileName}".
             Esta referencia no es "CopyLocal" porque existe al menos un elemento de origen con "Private" establecido en "false" y ningún elemento de origen con "Private" establecido en "true".
         Referencia principal "System.Runtime.Serialization, Version=4.0.0.0, Culture=neutral, PublicKeyToken=b77a5c561934e089".
             La ruta de acceso del archivo resuelta es "C:\Program Files\dotnet\packs\Microsoft.NETCore.App.Ref\10.0.3\ref\net10.0\System.Runtime.Serialization.dll".
             Se encontró una referencia en la ubicación de ruta de acceso de búsqueda "{RawFileName}".
             Esta referencia no es "CopyLocal" porque existe al menos un elemento de origen con "Private" establecido en "false" y ningún elemento de origen con "Private" establecido en "true".
         Referencia principal "System.Runtime, Version=10.0.0.0, Culture=neutral, PublicKeyToken=b03f5f7f11d50a3a".
             La ruta de acceso del archivo resuelta es "C:\Program Files\dotnet\packs\Microsoft.NETCore.App.Ref\10.0.3\ref\net10.0\System.Runtime.dll".
             Se encontró una referencia en la ubicación de ruta de acceso de búsqueda "{RawFileName}".
             Esta referencia no es "CopyLocal" porque existe al menos un elemento de origen con "Private" establecido en "false" y ningún elemento de origen con "Private" establecido en "true".
         Referencia principal "System.Security.AccessControl, Version=10.0.0.0, Culture=neutral, PublicKeyToken=b03f5f7f11d50a3a".
             La ruta de acceso del archivo resuelta es "C:\Program Files\dotnet\packs\Microsoft.NETCore.App.Ref\10.0.3\ref\net10.0\System.Security.AccessControl.dll".
             Se encontró una referencia en la ubicación de ruta de acceso de búsqueda "{RawFileName}".
             Esta referencia no es "CopyLocal" porque existe al menos un elemento de origen con "Private" establecido en "false" y ningún elemento de origen con "Private" establecido en "true".
         Referencia principal "System.Security.Claims, Version=10.0.0.0, Culture=neutral, PublicKeyToken=b03f5f7f11d50a3a".
             La ruta de acceso del archivo resuelta es "C:\Program Files\dotnet\packs\Microsoft.NETCore.App.Ref\10.0.3\ref\net10.0\System.Security.Claims.dll".
             Se encontró una referencia en la ubicación de ruta de acceso de búsqueda "{RawFileName}".
             Esta referencia no es "CopyLocal" porque existe al menos un elemento de origen con "Private" establecido en "false" y ningún elemento de origen con "Private" establecido en "true".
         Referencia principal "System.Security.Cryptography.Algorithms, Version=10.0.0.0, Culture=neutral, PublicKeyToken=b03f5f7f11d50a3a".
             La ruta de acceso del archivo resuelta es "C:\Program Files\dotnet\packs\Microsoft.NETCore.App.Ref\10.0.3\ref\net10.0\System.Security.Cryptography.Algorithms.dll".
             Se encontró una referencia en la ubicación de ruta de acceso de búsqueda "{RawFileName}".
             Esta referencia no es "CopyLocal" porque existe al menos un elemento de origen con "Private" establecido en "false" y ningún elemento de origen con "Private" establecido en "true".
         Referencia principal "System.Security.Cryptography.Cng, Version=10.0.0.0, Culture=neutral, PublicKeyToken=b03f5f7f11d50a3a".
             La ruta de acceso del archivo resuelta es "C:\Program Files\dotnet\packs\Microsoft.NETCore.App.Ref\10.0.3\ref\net10.0\System.Security.Cryptography.Cng.dll".
             Se encontró una referencia en la ubicación de ruta de acceso de búsqueda "{RawFileName}".
             Esta referencia no es "CopyLocal" porque existe al menos un elemento de origen con "Private" establecido en "false" y ningún elemento de origen con "Private" establecido en "true".
         Referencia principal "System.Security.Cryptography.Csp, Version=10.0.0.0, Culture=neutral, PublicKeyToken=b03f5f7f11d50a3a".
             La ruta de acceso del archivo resuelta es "C:\Program Files\dotnet\packs\Microsoft.NETCore.App.Ref\10.0.3\ref\net10.0\System.Security.Cryptography.Csp.dll".
             Se encontró una referencia en la ubicación de ruta de acceso de búsqueda "{RawFileName}".
             Esta referencia no es "CopyLocal" porque existe al menos un elemento de origen con "Private" establecido en "false" y ningún elemento de origen con "Private" establecido en "true".
         Referencia principal "System.Security.Cryptography.Encoding, Version=10.0.0.0, Culture=neutral, PublicKeyToken=b03f5f7f11d50a3a".
             La ruta de acceso del archivo resuelta es "C:\Program Files\dotnet\packs\Microsoft.NETCore.App.Ref\10.0.3\ref\net10.0\System.Security.Cryptography.Encoding.dll".
             Se encontró una referencia en la ubicación de ruta de acceso de búsqueda "{RawFileName}".
             Esta referencia no es "CopyLocal" porque existe al menos un elemento de origen con "Private" establecido en "false" y ningún elemento de origen con "Private" establecido en "true".
         Referencia principal "System.Security.Cryptography.OpenSsl, Version=10.0.0.0, Culture=neutral, PublicKeyToken=b03f5f7f11d50a3a".
             La ruta de acceso del archivo resuelta es "C:\Program Files\dotnet\packs\Microsoft.NETCore.App.Ref\10.0.3\ref\net10.0\System.Security.Cryptography.OpenSsl.dll".
             Se encontró una referencia en la ubicación de ruta de acceso de búsqueda "{RawFileName}".
             Esta referencia no es "CopyLocal" porque existe al menos un elemento de origen con "Private" establecido en "false" y ningún elemento de origen con "Private" establecido en "true".
         Referencia principal "System.Security.Cryptography.Primitives, Version=10.0.0.0, Culture=neutral, PublicKeyToken=b03f5f7f11d50a3a".
             La ruta de acceso del archivo resuelta es "C:\Program Files\dotnet\packs\Microsoft.NETCore.App.Ref\10.0.3\ref\net10.0\System.Security.Cryptography.Primitives.dll".
             Se encontró una referencia en la ubicación de ruta de acceso de búsqueda "{RawFileName}".
             Esta referencia no es "CopyLocal" porque existe al menos un elemento de origen con "Private" establecido en "false" y ningún elemento de origen con "Private" establecido en "true".
         Referencia principal "System.Security.Cryptography.X509Certificates, Version=10.0.0.0, Culture=neutral, PublicKeyToken=b03f5f7f11d50a3a".
             La ruta de acceso del archivo resuelta es "C:\Program Files\dotnet\packs\Microsoft.NETCore.App.Ref\10.0.3\ref\net10.0\System.Security.Cryptography.X509Certificates.dll".
             Se encontró una referencia en la ubicación de ruta de acceso de búsqueda "{RawFileName}".
             Esta referencia no es "CopyLocal" porque existe al menos un elemento de origen con "Private" establecido en "false" y ningún elemento de origen con "Private" establecido en "true".
         Referencia principal "System.Security.Cryptography, Version=10.0.0.0, Culture=neutral, PublicKeyToken=b03f5f7f11d50a3a".
             La ruta de acceso del archivo resuelta es "C:\Program Files\dotnet\packs\Microsoft.NETCore.App.Ref\10.0.3\ref\net10.0\System.Security.Cryptography.dll".
             Se encontró una referencia en la ubicación de ruta de acceso de búsqueda "{RawFileName}".
             Esta referencia no es "CopyLocal" porque existe al menos un elemento de origen con "Private" establecido en "false" y ningún elemento de origen con "Private" establecido en "true".
         Referencia principal "System.Security.Principal.Windows, Version=10.0.0.0, Culture=neutral, PublicKeyToken=b03f5f7f11d50a3a".
             La ruta de acceso del archivo resuelta es "C:\Program Files\dotnet\packs\Microsoft.NETCore.App.Ref\10.0.3\ref\net10.0\System.Security.Principal.Windows.dll".
             Se encontró una referencia en la ubicación de ruta de acceso de búsqueda "{RawFileName}".
             Esta referencia no es "CopyLocal" porque existe al menos un elemento de origen con "Private" establecido en "false" y ningún elemento de origen con "Private" establecido en "true".
         Referencia principal "System.Security.Principal, Version=10.0.0.0, Culture=neutral, PublicKeyToken=b03f5f7f11d50a3a".
             La ruta de acceso del archivo resuelta es "C:\Program Files\dotnet\packs\Microsoft.NETCore.App.Ref\10.0.3\ref\net10.0\System.Security.Principal.dll".
             Se encontró una referencia en la ubicación de ruta de acceso de búsqueda "{RawFileName}".
             Esta referencia no es "CopyLocal" porque existe al menos un elemento de origen con "Private" establecido en "false" y ningún elemento de origen con "Private" establecido en "true".
         Referencia principal "System.Security.SecureString, Version=10.0.0.0, Culture=neutral, PublicKeyToken=b03f5f7f11d50a3a".
             La ruta de acceso del archivo resuelta es "C:\Program Files\dotnet\packs\Microsoft.NETCore.App.Ref\10.0.3\ref\net10.0\System.Security.SecureString.dll".
             Se encontró una referencia en la ubicación de ruta de acceso de búsqueda "{RawFileName}".
             Esta referencia no es "CopyLocal" porque existe al menos un elemento de origen con "Private" establecido en "false" y ningún elemento de origen con "Private" establecido en "true".
         Referencia principal "System.Security, Version=4.0.0.0, Culture=neutral, PublicKeyToken=b03f5f7f11d50a3a".
             La ruta de acceso del archivo resuelta es "C:\Program Files\dotnet\packs\Microsoft.NETCore.App.Ref\10.0.3\ref\net10.0\System.Security.dll".
             Se encontró una referencia en la ubicación de ruta de acceso de búsqueda "{RawFileName}".
             Esta referencia no es "CopyLocal" porque existe al menos un elemento de origen con "Private" establecido en "false" y ningún elemento de origen con "Private" establecido en "true".
         Referencia principal "System.ServiceModel.Web, Version=4.0.0.0, Culture=neutral, PublicKeyToken=31bf3856ad364e35".
             La ruta de acceso del archivo resuelta es "C:\Program Files\dotnet\packs\Microsoft.NETCore.App.Ref\10.0.3\ref\net10.0\System.ServiceModel.Web.dll".
             Se encontró una referencia en la ubicación de ruta de acceso de búsqueda "{RawFileName}".
             Esta referencia no es "CopyLocal" porque existe al menos un elemento de origen con "Private" establecido en "false" y ningún elemento de origen con "Private" establecido en "true".
         Referencia principal "System.ServiceProcess, Version=4.0.0.0, Culture=neutral, PublicKeyToken=b03f5f7f11d50a3a".
             La ruta de acceso del archivo resuelta es "C:\Program Files\dotnet\packs\Microsoft.NETCore.App.Ref\10.0.3\ref\net10.0\System.ServiceProcess.dll".
             Se encontró una referencia en la ubicación de ruta de acceso de búsqueda "{RawFileName}".
             Esta referencia no es "CopyLocal" porque existe al menos un elemento de origen con "Private" establecido en "false" y ningún elemento de origen con "Private" establecido en "true".
         Referencia principal "System.Text.Encoding.CodePages, Version=10.0.0.0, Culture=neutral, PublicKeyToken=b03f5f7f11d50a3a".
             La ruta de acceso del archivo resuelta es "C:\Program Files\dotnet\packs\Microsoft.NETCore.App.Ref\10.0.3\ref\net10.0\System.Text.Encoding.CodePages.dll".
             Se encontró una referencia en la ubicación de ruta de acceso de búsqueda "{RawFileName}".
             Esta referencia no es "CopyLocal" porque existe al menos un elemento de origen con "Private" establecido en "false" y ningún elemento de origen con "Private" establecido en "true".
         Referencia principal "System.Text.Encoding.Extensions, Version=10.0.0.0, Culture=neutral, PublicKeyToken=b03f5f7f11d50a3a".
             La ruta de acceso del archivo resuelta es "C:\Program Files\dotnet\packs\Microsoft.NETCore.App.Ref\10.0.3\ref\net10.0\System.Text.Encoding.Extensions.dll".
             Se encontró una referencia en la ubicación de ruta de acceso de búsqueda "{RawFileName}".
             Esta referencia no es "CopyLocal" porque existe al menos un elemento de origen con "Private" establecido en "false" y ningún elemento de origen con "Private" establecido en "true".
         Referencia principal "System.Text.Encoding, Version=10.0.0.0, Culture=neutral, PublicKeyToken=b03f5f7f11d50a3a".
             La ruta de acceso del archivo resuelta es "C:\Program Files\dotnet\packs\Microsoft.NETCore.App.Ref\10.0.3\ref\net10.0\System.Text.Encoding.dll".
             Se encontró una referencia en la ubicación de ruta de acceso de búsqueda "{RawFileName}".
             Esta referencia no es "CopyLocal" porque existe al menos un elemento de origen con "Private" establecido en "false" y ningún elemento de origen con "Private" establecido en "true".
         Referencia principal "System.Text.Encodings.Web, Version=10.0.0.0, Culture=neutral, PublicKeyToken=cc7b13ffcd2ddd51".
             La ruta de acceso del archivo resuelta es "C:\Program Files\dotnet\packs\Microsoft.NETCore.App.Ref\10.0.3\ref\net10.0\System.Text.Encodings.Web.dll".
             Se encontró una referencia en la ubicación de ruta de acceso de búsqueda "{RawFileName}".
             Esta referencia no es "CopyLocal" porque existe al menos un elemento de origen con "Private" establecido en "false" y ningún elemento de origen con "Private" establecido en "true".
         Referencia principal "System.Text.Json, Version=10.0.0.0, Culture=neutral, PublicKeyToken=cc7b13ffcd2ddd51".
             La ruta de acceso del archivo resuelta es "C:\Program Files\dotnet\packs\Microsoft.NETCore.App.Ref\10.0.3\ref\net10.0\System.Text.Json.dll".
             Se encontró una referencia en la ubicación de ruta de acceso de búsqueda "{RawFileName}".
             Esta referencia no es "CopyLocal" porque existe al menos un elemento de origen con "Private" establecido en "false" y ningún elemento de origen con "Private" establecido en "true".
         Referencia principal "System.Text.RegularExpressions, Version=10.0.0.0, Culture=neutral, PublicKeyToken=b03f5f7f11d50a3a".
             La ruta de acceso del archivo resuelta es "C:\Program Files\dotnet\packs\Microsoft.NETCore.App.Ref\10.0.3\ref\net10.0\System.Text.RegularExpressions.dll".
             Se encontró una referencia en la ubicación de ruta de acceso de búsqueda "{RawFileName}".
             Esta referencia no es "CopyLocal" porque existe al menos un elemento de origen con "Private" establecido en "false" y ningún elemento de origen con "Private" establecido en "true".
         Referencia principal "System.Threading.AccessControl, Version=10.0.0.0, Culture=neutral, PublicKeyToken=b03f5f7f11d50a3a".
             La ruta de acceso del archivo resuelta es "C:\Program Files\dotnet\packs\Microsoft.NETCore.App.Ref\10.0.3\ref\net10.0\System.Threading.AccessControl.dll".
             Se encontró una referencia en la ubicación de ruta de acceso de búsqueda "{RawFileName}".
             Esta referencia no es "CopyLocal" porque existe al menos un elemento de origen con "Private" establecido en "false" y ningún elemento de origen con "Private" establecido en "true".
         Referencia principal "System.Threading.Channels, Version=10.0.0.0, Culture=neutral, PublicKeyToken=cc7b13ffcd2ddd51".
             La ruta de acceso del archivo resuelta es "C:\Program Files\dotnet\packs\Microsoft.NETCore.App.Ref\10.0.3\ref\net10.0\System.Threading.Channels.dll".
             Se encontró una referencia en la ubicación de ruta de acceso de búsqueda "{RawFileName}".
             Esta referencia no es "CopyLocal" porque existe al menos un elemento de origen con "Private" establecido en "false" y ningún elemento de origen con "Private" establecido en "true".
         Referencia principal "System.Threading.Overlapped, Version=10.0.0.0, Culture=neutral, PublicKeyToken=b03f5f7f11d50a3a".
             La ruta de acceso del archivo resuelta es "C:\Program Files\dotnet\packs\Microsoft.NETCore.App.Ref\10.0.3\ref\net10.0\System.Threading.Overlapped.dll".
             Se encontró una referencia en la ubicación de ruta de acceso de búsqueda "{RawFileName}".
             Esta referencia no es "CopyLocal" porque existe al menos un elemento de origen con "Private" establecido en "false" y ningún elemento de origen con "Private" establecido en "true".
         Referencia principal "System.Threading.Tasks.Dataflow, Version=10.0.0.0, Culture=neutral, PublicKeyToken=b03f5f7f11d50a3a".
             La ruta de acceso del archivo resuelta es "C:\Program Files\dotnet\packs\Microsoft.NETCore.App.Ref\10.0.3\ref\net10.0\System.Threading.Tasks.Dataflow.dll".
             Se encontró una referencia en la ubicación de ruta de acceso de búsqueda "{RawFileName}".
             Esta referencia no es "CopyLocal" porque existe al menos un elemento de origen con "Private" establecido en "false" y ningún elemento de origen con "Private" establecido en "true".
         Referencia principal "System.Threading.Tasks.Extensions, Version=10.0.0.0, Culture=neutral, PublicKeyToken=cc7b13ffcd2ddd51".
             La ruta de acceso del archivo resuelta es "C:\Program Files\dotnet\packs\Microsoft.NETCore.App.Ref\10.0.3\ref\net10.0\System.Threading.Tasks.Extensions.dll".
             Se encontró una referencia en la ubicación de ruta de acceso de búsqueda "{RawFileName}".
             Esta referencia no es "CopyLocal" porque existe al menos un elemento de origen con "Private" establecido en "false" y ningún elemento de origen con "Private" establecido en "true".
         Referencia principal "System.Threading.Tasks.Parallel, Version=10.0.0.0, Culture=neutral, PublicKeyToken=b03f5f7f11d50a3a".
             La ruta de acceso del archivo resuelta es "C:\Program Files\dotnet\packs\Microsoft.NETCore.App.Ref\10.0.3\ref\net10.0\System.Threading.Tasks.Parallel.dll".
             Se encontró una referencia en la ubicación de ruta de acceso de búsqueda "{RawFileName}".
             Esta referencia no es "CopyLocal" porque existe al menos un elemento de origen con "Private" establecido en "false" y ningún elemento de origen con "Private" establecido en "true".
         Referencia principal "System.Threading.Tasks, Version=10.0.0.0, Culture=neutral, PublicKeyToken=b03f5f7f11d50a3a".
             La ruta de acceso del archivo resuelta es "C:\Program Files\dotnet\packs\Microsoft.NETCore.App.Ref\10.0.3\ref\net10.0\System.Threading.Tasks.dll".
             Se encontró una referencia en la ubicación de ruta de acceso de búsqueda "{RawFileName}".
             Esta referencia no es "CopyLocal" porque existe al menos un elemento de origen con "Private" establecido en "false" y ningún elemento de origen con "Private" establecido en "true".
         Referencia principal "System.Threading.Thread, Version=10.0.0.0, Culture=neutral, PublicKeyToken=b03f5f7f11d50a3a".
             La ruta de acceso del archivo resuelta es "C:\Program Files\dotnet\packs\Microsoft.NETCore.App.Ref\10.0.3\ref\net10.0\System.Threading.Thread.dll".
             Se encontró una referencia en la ubicación de ruta de acceso de búsqueda "{RawFileName}".
             Esta referencia no es "CopyLocal" porque existe al menos un elemento de origen con "Private" establecido en "false" y ningún elemento de origen con "Private" establecido en "true".
         Referencia principal "System.Threading.ThreadPool, Version=10.0.0.0, Culture=neutral, PublicKeyToken=b03f5f7f11d50a3a".
             La ruta de acceso del archivo resuelta es "C:\Program Files\dotnet\packs\Microsoft.NETCore.App.Ref\10.0.3\ref\net10.0\System.Threading.ThreadPool.dll".
             Se encontró una referencia en la ubicación de ruta de acceso de búsqueda "{RawFileName}".
             Esta referencia no es "CopyLocal" porque existe al menos un elemento de origen con "Private" establecido en "false" y ningún elemento de origen con "Private" establecido en "true".
         Referencia principal "System.Threading.Timer, Version=10.0.0.0, Culture=neutral, PublicKeyToken=b03f5f7f11d50a3a".
             La ruta de acceso del archivo resuelta es "C:\Program Files\dotnet\packs\Microsoft.NETCore.App.Ref\10.0.3\ref\net10.0\System.Threading.Timer.dll".
             Se encontró una referencia en la ubicación de ruta de acceso de búsqueda "{RawFileName}".
             Esta referencia no es "CopyLocal" porque existe al menos un elemento de origen con "Private" establecido en "false" y ningún elemento de origen con "Private" establecido en "true".
         Referencia principal "System.Threading, Version=10.0.0.0, Culture=neutral, PublicKeyToken=b03f5f7f11d50a3a".
             La ruta de acceso del archivo resuelta es "C:\Program Files\dotnet\packs\Microsoft.NETCore.App.Ref\10.0.3\ref\net10.0\System.Threading.dll".
             Se encontró una referencia en la ubicación de ruta de acceso de búsqueda "{RawFileName}".
             Esta referencia no es "CopyLocal" porque existe al menos un elemento de origen con "Private" establecido en "false" y ningún elemento de origen con "Private" establecido en "true".
         Referencia principal "System.Transactions.Local, Version=10.0.0.0, Culture=neutral, PublicKeyToken=cc7b13ffcd2ddd51".
             La ruta de acceso del archivo resuelta es "C:\Program Files\dotnet\packs\Microsoft.NETCore.App.Ref\10.0.3\ref\net10.0\System.Transactions.Local.dll".
             Se encontró una referencia en la ubicación de ruta de acceso de búsqueda "{RawFileName}".
             Esta referencia no es "CopyLocal" porque existe al menos un elemento de origen con "Private" establecido en "false" y ningún elemento de origen con "Private" establecido en "true".
         Referencia principal "System.Transactions, Version=4.0.0.0, Culture=neutral, PublicKeyToken=b77a5c561934e089".
             La ruta de acceso del archivo resuelta es "C:\Program Files\dotnet\packs\Microsoft.NETCore.App.Ref\10.0.3\ref\net10.0\System.Transactions.dll".
             Se encontró una referencia en la ubicación de ruta de acceso de búsqueda "{RawFileName}".
             Esta referencia no es "CopyLocal" porque existe al menos un elemento de origen con "Private" establecido en "false" y ningún elemento de origen con "Private" establecido en "true".
         Referencia principal "System.ValueTuple, Version=10.0.0.0, Culture=neutral, PublicKeyToken=cc7b13ffcd2ddd51".
             La ruta de acceso del archivo resuelta es "C:\Program Files\dotnet\packs\Microsoft.NETCore.App.Ref\10.0.3\ref\net10.0\System.ValueTuple.dll".
             Se encontró una referencia en la ubicación de ruta de acceso de búsqueda "{RawFileName}".
             Esta referencia no es "CopyLocal" porque existe al menos un elemento de origen con "Private" establecido en "false" y ningún elemento de origen con "Private" establecido en "true".
         Referencia principal "System.Web.HttpUtility, Version=10.0.0.0, Culture=neutral, PublicKeyToken=cc7b13ffcd2ddd51".
             La ruta de acceso del archivo resuelta es "C:\Program Files\dotnet\packs\Microsoft.NETCore.App.Ref\10.0.3\ref\net10.0\System.Web.HttpUtility.dll".
             Se encontró una referencia en la ubicación de ruta de acceso de búsqueda "{RawFileName}".
             Esta referencia no es "CopyLocal" porque existe al menos un elemento de origen con "Private" establecido en "false" y ningún elemento de origen con "Private" establecido en "true".
         Referencia principal "System.Web, Version=4.0.0.0, Culture=neutral, PublicKeyToken=b03f5f7f11d50a3a".
             La ruta de acceso del archivo resuelta es "C:\Program Files\dotnet\packs\Microsoft.NETCore.App.Ref\10.0.3\ref\net10.0\System.Web.dll".
             Se encontró una referencia en la ubicación de ruta de acceso de búsqueda "{RawFileName}".
             Esta referencia no es "CopyLocal" porque existe al menos un elemento de origen con "Private" establecido en "false" y ningún elemento de origen con "Private" establecido en "true".
         Referencia principal "System.Windows, Version=4.0.0.0, Culture=neutral, PublicKeyToken=b03f5f7f11d50a3a".
             La ruta de acceso del archivo resuelta es "C:\Program Files\dotnet\packs\Microsoft.NETCore.App.Ref\10.0.3\ref\net10.0\System.Windows.dll".
             Se encontró una referencia en la ubicación de ruta de acceso de búsqueda "{RawFileName}".
             Esta referencia no es "CopyLocal" porque existe al menos un elemento de origen con "Private" establecido en "false" y ningún elemento de origen con "Private" establecido en "true".
         Referencia principal "System.Xml.Linq, Version=4.0.0.0, Culture=neutral, PublicKeyToken=b77a5c561934e089".
             La ruta de acceso del archivo resuelta es "C:\Program Files\dotnet\packs\Microsoft.NETCore.App.Ref\10.0.3\ref\net10.0\System.Xml.Linq.dll".
             Se encontró una referencia en la ubicación de ruta de acceso de búsqueda "{RawFileName}".
             Esta referencia no es "CopyLocal" porque existe al menos un elemento de origen con "Private" establecido en "false" y ningún elemento de origen con "Private" establecido en "true".
         Referencia principal "System.Xml.ReaderWriter, Version=10.0.0.0, Culture=neutral, PublicKeyToken=b03f5f7f11d50a3a".
             La ruta de acceso del archivo resuelta es "C:\Program Files\dotnet\packs\Microsoft.NETCore.App.Ref\10.0.3\ref\net10.0\System.Xml.ReaderWriter.dll".
             Se encontró una referencia en la ubicación de ruta de acceso de búsqueda "{RawFileName}".
             Esta referencia no es "CopyLocal" porque existe al menos un elemento de origen con "Private" establecido en "false" y ningún elemento de origen con "Private" establecido en "true".
         Referencia principal "System.Xml.Serialization, Version=4.0.0.0, Culture=neutral, PublicKeyToken=b77a5c561934e089".
             La ruta de acceso del archivo resuelta es "C:\Program Files\dotnet\packs\Microsoft.NETCore.App.Ref\10.0.3\ref\net10.0\System.Xml.Serialization.dll".
             Se encontró una referencia en la ubicación de ruta de acceso de búsqueda "{RawFileName}".
             Esta referencia no es "CopyLocal" porque existe al menos un elemento de origen con "Private" establecido en "false" y ningún elemento de origen con "Private" establecido en "true".
         Referencia principal "System.Xml.XDocument, Version=10.0.0.0, Culture=neutral, PublicKeyToken=b03f5f7f11d50a3a".
             La ruta de acceso del archivo resuelta es "C:\Program Files\dotnet\packs\Microsoft.NETCore.App.Ref\10.0.3\ref\net10.0\System.Xml.XDocument.dll".
             Se encontró una referencia en la ubicación de ruta de acceso de búsqueda "{RawFileName}".
             Esta referencia no es "CopyLocal" porque existe al menos un elemento de origen con "Private" establecido en "false" y ningún elemento de origen con "Private" establecido en "true".
         Referencia principal "System.Xml.XPath.XDocument, Version=10.0.0.0, Culture=neutral, PublicKeyToken=b03f5f7f11d50a3a".
             La ruta de acceso del archivo resuelta es "C:\Program Files\dotnet\packs\Microsoft.NETCore.App.Ref\10.0.3\ref\net10.0\System.Xml.XPath.XDocument.dll".
             Se encontró una referencia en la ubicación de ruta de acceso de búsqueda "{RawFileName}".
             Esta referencia no es "CopyLocal" porque existe al menos un elemento de origen con "Private" establecido en "false" y ningún elemento de origen con "Private" establecido en "true".
         Referencia principal "System.Xml.XPath, Version=10.0.0.0, Culture=neutral, PublicKeyToken=b03f5f7f11d50a3a".
             La ruta de acceso del archivo resuelta es "C:\Program Files\dotnet\packs\Microsoft.NETCore.App.Ref\10.0.3\ref\net10.0\System.Xml.XPath.dll".
             Se encontró una referencia en la ubicación de ruta de acceso de búsqueda "{RawFileName}".
             Esta referencia no es "CopyLocal" porque existe al menos un elemento de origen con "Private" establecido en "false" y ningún elemento de origen con "Private" establecido en "true".
         Referencia principal "System.Xml.XmlDocument, Version=10.0.0.0, Culture=neutral, PublicKeyToken=b03f5f7f11d50a3a".
             La ruta de acceso del archivo resuelta es "C:\Program Files\dotnet\packs\Microsoft.NETCore.App.Ref\10.0.3\ref\net10.0\System.Xml.XmlDocument.dll".
             Se encontró una referencia en la ubicación de ruta de acceso de búsqueda "{RawFileName}".
             Esta referencia no es "CopyLocal" porque existe al menos un elemento de origen con "Private" establecido en "false" y ningún elemento de origen con "Private" establecido en "true".
         Referencia principal "System.Xml.XmlSerializer, Version=10.0.0.0, Culture=neutral, PublicKeyToken=b03f5f7f11d50a3a".
             La ruta de acceso del archivo resuelta es "C:\Program Files\dotnet\packs\Microsoft.NETCore.App.Ref\10.0.3\ref\net10.0\System.Xml.XmlSerializer.dll".
             Se encontró una referencia en la ubicación de ruta de acceso de búsqueda "{RawFileName}".
             Esta referencia no es "CopyLocal" porque existe al menos un elemento de origen con "Private" establecido en "false" y ningún elemento de origen con "Private" establecido en "true".
         Referencia principal "System.Xml, Version=4.0.0.0, Culture=neutral, PublicKeyToken=b77a5c561934e089".
             La ruta de acceso del archivo resuelta es "C:\Program Files\dotnet\packs\Microsoft.NETCore.App.Ref\10.0.3\ref\net10.0\System.Xml.dll".
             Se encontró una referencia en la ubicación de ruta de acceso de búsqueda "{RawFileName}".
             Esta referencia no es "CopyLocal" porque existe al menos un elemento de origen con "Private" establecido en "false" y ningún elemento de origen con "Private" establecido en "true".
         Referencia principal "System, Version=4.0.0.0, Culture=neutral, PublicKeyToken=b77a5c561934e089".
             La ruta de acceso del archivo resuelta es "C:\Program Files\dotnet\packs\Microsoft.NETCore.App.Ref\10.0.3\ref\net10.0\System.dll".
             Se encontró una referencia en la ubicación de ruta de acceso de búsqueda "{RawFileName}".
             Esta referencia no es "CopyLocal" porque existe al menos un elemento de origen con "Private" establecido en "false" y ningún elemento de origen con "Private" establecido en "true".
         Referencia principal "WindowsBase, Version=4.0.0.0, Culture=neutral, PublicKeyToken=31bf3856ad364e35".
             La ruta de acceso del archivo resuelta es "C:\Program Files\dotnet\packs\Microsoft.NETCore.App.Ref\10.0.3\ref\net10.0\WindowsBase.dll".
             Se encontró una referencia en la ubicación de ruta de acceso de búsqueda "{RawFileName}".
             Esta referencia no es "CopyLocal" porque existe al menos un elemento de origen con "Private" establecido en "false" y ningún elemento de origen con "Private" establecido en "true".
         Referencia principal "mscorlib, Version=4.0.0.0, Culture=neutral, PublicKeyToken=b77a5c561934e089".
             La ruta de acceso del archivo resuelta es "C:\Program Files\dotnet\packs\Microsoft.NETCore.App.Ref\10.0.3\ref\net10.0\mscorlib.dll".
             Se encontró una referencia en la ubicación de ruta de acceso de búsqueda "{RawFileName}".
             Esta referencia no es "CopyLocal" porque existe al menos un elemento de origen con "Private" establecido en "false" y ningún elemento de origen con "Private" establecido en "true".
         Referencia principal "netstandard, Version=2.1.0.0, Culture=neutral, PublicKeyToken=cc7b13ffcd2ddd51".
             La ruta de acceso del archivo resuelta es "C:\Program Files\dotnet\packs\Microsoft.NETCore.App.Ref\10.0.3\ref\net10.0\netstandard.dll".
             Se encontró una referencia en la ubicación de ruta de acceso de búsqueda "{RawFileName}".
             Esta referencia no es "CopyLocal" porque existe al menos un elemento de origen con "Private" establecido en "false" y ningún elemento de origen con "Private" establecido en "true".
         Referencia principal "Microsoft.AspNetCore.Antiforgery, Version=10.0.0.0, Culture=neutral, PublicKeyToken=adb9793829ddae60".
             La ruta de acceso del archivo resuelta es "C:\Program Files\dotnet\packs\Microsoft.AspNetCore.App.Ref\10.0.3\ref\net10.0\Microsoft.AspNetCore.Antiforgery.dll".
             Se encontró una referencia en la ubicación de ruta de acceso de búsqueda "{RawFileName}".
             Esta referencia no es "CopyLocal" porque existe al menos un elemento de origen con "Private" establecido en "false" y ningún elemento de origen con "Private" establecido en "true".
         Referencia principal "Microsoft.AspNetCore.Authentication.Abstractions, Version=10.0.0.0, Culture=neutral, PublicKeyToken=adb9793829ddae60".
             La ruta de acceso del archivo resuelta es "C:\Program Files\dotnet\packs\Microsoft.AspNetCore.App.Ref\10.0.3\ref\net10.0\Microsoft.AspNetCore.Authentication.Abstractions.dll".
             Se encontró una referencia en la ubicación de ruta de acceso de búsqueda "{RawFileName}".
             Esta referencia no es "CopyLocal" porque existe al menos un elemento de origen con "Private" establecido en "false" y ningún elemento de origen con "Private" establecido en "true".
         Referencia principal "Microsoft.AspNetCore.Authentication.BearerToken, Version=10.0.0.0, Culture=neutral, PublicKeyToken=adb9793829ddae60".
             La ruta de acceso del archivo resuelta es "C:\Program Files\dotnet\packs\Microsoft.AspNetCore.App.Ref\10.0.3\ref\net10.0\Microsoft.AspNetCore.Authentication.BearerToken.dll".
             Se encontró una referencia en la ubicación de ruta de acceso de búsqueda "{RawFileName}".
             Esta referencia no es "CopyLocal" porque existe al menos un elemento de origen con "Private" establecido en "false" y ningún elemento de origen con "Private" establecido en "true".
         Referencia principal "Microsoft.AspNetCore.Authentication.Cookies, Version=10.0.0.0, Culture=neutral, PublicKeyToken=adb9793829ddae60".
             La ruta de acceso del archivo resuelta es "C:\Program Files\dotnet\packs\Microsoft.AspNetCore.App.Ref\10.0.3\ref\net10.0\Microsoft.AspNetCore.Authentication.Cookies.dll".
             Se encontró una referencia en la ubicación de ruta de acceso de búsqueda "{RawFileName}".
             Esta referencia no es "CopyLocal" porque existe al menos un elemento de origen con "Private" establecido en "false" y ningún elemento de origen con "Private" establecido en "true".
         Referencia principal "Microsoft.AspNetCore.Authentication.Core, Version=10.0.0.0, Culture=neutral, PublicKeyToken=adb9793829ddae60".
             La ruta de acceso del archivo resuelta es "C:\Program Files\dotnet\packs\Microsoft.AspNetCore.App.Ref\10.0.3\ref\net10.0\Microsoft.AspNetCore.Authentication.Core.dll".
             Se encontró una referencia en la ubicación de ruta de acceso de búsqueda "{RawFileName}".
             Esta referencia no es "CopyLocal" porque existe al menos un elemento de origen con "Private" establecido en "false" y ningún elemento de origen con "Private" establecido en "true".
         Referencia principal "Microsoft.AspNetCore.Authentication.OAuth, Version=10.0.0.0, Culture=neutral, PublicKeyToken=adb9793829ddae60".
             La ruta de acceso del archivo resuelta es "C:\Program Files\dotnet\packs\Microsoft.AspNetCore.App.Ref\10.0.3\ref\net10.0\Microsoft.AspNetCore.Authentication.OAuth.dll".
             Se encontró una referencia en la ubicación de ruta de acceso de búsqueda "{RawFileName}".
             Esta referencia no es "CopyLocal" porque existe al menos un elemento de origen con "Private" establecido en "false" y ningún elemento de origen con "Private" establecido en "true".
         Referencia principal "Microsoft.AspNetCore.Authentication, Version=10.0.0.0, Culture=neutral, PublicKeyToken=adb9793829ddae60".
             La ruta de acceso del archivo resuelta es "C:\Program Files\dotnet\packs\Microsoft.AspNetCore.App.Ref\10.0.3\ref\net10.0\Microsoft.AspNetCore.Authentication.dll".
             Se encontró una referencia en la ubicación de ruta de acceso de búsqueda "{RawFileName}".
             Esta referencia no es "CopyLocal" porque existe al menos un elemento de origen con "Private" establecido en "false" y ningún elemento de origen con "Private" establecido en "true".
         Referencia principal "Microsoft.AspNetCore.Authorization.Policy, Version=10.0.0.0, Culture=neutral, PublicKeyToken=adb9793829ddae60".
             La ruta de acceso del archivo resuelta es "C:\Program Files\dotnet\packs\Microsoft.AspNetCore.App.Ref\10.0.3\ref\net10.0\Microsoft.AspNetCore.Authorization.Policy.dll".
             Se encontró una referencia en la ubicación de ruta de acceso de búsqueda "{RawFileName}".
             Esta referencia no es "CopyLocal" porque existe al menos un elemento de origen con "Private" establecido en "false" y ningún elemento de origen con "Private" establecido en "true".
         Referencia principal "Microsoft.AspNetCore.Authorization, Version=10.0.0.0, Culture=neutral, PublicKeyToken=adb9793829ddae60".
             La ruta de acceso del archivo resuelta es "C:\Program Files\dotnet\packs\Microsoft.AspNetCore.App.Ref\10.0.3\ref\net10.0\Microsoft.AspNetCore.Authorization.dll".
             Se encontró una referencia en la ubicación de ruta de acceso de búsqueda "{RawFileName}".
             Esta referencia no es "CopyLocal" porque existe al menos un elemento de origen con "Private" establecido en "false" y ningún elemento de origen con "Private" establecido en "true".
         Referencia principal "Microsoft.AspNetCore.Components.Authorization, Version=10.0.0.0, Culture=neutral, PublicKeyToken=adb9793829ddae60".
             La ruta de acceso del archivo resuelta es "C:\Program Files\dotnet\packs\Microsoft.AspNetCore.App.Ref\10.0.3\ref\net10.0\Microsoft.AspNetCore.Components.Authorization.dll".
             Se encontró una referencia en la ubicación de ruta de acceso de búsqueda "{RawFileName}".
             Esta referencia no es "CopyLocal" porque existe al menos un elemento de origen con "Private" establecido en "false" y ningún elemento de origen con "Private" establecido en "true".
         Referencia principal "Microsoft.AspNetCore.Components.Endpoints, Version=10.0.0.0, Culture=neutral, PublicKeyToken=adb9793829ddae60".
             La ruta de acceso del archivo resuelta es "C:\Program Files\dotnet\packs\Microsoft.AspNetCore.App.Ref\10.0.3\ref\net10.0\Microsoft.AspNetCore.Components.Endpoints.dll".
             Se encontró una referencia en la ubicación de ruta de acceso de búsqueda "{RawFileName}".
             Esta referencia no es "CopyLocal" porque existe al menos un elemento de origen con "Private" establecido en "false" y ningún elemento de origen con "Private" establecido en "true".
         Referencia principal "Microsoft.AspNetCore.Components.Forms, Version=10.0.0.0, Culture=neutral, PublicKeyToken=adb9793829ddae60".
             La ruta de acceso del archivo resuelta es "C:\Program Files\dotnet\packs\Microsoft.AspNetCore.App.Ref\10.0.3\ref\net10.0\Microsoft.AspNetCore.Components.Forms.dll".
             Se encontró una referencia en la ubicación de ruta de acceso de búsqueda "{RawFileName}".
             Esta referencia no es "CopyLocal" porque existe al menos un elemento de origen con "Private" establecido en "false" y ningún elemento de origen con "Private" establecido en "true".
         Referencia principal "Microsoft.AspNetCore.Components.Server, Version=10.0.0.0, Culture=neutral, PublicKeyToken=adb9793829ddae60".
             La ruta de acceso del archivo resuelta es "C:\Program Files\dotnet\packs\Microsoft.AspNetCore.App.Ref\10.0.3\ref\net10.0\Microsoft.AspNetCore.Components.Server.dll".
             Se encontró una referencia en la ubicación de ruta de acceso de búsqueda "{RawFileName}".
             Esta referencia no es "CopyLocal" porque existe al menos un elemento de origen con "Private" establecido en "false" y ningún elemento de origen con "Private" establecido en "true".
         Referencia principal "Microsoft.AspNetCore.Components.Web, Version=10.0.0.0, Culture=neutral, PublicKeyToken=adb9793829ddae60".
             La ruta de acceso del archivo resuelta es "C:\Program Files\dotnet\packs\Microsoft.AspNetCore.App.Ref\10.0.3\ref\net10.0\Microsoft.AspNetCore.Components.Web.dll".
             Se encontró una referencia en la ubicación de ruta de acceso de búsqueda "{RawFileName}".
             Esta referencia no es "CopyLocal" porque existe al menos un elemento de origen con "Private" establecido en "false" y ningún elemento de origen con "Private" establecido en "true".
         Referencia principal "Microsoft.AspNetCore.Components, Version=10.0.0.0, Culture=neutral, PublicKeyToken=adb9793829ddae60".
             La ruta de acceso del archivo resuelta es "C:\Program Files\dotnet\packs\Microsoft.AspNetCore.App.Ref\10.0.3\ref\net10.0\Microsoft.AspNetCore.Components.dll".
             Se encontró una referencia en la ubicación de ruta de acceso de búsqueda "{RawFileName}".
             Esta referencia no es "CopyLocal" porque existe al menos un elemento de origen con "Private" establecido en "false" y ningún elemento de origen con "Private" establecido en "true".
         Referencia principal "Microsoft.AspNetCore.Connections.Abstractions, Version=10.0.0.0, Culture=neutral, PublicKeyToken=adb9793829ddae60".
             La ruta de acceso del archivo resuelta es "C:\Program Files\dotnet\packs\Microsoft.AspNetCore.App.Ref\10.0.3\ref\net10.0\Microsoft.AspNetCore.Connections.Abstractions.dll".
             Se encontró una referencia en la ubicación de ruta de acceso de búsqueda "{RawFileName}".
             Esta referencia no es "CopyLocal" porque existe al menos un elemento de origen con "Private" establecido en "false" y ningún elemento de origen con "Private" establecido en "true".
         Referencia principal "Microsoft.AspNetCore.CookiePolicy, Version=10.0.0.0, Culture=neutral, PublicKeyToken=adb9793829ddae60".
             La ruta de acceso del archivo resuelta es "C:\Program Files\dotnet\packs\Microsoft.AspNetCore.App.Ref\10.0.3\ref\net10.0\Microsoft.AspNetCore.CookiePolicy.dll".
             Se encontró una referencia en la ubicación de ruta de acceso de búsqueda "{RawFileName}".
             Esta referencia no es "CopyLocal" porque existe al menos un elemento de origen con "Private" establecido en "false" y ningún elemento de origen con "Private" establecido en "true".
         Referencia principal "Microsoft.AspNetCore.Cors, Version=10.0.0.0, Culture=neutral, PublicKeyToken=adb9793829ddae60".
             La ruta de acceso del archivo resuelta es "C:\Program Files\dotnet\packs\Microsoft.AspNetCore.App.Ref\10.0.3\ref\net10.0\Microsoft.AspNetCore.Cors.dll".
             Se encontró una referencia en la ubicación de ruta de acceso de búsqueda "{RawFileName}".
             Esta referencia no es "CopyLocal" porque existe al menos un elemento de origen con "Private" establecido en "false" y ningún elemento de origen con "Private" establecido en "true".
         Referencia principal "Microsoft.AspNetCore.Cryptography.Internal, Version=10.0.0.0, Culture=neutral, PublicKeyToken=adb9793829ddae60".
             La ruta de acceso del archivo resuelta es "C:\Program Files\dotnet\packs\Microsoft.AspNetCore.App.Ref\10.0.3\ref\net10.0\Microsoft.AspNetCore.Cryptography.Internal.dll".
             Se encontró una referencia en la ubicación de ruta de acceso de búsqueda "{RawFileName}".
             Esta referencia no es "CopyLocal" porque existe al menos un elemento de origen con "Private" establecido en "false" y ningún elemento de origen con "Private" establecido en "true".
         Referencia principal "Microsoft.AspNetCore.Cryptography.KeyDerivation, Version=10.0.0.0, Culture=neutral, PublicKeyToken=adb9793829ddae60".
             La ruta de acceso del archivo resuelta es "C:\Program Files\dotnet\packs\Microsoft.AspNetCore.App.Ref\10.0.3\ref\net10.0\Microsoft.AspNetCore.Cryptography.KeyDerivation.dll".
             Se encontró una referencia en la ubicación de ruta de acceso de búsqueda "{RawFileName}".
             Esta referencia no es "CopyLocal" porque existe al menos un elemento de origen con "Private" establecido en "false" y ningún elemento de origen con "Private" establecido en "true".
         Referencia principal "Microsoft.AspNetCore.DataProtection.Abstractions, Version=10.0.0.0, Culture=neutral, PublicKeyToken=adb9793829ddae60".
             La ruta de acceso del archivo resuelta es "C:\Program Files\dotnet\packs\Microsoft.AspNetCore.App.Ref\10.0.3\ref\net10.0\Microsoft.AspNetCore.DataProtection.Abstractions.dll".
             Se encontró una referencia en la ubicación de ruta de acceso de búsqueda "{RawFileName}".
             Esta referencia no es "CopyLocal" porque existe al menos un elemento de origen con "Private" establecido en "false" y ningún elemento de origen con "Private" establecido en "true".
         Referencia principal "Microsoft.AspNetCore.DataProtection.Extensions, Version=10.0.0.0, Culture=neutral, PublicKeyToken=adb9793829ddae60".
             La ruta de acceso del archivo resuelta es "C:\Program Files\dotnet\packs\Microsoft.AspNetCore.App.Ref\10.0.3\ref\net10.0\Microsoft.AspNetCore.DataProtection.Extensions.dll".
             Se encontró una referencia en la ubicación de ruta de acceso de búsqueda "{RawFileName}".
             Esta referencia no es "CopyLocal" porque existe al menos un elemento de origen con "Private" establecido en "false" y ningún elemento de origen con "Private" establecido en "true".
         Referencia principal "Microsoft.AspNetCore.DataProtection, Version=10.0.0.0, Culture=neutral, PublicKeyToken=adb9793829ddae60".
             La ruta de acceso del archivo resuelta es "C:\Program Files\dotnet\packs\Microsoft.AspNetCore.App.Ref\10.0.3\ref\net10.0\Microsoft.AspNetCore.DataProtection.dll".
             Se encontró una referencia en la ubicación de ruta de acceso de búsqueda "{RawFileName}".
             Esta referencia no es "CopyLocal" porque existe al menos un elemento de origen con "Private" establecido en "false" y ningún elemento de origen con "Private" establecido en "true".
         Referencia principal "Microsoft.AspNetCore.Diagnostics.Abstractions, Version=10.0.0.0, Culture=neutral, PublicKeyToken=adb9793829ddae60".
             La ruta de acceso del archivo resuelta es "C:\Program Files\dotnet\packs\Microsoft.AspNetCore.App.Ref\10.0.3\ref\net10.0\Microsoft.AspNetCore.Diagnostics.Abstractions.dll".
             Se encontró una referencia en la ubicación de ruta de acceso de búsqueda "{RawFileName}".
             Esta referencia no es "CopyLocal" porque existe al menos un elemento de origen con "Private" establecido en "false" y ningún elemento de origen con "Private" establecido en "true".
         Referencia principal "Microsoft.AspNetCore.Diagnostics.HealthChecks, Version=10.0.0.0, Culture=neutral, PublicKeyToken=adb9793829ddae60".
             La ruta de acceso del archivo resuelta es "C:\Program Files\dotnet\packs\Microsoft.AspNetCore.App.Ref\10.0.3\ref\net10.0\Microsoft.AspNetCore.Diagnostics.HealthChecks.dll".
             Se encontró una referencia en la ubicación de ruta de acceso de búsqueda "{RawFileName}".
             Esta referencia no es "CopyLocal" porque existe al menos un elemento de origen con "Private" establecido en "false" y ningún elemento de origen con "Private" establecido en "true".
         Referencia principal "Microsoft.AspNetCore.Diagnostics, Version=10.0.0.0, Culture=neutral, PublicKeyToken=adb9793829ddae60".
             La ruta de acceso del archivo resuelta es "C:\Program Files\dotnet\packs\Microsoft.AspNetCore.App.Ref\10.0.3\ref\net10.0\Microsoft.AspNetCore.Diagnostics.dll".
             Se encontró una referencia en la ubicación de ruta de acceso de búsqueda "{RawFileName}".
             Esta referencia no es "CopyLocal" porque existe al menos un elemento de origen con "Private" establecido en "false" y ningún elemento de origen con "Private" establecido en "true".
         Referencia principal "Microsoft.AspNetCore.HostFiltering, Version=10.0.0.0, Culture=neutral, PublicKeyToken=adb9793829ddae60".
             La ruta de acceso del archivo resuelta es "C:\Program Files\dotnet\packs\Microsoft.AspNetCore.App.Ref\10.0.3\ref\net10.0\Microsoft.AspNetCore.HostFiltering.dll".
             Se encontró una referencia en la ubicación de ruta de acceso de búsqueda "{RawFileName}".
             Esta referencia no es "CopyLocal" porque existe al menos un elemento de origen con "Private" establecido en "false" y ningún elemento de origen con "Private" establecido en "true".
         Referencia principal "Microsoft.AspNetCore.Hosting.Abstractions, Version=10.0.0.0, Culture=neutral, PublicKeyToken=adb9793829ddae60".
             La ruta de acceso del archivo resuelta es "C:\Program Files\dotnet\packs\Microsoft.AspNetCore.App.Ref\10.0.3\ref\net10.0\Microsoft.AspNetCore.Hosting.Abstractions.dll".
             Se encontró una referencia en la ubicación de ruta de acceso de búsqueda "{RawFileName}".
             Esta referencia no es "CopyLocal" porque existe al menos un elemento de origen con "Private" establecido en "false" y ningún elemento de origen con "Private" establecido en "true".
         Referencia principal "Microsoft.AspNetCore.Hosting.Server.Abstractions, Version=10.0.0.0, Culture=neutral, PublicKeyToken=adb9793829ddae60".
             La ruta de acceso del archivo resuelta es "C:\Program Files\dotnet\packs\Microsoft.AspNetCore.App.Ref\10.0.3\ref\net10.0\Microsoft.AspNetCore.Hosting.Server.Abstractions.dll".
             Se encontró una referencia en la ubicación de ruta de acceso de búsqueda "{RawFileName}".
             Esta referencia no es "CopyLocal" porque existe al menos un elemento de origen con "Private" establecido en "false" y ningún elemento de origen con "Private" establecido en "true".
         Referencia principal "Microsoft.AspNetCore.Hosting, Version=10.0.0.0, Culture=neutral, PublicKeyToken=adb9793829ddae60".
             La ruta de acceso del archivo resuelta es "C:\Program Files\dotnet\packs\Microsoft.AspNetCore.App.Ref\10.0.3\ref\net10.0\Microsoft.AspNetCore.Hosting.dll".
             Se encontró una referencia en la ubicación de ruta de acceso de búsqueda "{RawFileName}".
             Esta referencia no es "CopyLocal" porque existe al menos un elemento de origen con "Private" establecido en "false" y ningún elemento de origen con "Private" establecido en "true".
         Referencia principal "Microsoft.AspNetCore.Html.Abstractions, Version=10.0.0.0, Culture=neutral, PublicKeyToken=adb9793829ddae60".
             La ruta de acceso del archivo resuelta es "C:\Program Files\dotnet\packs\Microsoft.AspNetCore.App.Ref\10.0.3\ref\net10.0\Microsoft.AspNetCore.Html.Abstractions.dll".
             Se encontró una referencia en la ubicación de ruta de acceso de búsqueda "{RawFileName}".
             Esta referencia no es "CopyLocal" porque existe al menos un elemento de origen con "Private" establecido en "false" y ningún elemento de origen con "Private" establecido en "true".
         Referencia principal "Microsoft.AspNetCore.Http.Abstractions, Version=10.0.0.0, Culture=neutral, PublicKeyToken=adb9793829ddae60".
             La ruta de acceso del archivo resuelta es "C:\Program Files\dotnet\packs\Microsoft.AspNetCore.App.Ref\10.0.3\ref\net10.0\Microsoft.AspNetCore.Http.Abstractions.dll".
             Se encontró una referencia en la ubicación de ruta de acceso de búsqueda "{RawFileName}".
             Esta referencia no es "CopyLocal" porque existe al menos un elemento de origen con "Private" establecido en "false" y ningún elemento de origen con "Private" establecido en "true".
         Referencia principal "Microsoft.AspNetCore.Http.Connections.Common, Version=10.0.0.0, Culture=neutral, PublicKeyToken=adb9793829ddae60".
             La ruta de acceso del archivo resuelta es "C:\Program Files\dotnet\packs\Microsoft.AspNetCore.App.Ref\10.0.3\ref\net10.0\Microsoft.AspNetCore.Http.Connections.Common.dll".
             Se encontró una referencia en la ubicación de ruta de acceso de búsqueda "{RawFileName}".
             Esta referencia no es "CopyLocal" porque existe al menos un elemento de origen con "Private" establecido en "false" y ningún elemento de origen con "Private" establecido en "true".
         Referencia principal "Microsoft.AspNetCore.Http.Connections, Version=10.0.0.0, Culture=neutral, PublicKeyToken=adb9793829ddae60".
             La ruta de acceso del archivo resuelta es "C:\Program Files\dotnet\packs\Microsoft.AspNetCore.App.Ref\10.0.3\ref\net10.0\Microsoft.AspNetCore.Http.Connections.dll".
             Se encontró una referencia en la ubicación de ruta de acceso de búsqueda "{RawFileName}".
             Esta referencia no es "CopyLocal" porque existe al menos un elemento de origen con "Private" establecido en "false" y ningún elemento de origen con "Private" establecido en "true".
         Referencia principal "Microsoft.AspNetCore.Http.Extensions, Version=10.0.0.0, Culture=neutral, PublicKeyToken=adb9793829ddae60".
             La ruta de acceso del archivo resuelta es "C:\Program Files\dotnet\packs\Microsoft.AspNetCore.App.Ref\10.0.3\ref\net10.0\Microsoft.AspNetCore.Http.Extensions.dll".
             Se encontró una referencia en la ubicación de ruta de acceso de búsqueda "{RawFileName}".
             Esta referencia no es "CopyLocal" porque existe al menos un elemento de origen con "Private" establecido en "false" y ningún elemento de origen con "Private" establecido en "true".
         Referencia principal "Microsoft.AspNetCore.Http.Features, Version=10.0.0.0, Culture=neutral, PublicKeyToken=adb9793829ddae60".
             La ruta de acceso del archivo resuelta es "C:\Program Files\dotnet\packs\Microsoft.AspNetCore.App.Ref\10.0.3\ref\net10.0\Microsoft.AspNetCore.Http.Features.dll".
             Se encontró una referencia en la ubicación de ruta de acceso de búsqueda "{RawFileName}".
             Esta referencia no es "CopyLocal" porque existe al menos un elemento de origen con "Private" establecido en "false" y ningún elemento de origen con "Private" establecido en "true".
         Referencia principal "Microsoft.AspNetCore.Http.Results, Version=10.0.0.0, Culture=neutral, PublicKeyToken=adb9793829ddae60".
             La ruta de acceso del archivo resuelta es "C:\Program Files\dotnet\packs\Microsoft.AspNetCore.App.Ref\10.0.3\ref\net10.0\Microsoft.AspNetCore.Http.Results.dll".
             Se encontró una referencia en la ubicación de ruta de acceso de búsqueda "{RawFileName}".
             Esta referencia no es "CopyLocal" porque existe al menos un elemento de origen con "Private" establecido en "false" y ningún elemento de origen con "Private" establecido en "true".
         Referencia principal "Microsoft.AspNetCore.Http, Version=10.0.0.0, Culture=neutral, PublicKeyToken=adb9793829ddae60".
             La ruta de acceso del archivo resuelta es "C:\Program Files\dotnet\packs\Microsoft.AspNetCore.App.Ref\10.0.3\ref\net10.0\Microsoft.AspNetCore.Http.dll".
             Se encontró una referencia en la ubicación de ruta de acceso de búsqueda "{RawFileName}".
             Esta referencia no es "CopyLocal" porque existe al menos un elemento de origen con "Private" establecido en "false" y ningún elemento de origen con "Private" establecido en "true".
         Referencia principal "Microsoft.AspNetCore.HttpLogging, Version=10.0.0.0, Culture=neutral, PublicKeyToken=adb9793829ddae60".
             La ruta de acceso del archivo resuelta es "C:\Program Files\dotnet\packs\Microsoft.AspNetCore.App.Ref\10.0.3\ref\net10.0\Microsoft.AspNetCore.HttpLogging.dll".
             Se encontró una referencia en la ubicación de ruta de acceso de búsqueda "{RawFileName}".
             Esta referencia no es "CopyLocal" porque existe al menos un elemento de origen con "Private" establecido en "false" y ningún elemento de origen con "Private" establecido en "true".
         Referencia principal "Microsoft.AspNetCore.HttpOverrides, Version=10.0.0.0, Culture=neutral, PublicKeyToken=adb9793829ddae60".
             La ruta de acceso del archivo resuelta es "C:\Program Files\dotnet\packs\Microsoft.AspNetCore.App.Ref\10.0.3\ref\net10.0\Microsoft.AspNetCore.HttpOverrides.dll".
             Se encontró una referencia en la ubicación de ruta de acceso de búsqueda "{RawFileName}".
             Esta referencia no es "CopyLocal" porque existe al menos un elemento de origen con "Private" establecido en "false" y ningún elemento de origen con "Private" establecido en "true".
         Referencia principal "Microsoft.AspNetCore.HttpsPolicy, Version=10.0.0.0, Culture=neutral, PublicKeyToken=adb9793829ddae60".
             La ruta de acceso del archivo resuelta es "C:\Program Files\dotnet\packs\Microsoft.AspNetCore.App.Ref\10.0.3\ref\net10.0\Microsoft.AspNetCore.HttpsPolicy.dll".
             Se encontró una referencia en la ubicación de ruta de acceso de búsqueda "{RawFileName}".
             Esta referencia no es "CopyLocal" porque existe al menos un elemento de origen con "Private" establecido en "false" y ningún elemento de origen con "Private" establecido en "true".
         Referencia principal "Microsoft.AspNetCore.Identity, Version=10.0.0.0, Culture=neutral, PublicKeyToken=adb9793829ddae60".
             La ruta de acceso del archivo resuelta es "C:\Program Files\dotnet\packs\Microsoft.AspNetCore.App.Ref\10.0.3\ref\net10.0\Microsoft.AspNetCore.Identity.dll".
             Se encontró una referencia en la ubicación de ruta de acceso de búsqueda "{RawFileName}".
             Esta referencia no es "CopyLocal" porque existe al menos un elemento de origen con "Private" establecido en "false" y ningún elemento de origen con "Private" establecido en "true".
         Referencia principal "Microsoft.AspNetCore.Localization.Routing, Version=10.0.0.0, Culture=neutral, PublicKeyToken=adb9793829ddae60".
             La ruta de acceso del archivo resuelta es "C:\Program Files\dotnet\packs\Microsoft.AspNetCore.App.Ref\10.0.3\ref\net10.0\Microsoft.AspNetCore.Localization.Routing.dll".
             Se encontró una referencia en la ubicación de ruta de acceso de búsqueda "{RawFileName}".
             Esta referencia no es "CopyLocal" porque existe al menos un elemento de origen con "Private" establecido en "false" y ningún elemento de origen con "Private" establecido en "true".
         Referencia principal "Microsoft.AspNetCore.Localization, Version=10.0.0.0, Culture=neutral, PublicKeyToken=adb9793829ddae60".
             La ruta de acceso del archivo resuelta es "C:\Program Files\dotnet\packs\Microsoft.AspNetCore.App.Ref\10.0.3\ref\net10.0\Microsoft.AspNetCore.Localization.dll".
             Se encontró una referencia en la ubicación de ruta de acceso de búsqueda "{RawFileName}".
             Esta referencia no es "CopyLocal" porque existe al menos un elemento de origen con "Private" establecido en "false" y ningún elemento de origen con "Private" establecido en "true".
         Referencia principal "Microsoft.AspNetCore.Metadata, Version=10.0.0.0, Culture=neutral, PublicKeyToken=adb9793829ddae60".
             La ruta de acceso del archivo resuelta es "C:\Program Files\dotnet\packs\Microsoft.AspNetCore.App.Ref\10.0.3\ref\net10.0\Microsoft.AspNetCore.Metadata.dll".
             Se encontró una referencia en la ubicación de ruta de acceso de búsqueda "{RawFileName}".
             Esta referencia no es "CopyLocal" porque existe al menos un elemento de origen con "Private" establecido en "false" y ningún elemento de origen con "Private" establecido en "true".
         Referencia principal "Microsoft.AspNetCore.Mvc.Abstractions, Version=10.0.0.0, Culture=neutral, PublicKeyToken=adb9793829ddae60".
             La ruta de acceso del archivo resuelta es "C:\Program Files\dotnet\packs\Microsoft.AspNetCore.App.Ref\10.0.3\ref\net10.0\Microsoft.AspNetCore.Mvc.Abstractions.dll".
             Se encontró una referencia en la ubicación de ruta de acceso de búsqueda "{RawFileName}".
             Esta referencia no es "CopyLocal" porque existe al menos un elemento de origen con "Private" establecido en "false" y ningún elemento de origen con "Private" establecido en "true".
         Referencia principal "Microsoft.AspNetCore.Mvc.ApiExplorer, Version=10.0.0.0, Culture=neutral, PublicKeyToken=adb9793829ddae60".
             La ruta de acceso del archivo resuelta es "C:\Program Files\dotnet\packs\Microsoft.AspNetCore.App.Ref\10.0.3\ref\net10.0\Microsoft.AspNetCore.Mvc.ApiExplorer.dll".
             Se encontró una referencia en la ubicación de ruta de acceso de búsqueda "{RawFileName}".
             Esta referencia no es "CopyLocal" porque existe al menos un elemento de origen con "Private" establecido en "false" y ningún elemento de origen con "Private" establecido en "true".
         Referencia principal "Microsoft.AspNetCore.Mvc.Core, Version=10.0.0.0, Culture=neutral, PublicKeyToken=adb9793829ddae60".
             La ruta de acceso del archivo resuelta es "C:\Program Files\dotnet\packs\Microsoft.AspNetCore.App.Ref\10.0.3\ref\net10.0\Microsoft.AspNetCore.Mvc.Core.dll".
             Se encontró una referencia en la ubicación de ruta de acceso de búsqueda "{RawFileName}".
             Esta referencia no es "CopyLocal" porque existe al menos un elemento de origen con "Private" establecido en "false" y ningún elemento de origen con "Private" establecido en "true".
         Referencia principal "Microsoft.AspNetCore.Mvc.Cors, Version=10.0.0.0, Culture=neutral, PublicKeyToken=adb9793829ddae60".
             La ruta de acceso del archivo resuelta es "C:\Program Files\dotnet\packs\Microsoft.AspNetCore.App.Ref\10.0.3\ref\net10.0\Microsoft.AspNetCore.Mvc.Cors.dll".
             Se encontró una referencia en la ubicación de ruta de acceso de búsqueda "{RawFileName}".
             Esta referencia no es "CopyLocal" porque existe al menos un elemento de origen con "Private" establecido en "false" y ningún elemento de origen con "Private" establecido en "true".
         Referencia principal "Microsoft.AspNetCore.Mvc.DataAnnotations, Version=10.0.0.0, Culture=neutral, PublicKeyToken=adb9793829ddae60".
             La ruta de acceso del archivo resuelta es "C:\Program Files\dotnet\packs\Microsoft.AspNetCore.App.Ref\10.0.3\ref\net10.0\Microsoft.AspNetCore.Mvc.DataAnnotations.dll".
             Se encontró una referencia en la ubicación de ruta de acceso de búsqueda "{RawFileName}".
             Esta referencia no es "CopyLocal" porque existe al menos un elemento de origen con "Private" establecido en "false" y ningún elemento de origen con "Private" establecido en "true".
         Referencia principal "Microsoft.AspNetCore.Mvc.Formatters.Json, Version=10.0.0.0, Culture=neutral, PublicKeyToken=adb9793829ddae60".
             La ruta de acceso del archivo resuelta es "C:\Program Files\dotnet\packs\Microsoft.AspNetCore.App.Ref\10.0.3\ref\net10.0\Microsoft.AspNetCore.Mvc.Formatters.Json.dll".
             Se encontró una referencia en la ubicación de ruta de acceso de búsqueda "{RawFileName}".
             Esta referencia no es "CopyLocal" porque existe al menos un elemento de origen con "Private" establecido en "false" y ningún elemento de origen con "Private" establecido en "true".
         Referencia principal "Microsoft.AspNetCore.Mvc.Formatters.Xml, Version=10.0.0.0, Culture=neutral, PublicKeyToken=adb9793829ddae60".
             La ruta de acceso del archivo resuelta es "C:\Program Files\dotnet\packs\Microsoft.AspNetCore.App.Ref\10.0.3\ref\net10.0\Microsoft.AspNetCore.Mvc.Formatters.Xml.dll".
             Se encontró una referencia en la ubicación de ruta de acceso de búsqueda "{RawFileName}".
             Esta referencia no es "CopyLocal" porque existe al menos un elemento de origen con "Private" establecido en "false" y ningún elemento de origen con "Private" establecido en "true".
         Referencia principal "Microsoft.AspNetCore.Mvc.Localization, Version=10.0.0.0, Culture=neutral, PublicKeyToken=adb9793829ddae60".
             La ruta de acceso del archivo resuelta es "C:\Program Files\dotnet\packs\Microsoft.AspNetCore.App.Ref\10.0.3\ref\net10.0\Microsoft.AspNetCore.Mvc.Localization.dll".
             Se encontró una referencia en la ubicación de ruta de acceso de búsqueda "{RawFileName}".
             Esta referencia no es "CopyLocal" porque existe al menos un elemento de origen con "Private" establecido en "false" y ningún elemento de origen con "Private" establecido en "true".
         Referencia principal "Microsoft.AspNetCore.Mvc.Razor, Version=10.0.0.0, Culture=neutral, PublicKeyToken=adb9793829ddae60".
             La ruta de acceso del archivo resuelta es "C:\Program Files\dotnet\packs\Microsoft.AspNetCore.App.Ref\10.0.3\ref\net10.0\Microsoft.AspNetCore.Mvc.Razor.dll".
             Se encontró una referencia en la ubicación de ruta de acceso de búsqueda "{RawFileName}".
             Esta referencia no es "CopyLocal" porque existe al menos un elemento de origen con "Private" establecido en "false" y ningún elemento de origen con "Private" establecido en "true".
         Referencia principal "Microsoft.AspNetCore.Mvc.RazorPages, Version=10.0.0.0, Culture=neutral, PublicKeyToken=adb9793829ddae60".
             La ruta de acceso del archivo resuelta es "C:\Program Files\dotnet\packs\Microsoft.AspNetCore.App.Ref\10.0.3\ref\net10.0\Microsoft.AspNetCore.Mvc.RazorPages.dll".
             Se encontró una referencia en la ubicación de ruta de acceso de búsqueda "{RawFileName}".
             Esta referencia no es "CopyLocal" porque existe al menos un elemento de origen con "Private" establecido en "false" y ningún elemento de origen con "Private" establecido en "true".
         Referencia principal "Microsoft.AspNetCore.Mvc.TagHelpers, Version=10.0.0.0, Culture=neutral, PublicKeyToken=adb9793829ddae60".
             La ruta de acceso del archivo resuelta es "C:\Program Files\dotnet\packs\Microsoft.AspNetCore.App.Ref\10.0.3\ref\net10.0\Microsoft.AspNetCore.Mvc.TagHelpers.dll".
             Se encontró una referencia en la ubicación de ruta de acceso de búsqueda "{RawFileName}".
             Esta referencia no es "CopyLocal" porque existe al menos un elemento de origen con "Private" establecido en "false" y ningún elemento de origen con "Private" establecido en "true".
         Referencia principal "Microsoft.AspNetCore.Mvc.ViewFeatures, Version=10.0.0.0, Culture=neutral, PublicKeyToken=adb9793829ddae60".
             La ruta de acceso del archivo resuelta es "C:\Program Files\dotnet\packs\Microsoft.AspNetCore.App.Ref\10.0.3\ref\net10.0\Microsoft.AspNetCore.Mvc.ViewFeatures.dll".
             Se encontró una referencia en la ubicación de ruta de acceso de búsqueda "{RawFileName}".
             Esta referencia no es "CopyLocal" porque existe al menos un elemento de origen con "Private" establecido en "false" y ningún elemento de origen con "Private" establecido en "true".
         Referencia principal "Microsoft.AspNetCore.Mvc, Version=10.0.0.0, Culture=neutral, PublicKeyToken=adb9793829ddae60".
             La ruta de acceso del archivo resuelta es "C:\Program Files\dotnet\packs\Microsoft.AspNetCore.App.Ref\10.0.3\ref\net10.0\Microsoft.AspNetCore.Mvc.dll".
             Se encontró una referencia en la ubicación de ruta de acceso de búsqueda "{RawFileName}".
             Esta referencia no es "CopyLocal" porque existe al menos un elemento de origen con "Private" establecido en "false" y ningún elemento de origen con "Private" establecido en "true".
         Referencia principal "Microsoft.AspNetCore.OutputCaching, Version=10.0.0.0, Culture=neutral, PublicKeyToken=adb9793829ddae60".
             La ruta de acceso del archivo resuelta es "C:\Program Files\dotnet\packs\Microsoft.AspNetCore.App.Ref\10.0.3\ref\net10.0\Microsoft.AspNetCore.OutputCaching.dll".
             Se encontró una referencia en la ubicación de ruta de acceso de búsqueda "{RawFileName}".
             Esta referencia no es "CopyLocal" porque existe al menos un elemento de origen con "Private" establecido en "false" y ningún elemento de origen con "Private" establecido en "true".
         Referencia principal "Microsoft.AspNetCore.RateLimiting, Version=10.0.0.0, Culture=neutral, PublicKeyToken=adb9793829ddae60".
             La ruta de acceso del archivo resuelta es "C:\Program Files\dotnet\packs\Microsoft.AspNetCore.App.Ref\10.0.3\ref\net10.0\Microsoft.AspNetCore.RateLimiting.dll".
             Se encontró una referencia en la ubicación de ruta de acceso de búsqueda "{RawFileName}".
             Esta referencia no es "CopyLocal" porque existe al menos un elemento de origen con "Private" establecido en "false" y ningún elemento de origen con "Private" establecido en "true".
         Referencia principal "Microsoft.AspNetCore.Razor.Runtime, Version=10.0.0.0, Culture=neutral, PublicKeyToken=adb9793829ddae60".
             La ruta de acceso del archivo resuelta es "C:\Program Files\dotnet\packs\Microsoft.AspNetCore.App.Ref\10.0.3\ref\net10.0\Microsoft.AspNetCore.Razor.Runtime.dll".
             Se encontró una referencia en la ubicación de ruta de acceso de búsqueda "{RawFileName}".
             Esta referencia no es "CopyLocal" porque existe al menos un elemento de origen con "Private" establecido en "false" y ningún elemento de origen con "Private" establecido en "true".
         Referencia principal "Microsoft.AspNetCore.Razor, Version=10.0.0.0, Culture=neutral, PublicKeyToken=adb9793829ddae60".
             La ruta de acceso del archivo resuelta es "C:\Program Files\dotnet\packs\Microsoft.AspNetCore.App.Ref\10.0.3\ref\net10.0\Microsoft.AspNetCore.Razor.dll".
             Se encontró una referencia en la ubicación de ruta de acceso de búsqueda "{RawFileName}".
             Esta referencia no es "CopyLocal" porque existe al menos un elemento de origen con "Private" establecido en "false" y ningún elemento de origen con "Private" establecido en "true".
         Referencia principal "Microsoft.AspNetCore.RequestDecompression, Version=10.0.0.0, Culture=neutral, PublicKeyToken=adb9793829ddae60".
             La ruta de acceso del archivo resuelta es "C:\Program Files\dotnet\packs\Microsoft.AspNetCore.App.Ref\10.0.3\ref\net10.0\Microsoft.AspNetCore.RequestDecompression.dll".
             Se encontró una referencia en la ubicación de ruta de acceso de búsqueda "{RawFileName}".
             Esta referencia no es "CopyLocal" porque existe al menos un elemento de origen con "Private" establecido en "false" y ningún elemento de origen con "Private" establecido en "true".
         Referencia principal "Microsoft.AspNetCore.ResponseCaching.Abstractions, Version=10.0.0.0, Culture=neutral, PublicKeyToken=adb9793829ddae60".
             La ruta de acceso del archivo resuelta es "C:\Program Files\dotnet\packs\Microsoft.AspNetCore.App.Ref\10.0.3\ref\net10.0\Microsoft.AspNetCore.ResponseCaching.Abstractions.dll".
             Se encontró una referencia en la ubicación de ruta de acceso de búsqueda "{RawFileName}".
             Esta referencia no es "CopyLocal" porque existe al menos un elemento de origen con "Private" establecido en "false" y ningún elemento de origen con "Private" establecido en "true".
         Referencia principal "Microsoft.AspNetCore.ResponseCaching, Version=10.0.0.0, Culture=neutral, PublicKeyToken=adb9793829ddae60".
             La ruta de acceso del archivo resuelta es "C:\Program Files\dotnet\packs\Microsoft.AspNetCore.App.Ref\10.0.3\ref\net10.0\Microsoft.AspNetCore.ResponseCaching.dll".
             Se encontró una referencia en la ubicación de ruta de acceso de búsqueda "{RawFileName}".
             Esta referencia no es "CopyLocal" porque existe al menos un elemento de origen con "Private" establecido en "false" y ningún elemento de origen con "Private" establecido en "true".
         Referencia principal "Microsoft.AspNetCore.ResponseCompression, Version=10.0.0.0, Culture=neutral, PublicKeyToken=adb9793829ddae60".
             La ruta de acceso del archivo resuelta es "C:\Program Files\dotnet\packs\Microsoft.AspNetCore.App.Ref\10.0.3\ref\net10.0\Microsoft.AspNetCore.ResponseCompression.dll".
             Se encontró una referencia en la ubicación de ruta de acceso de búsqueda "{RawFileName}".
             Esta referencia no es "CopyLocal" porque existe al menos un elemento de origen con "Private" establecido en "false" y ningún elemento de origen con "Private" establecido en "true".
         Referencia principal "Microsoft.AspNetCore.Rewrite, Version=10.0.0.0, Culture=neutral, PublicKeyToken=adb9793829ddae60".
             La ruta de acceso del archivo resuelta es "C:\Program Files\dotnet\packs\Microsoft.AspNetCore.App.Ref\10.0.3\ref\net10.0\Microsoft.AspNetCore.Rewrite.dll".
             Se encontró una referencia en la ubicación de ruta de acceso de búsqueda "{RawFileName}".
             Esta referencia no es "CopyLocal" porque existe al menos un elemento de origen con "Private" establecido en "false" y ningún elemento de origen con "Private" establecido en "true".
         Referencia principal "Microsoft.AspNetCore.Routing.Abstractions, Version=10.0.0.0, Culture=neutral, PublicKeyToken=adb9793829ddae60".
             La ruta de acceso del archivo resuelta es "C:\Program Files\dotnet\packs\Microsoft.AspNetCore.App.Ref\10.0.3\ref\net10.0\Microsoft.AspNetCore.Routing.Abstractions.dll".
             Se encontró una referencia en la ubicación de ruta de acceso de búsqueda "{RawFileName}".
             Esta referencia no es "CopyLocal" porque existe al menos un elemento de origen con "Private" establecido en "false" y ningún elemento de origen con "Private" establecido en "true".
         Referencia principal "Microsoft.AspNetCore.Routing, Version=10.0.0.0, Culture=neutral, PublicKeyToken=adb9793829ddae60".
             La ruta de acceso del archivo resuelta es "C:\Program Files\dotnet\packs\Microsoft.AspNetCore.App.Ref\10.0.3\ref\net10.0\Microsoft.AspNetCore.Routing.dll".
             Se encontró una referencia en la ubicación de ruta de acceso de búsqueda "{RawFileName}".
             Esta referencia no es "CopyLocal" porque existe al menos un elemento de origen con "Private" establecido en "false" y ningún elemento de origen con "Private" establecido en "true".
         Referencia principal "Microsoft.AspNetCore.Server.HttpSys, Version=10.0.0.0, Culture=neutral, PublicKeyToken=adb9793829ddae60".
             La ruta de acceso del archivo resuelta es "C:\Program Files\dotnet\packs\Microsoft.AspNetCore.App.Ref\10.0.3\ref\net10.0\Microsoft.AspNetCore.Server.HttpSys.dll".
             Se encontró una referencia en la ubicación de ruta de acceso de búsqueda "{RawFileName}".
             Esta referencia no es "CopyLocal" porque existe al menos un elemento de origen con "Private" establecido en "false" y ningún elemento de origen con "Private" establecido en "true".
         Referencia principal "Microsoft.AspNetCore.Server.IIS, Version=10.0.0.0, Culture=neutral, PublicKeyToken=adb9793829ddae60".
             La ruta de acceso del archivo resuelta es "C:\Program Files\dotnet\packs\Microsoft.AspNetCore.App.Ref\10.0.3\ref\net10.0\Microsoft.AspNetCore.Server.IIS.dll".
             Se encontró una referencia en la ubicación de ruta de acceso de búsqueda "{RawFileName}".
             Esta referencia no es "CopyLocal" porque existe al menos un elemento de origen con "Private" establecido en "false" y ningún elemento de origen con "Private" establecido en "true".
         Referencia principal "Microsoft.AspNetCore.Server.IISIntegration, Version=10.0.0.0, Culture=neutral, PublicKeyToken=adb9793829ddae60".
             La ruta de acceso del archivo resuelta es "C:\Program Files\dotnet\packs\Microsoft.AspNetCore.App.Ref\10.0.3\ref\net10.0\Microsoft.AspNetCore.Server.IISIntegration.dll".
             Se encontró una referencia en la ubicación de ruta de acceso de búsqueda "{RawFileName}".
             Esta referencia no es "CopyLocal" porque existe al menos un elemento de origen con "Private" establecido en "false" y ningún elemento de origen con "Private" establecido en "true".
         Referencia principal "Microsoft.AspNetCore.Server.Kestrel.Core, Version=10.0.0.0, Culture=neutral, PublicKeyToken=adb9793829ddae60".
             La ruta de acceso del archivo resuelta es "C:\Program Files\dotnet\packs\Microsoft.AspNetCore.App.Ref\10.0.3\ref\net10.0\Microsoft.AspNetCore.Server.Kestrel.Core.dll".
             Se encontró una referencia en la ubicación de ruta de acceso de búsqueda "{RawFileName}".
             Esta referencia no es "CopyLocal" porque existe al menos un elemento de origen con "Private" establecido en "false" y ningún elemento de origen con "Private" establecido en "true".
         Referencia principal "Microsoft.AspNetCore.Server.Kestrel.Transport.NamedPipes, Version=10.0.0.0, Culture=neutral, PublicKeyToken=adb9793829ddae60".
             La ruta de acceso del archivo resuelta es "C:\Program Files\dotnet\packs\Microsoft.AspNetCore.App.Ref\10.0.3\ref\net10.0\Microsoft.AspNetCore.Server.Kestrel.Transport.NamedPipes.dll".
             Se encontró una referencia en la ubicación de ruta de acceso de búsqueda "{RawFileName}".
             Esta referencia no es "CopyLocal" porque existe al menos un elemento de origen con "Private" establecido en "false" y ningún elemento de origen con "Private" establecido en "true".
         Referencia principal "Microsoft.AspNetCore.Server.Kestrel.Transport.Quic, Version=10.0.0.0, Culture=neutral, PublicKeyToken=adb9793829ddae60".
             La ruta de acceso del archivo resuelta es "C:\Program Files\dotnet\packs\Microsoft.AspNetCore.App.Ref\10.0.3\ref\net10.0\Microsoft.AspNetCore.Server.Kestrel.Transport.Quic.dll".
             Se encontró una referencia en la ubicación de ruta de acceso de búsqueda "{RawFileName}".
             Esta referencia no es "CopyLocal" porque existe al menos un elemento de origen con "Private" establecido en "false" y ningún elemento de origen con "Private" establecido en "true".
         Referencia principal "Microsoft.AspNetCore.Server.Kestrel.Transport.Sockets, Version=10.0.0.0, Culture=neutral, PublicKeyToken=adb9793829ddae60".
             La ruta de acceso del archivo resuelta es "C:\Program Files\dotnet\packs\Microsoft.AspNetCore.App.Ref\10.0.3\ref\net10.0\Microsoft.AspNetCore.Server.Kestrel.Transport.Sockets.dll".
             Se encontró una referencia en la ubicación de ruta de acceso de búsqueda "{RawFileName}".
             Esta referencia no es "CopyLocal" porque existe al menos un elemento de origen con "Private" establecido en "false" y ningún elemento de origen con "Private" establecido en "true".
         Referencia principal "Microsoft.AspNetCore.Server.Kestrel, Version=10.0.0.0, Culture=neutral, PublicKeyToken=adb9793829ddae60".
             La ruta de acceso del archivo resuelta es "C:\Program Files\dotnet\packs\Microsoft.AspNetCore.App.Ref\10.0.3\ref\net10.0\Microsoft.AspNetCore.Server.Kestrel.dll".
             Se encontró una referencia en la ubicación de ruta de acceso de búsqueda "{RawFileName}".
             Esta referencia no es "CopyLocal" porque existe al menos un elemento de origen con "Private" establecido en "false" y ningún elemento de origen con "Private" establecido en "true".
         Referencia principal "Microsoft.AspNetCore.Session, Version=10.0.0.0, Culture=neutral, PublicKeyToken=adb9793829ddae60".
             La ruta de acceso del archivo resuelta es "C:\Program Files\dotnet\packs\Microsoft.AspNetCore.App.Ref\10.0.3\ref\net10.0\Microsoft.AspNetCore.Session.dll".
             Se encontró una referencia en la ubicación de ruta de acceso de búsqueda "{RawFileName}".
             Esta referencia no es "CopyLocal" porque existe al menos un elemento de origen con "Private" establecido en "false" y ningún elemento de origen con "Private" establecido en "true".
         Referencia principal "Microsoft.AspNetCore.SignalR.Common, Version=10.0.0.0, Culture=neutral, PublicKeyToken=adb9793829ddae60".
             La ruta de acceso del archivo resuelta es "C:\Program Files\dotnet\packs\Microsoft.AspNetCore.App.Ref\10.0.3\ref\net10.0\Microsoft.AspNetCore.SignalR.Common.dll".
             Se encontró una referencia en la ubicación de ruta de acceso de búsqueda "{RawFileName}".
             Esta referencia no es "CopyLocal" porque existe al menos un elemento de origen con "Private" establecido en "false" y ningún elemento de origen con "Private" establecido en "true".
         Referencia principal "Microsoft.AspNetCore.SignalR.Core, Version=10.0.0.0, Culture=neutral, PublicKeyToken=adb9793829ddae60".
             La ruta de acceso del archivo resuelta es "C:\Program Files\dotnet\packs\Microsoft.AspNetCore.App.Ref\10.0.3\ref\net10.0\Microsoft.AspNetCore.SignalR.Core.dll".
             Se encontró una referencia en la ubicación de ruta de acceso de búsqueda "{RawFileName}".
             Esta referencia no es "CopyLocal" porque existe al menos un elemento de origen con "Private" establecido en "false" y ningún elemento de origen con "Private" establecido en "true".
         Referencia principal "Microsoft.AspNetCore.SignalR.Protocols.Json, Version=10.0.0.0, Culture=neutral, PublicKeyToken=adb9793829ddae60".
             La ruta de acceso del archivo resuelta es "C:\Program Files\dotnet\packs\Microsoft.AspNetCore.App.Ref\10.0.3\ref\net10.0\Microsoft.AspNetCore.SignalR.Protocols.Json.dll".
             Se encontró una referencia en la ubicación de ruta de acceso de búsqueda "{RawFileName}".
             Esta referencia no es "CopyLocal" porque existe al menos un elemento de origen con "Private" establecido en "false" y ningún elemento de origen con "Private" establecido en "true".
         Referencia principal "Microsoft.AspNetCore.SignalR, Version=10.0.0.0, Culture=neutral, PublicKeyToken=adb9793829ddae60".
             La ruta de acceso del archivo resuelta es "C:\Program Files\dotnet\packs\Microsoft.AspNetCore.App.Ref\10.0.3\ref\net10.0\Microsoft.AspNetCore.SignalR.dll".
             Se encontró una referencia en la ubicación de ruta de acceso de búsqueda "{RawFileName}".
             Esta referencia no es "CopyLocal" porque existe al menos un elemento de origen con "Private" establecido en "false" y ningún elemento de origen con "Private" establecido en "true".
         Referencia principal "Microsoft.AspNetCore.StaticAssets, Version=10.0.0.0, Culture=neutral, PublicKeyToken=adb9793829ddae60".
             La ruta de acceso del archivo resuelta es "C:\Program Files\dotnet\packs\Microsoft.AspNetCore.App.Ref\10.0.3\ref\net10.0\Microsoft.AspNetCore.StaticAssets.dll".
             Se encontró una referencia en la ubicación de ruta de acceso de búsqueda "{RawFileName}".
             Esta referencia no es "CopyLocal" porque existe al menos un elemento de origen con "Private" establecido en "false" y ningún elemento de origen con "Private" establecido en "true".
         Referencia principal "Microsoft.AspNetCore.StaticFiles, Version=10.0.0.0, Culture=neutral, PublicKeyToken=adb9793829ddae60".
             La ruta de acceso del archivo resuelta es "C:\Program Files\dotnet\packs\Microsoft.AspNetCore.App.Ref\10.0.3\ref\net10.0\Microsoft.AspNetCore.StaticFiles.dll".
             Se encontró una referencia en la ubicación de ruta de acceso de búsqueda "{RawFileName}".
             Esta referencia no es "CopyLocal" porque existe al menos un elemento de origen con "Private" establecido en "false" y ningún elemento de origen con "Private" establecido en "true".
         Referencia principal "Microsoft.AspNetCore.WebSockets, Version=10.0.0.0, Culture=neutral, PublicKeyToken=adb9793829ddae60".
             La ruta de acceso del archivo resuelta es "C:\Program Files\dotnet\packs\Microsoft.AspNetCore.App.Ref\10.0.3\ref\net10.0\Microsoft.AspNetCore.WebSockets.dll".
             Se encontró una referencia en la ubicación de ruta de acceso de búsqueda "{RawFileName}".
             Esta referencia no es "CopyLocal" porque existe al menos un elemento de origen con "Private" establecido en "false" y ningún elemento de origen con "Private" establecido en "true".
         Referencia principal "Microsoft.AspNetCore.WebUtilities, Version=10.0.0.0, Culture=neutral, PublicKeyToken=adb9793829ddae60".
             La ruta de acceso del archivo resuelta es "C:\Program Files\dotnet\packs\Microsoft.AspNetCore.App.Ref\10.0.3\ref\net10.0\Microsoft.AspNetCore.WebUtilities.dll".
             Se encontró una referencia en la ubicación de ruta de acceso de búsqueda "{RawFileName}".
             Esta referencia no es "CopyLocal" porque existe al menos un elemento de origen con "Private" establecido en "false" y ningún elemento de origen con "Private" establecido en "true".
         Referencia principal "Microsoft.AspNetCore, Version=10.0.0.0, Culture=neutral, PublicKeyToken=adb9793829ddae60".
             La ruta de acceso del archivo resuelta es "C:\Program Files\dotnet\packs\Microsoft.AspNetCore.App.Ref\10.0.3\ref\net10.0\Microsoft.AspNetCore.dll".
             Se encontró una referencia en la ubicación de ruta de acceso de búsqueda "{RawFileName}".
             Esta referencia no es "CopyLocal" porque existe al menos un elemento de origen con "Private" establecido en "false" y ningún elemento de origen con "Private" establecido en "true".
         Referencia principal "Microsoft.Extensions.Caching.Abstractions, Version=10.0.0.0, Culture=neutral, PublicKeyToken=adb9793829ddae60".
             La ruta de acceso del archivo resuelta es "C:\Program Files\dotnet\packs\Microsoft.AspNetCore.App.Ref\10.0.3\ref\net10.0\Microsoft.Extensions.Caching.Abstractions.dll".
             Se encontró una referencia en la ubicación de ruta de acceso de búsqueda "{RawFileName}".
             Esta referencia no es "CopyLocal" porque existe al menos un elemento de origen con "Private" establecido en "false" y ningún elemento de origen con "Private" establecido en "true".
         Referencia principal "Microsoft.Extensions.Caching.Memory, Version=10.0.0.0, Culture=neutral, PublicKeyToken=adb9793829ddae60".
             La ruta de acceso del archivo resuelta es "C:\Program Files\dotnet\packs\Microsoft.AspNetCore.App.Ref\10.0.3\ref\net10.0\Microsoft.Extensions.Caching.Memory.dll".
             Se encontró una referencia en la ubicación de ruta de acceso de búsqueda "{RawFileName}".
             Esta referencia no es "CopyLocal" porque existe al menos un elemento de origen con "Private" establecido en "false" y ningún elemento de origen con "Private" establecido en "true".
         Referencia principal "Microsoft.Extensions.Configuration.Abstractions, Version=10.0.0.0, Culture=neutral, PublicKeyToken=adb9793829ddae60".
             La ruta de acceso del archivo resuelta es "C:\Program Files\dotnet\packs\Microsoft.AspNetCore.App.Ref\10.0.3\ref\net10.0\Microsoft.Extensions.Configuration.Abstractions.dll".
             Se encontró una referencia en la ubicación de ruta de acceso de búsqueda "{RawFileName}".
             Esta referencia no es "CopyLocal" porque existe al menos un elemento de origen con "Private" establecido en "false" y ningún elemento de origen con "Private" establecido en "true".
         Referencia principal "Microsoft.Extensions.Configuration.Binder, Version=10.0.0.0, Culture=neutral, PublicKeyToken=adb9793829ddae60".
             La ruta de acceso del archivo resuelta es "C:\Program Files\dotnet\packs\Microsoft.AspNetCore.App.Ref\10.0.3\ref\net10.0\Microsoft.Extensions.Configuration.Binder.dll".
             Se encontró una referencia en la ubicación de ruta de acceso de búsqueda "{RawFileName}".
             Esta referencia no es "CopyLocal" porque existe al menos un elemento de origen con "Private" establecido en "false" y ningún elemento de origen con "Private" establecido en "true".
         Referencia principal "Microsoft.Extensions.Configuration.CommandLine, Version=10.0.0.0, Culture=neutral, PublicKeyToken=adb9793829ddae60".
             La ruta de acceso del archivo resuelta es "C:\Program Files\dotnet\packs\Microsoft.AspNetCore.App.Ref\10.0.3\ref\net10.0\Microsoft.Extensions.Configuration.CommandLine.dll".
             Se encontró una referencia en la ubicación de ruta de acceso de búsqueda "{RawFileName}".
             Esta referencia no es "CopyLocal" porque existe al menos un elemento de origen con "Private" establecido en "false" y ningún elemento de origen con "Private" establecido en "true".
         Referencia principal "Microsoft.Extensions.Configuration.EnvironmentVariables, Version=10.0.0.0, Culture=neutral, PublicKeyToken=adb9793829ddae60".
             La ruta de acceso del archivo resuelta es "C:\Program Files\dotnet\packs\Microsoft.AspNetCore.App.Ref\10.0.3\ref\net10.0\Microsoft.Extensions.Configuration.EnvironmentVariables.dll".
             Se encontró una referencia en la ubicación de ruta de acceso de búsqueda "{RawFileName}".
             Esta referencia no es "CopyLocal" porque existe al menos un elemento de origen con "Private" establecido en "false" y ningún elemento de origen con "Private" establecido en "true".
         Referencia principal "Microsoft.Extensions.Configuration.FileExtensions, Version=10.0.0.0, Culture=neutral, PublicKeyToken=adb9793829ddae60".
             La ruta de acceso del archivo resuelta es "C:\Program Files\dotnet\packs\Microsoft.AspNetCore.App.Ref\10.0.3\ref\net10.0\Microsoft.Extensions.Configuration.FileExtensions.dll".
             Se encontró una referencia en la ubicación de ruta de acceso de búsqueda "{RawFileName}".
             Esta referencia no es "CopyLocal" porque existe al menos un elemento de origen con "Private" establecido en "false" y ningún elemento de origen con "Private" establecido en "true".
         Referencia principal "Microsoft.Extensions.Configuration.Ini, Version=10.0.0.0, Culture=neutral, PublicKeyToken=adb9793829ddae60".
             La ruta de acceso del archivo resuelta es "C:\Program Files\dotnet\packs\Microsoft.AspNetCore.App.Ref\10.0.3\ref\net10.0\Microsoft.Extensions.Configuration.Ini.dll".
             Se encontró una referencia en la ubicación de ruta de acceso de búsqueda "{RawFileName}".
             Esta referencia no es "CopyLocal" porque existe al menos un elemento de origen con "Private" establecido en "false" y ningún elemento de origen con "Private" establecido en "true".
         Referencia principal "Microsoft.Extensions.Configuration.Json, Version=10.0.0.0, Culture=neutral, PublicKeyToken=adb9793829ddae60".
             La ruta de acceso del archivo resuelta es "C:\Program Files\dotnet\packs\Microsoft.AspNetCore.App.Ref\10.0.3\ref\net10.0\Microsoft.Extensions.Configuration.Json.dll".
             Se encontró una referencia en la ubicación de ruta de acceso de búsqueda "{RawFileName}".
             Esta referencia no es "CopyLocal" porque existe al menos un elemento de origen con "Private" establecido en "false" y ningún elemento de origen con "Private" establecido en "true".
         Referencia principal "Microsoft.Extensions.Configuration.KeyPerFile, Version=10.0.0.0, Culture=neutral, PublicKeyToken=adb9793829ddae60".
             La ruta de acceso del archivo resuelta es "C:\Program Files\dotnet\packs\Microsoft.AspNetCore.App.Ref\10.0.3\ref\net10.0\Microsoft.Extensions.Configuration.KeyPerFile.dll".
             Se encontró una referencia en la ubicación de ruta de acceso de búsqueda "{RawFileName}".
             Esta referencia no es "CopyLocal" porque existe al menos un elemento de origen con "Private" establecido en "false" y ningún elemento de origen con "Private" establecido en "true".
         Referencia principal "Microsoft.Extensions.Configuration.UserSecrets, Version=10.0.0.0, Culture=neutral, PublicKeyToken=adb9793829ddae60".
             La ruta de acceso del archivo resuelta es "C:\Program Files\dotnet\packs\Microsoft.AspNetCore.App.Ref\10.0.3\ref\net10.0\Microsoft.Extensions.Configuration.UserSecrets.dll".
             Se encontró una referencia en la ubicación de ruta de acceso de búsqueda "{RawFileName}".
             Esta referencia no es "CopyLocal" porque existe al menos un elemento de origen con "Private" establecido en "false" y ningún elemento de origen con "Private" establecido en "true".
         Referencia principal "Microsoft.Extensions.Configuration.Xml, Version=10.0.0.0, Culture=neutral, PublicKeyToken=adb9793829ddae60".
             La ruta de acceso del archivo resuelta es "C:\Program Files\dotnet\packs\Microsoft.AspNetCore.App.Ref\10.0.3\ref\net10.0\Microsoft.Extensions.Configuration.Xml.dll".
             Se encontró una referencia en la ubicación de ruta de acceso de búsqueda "{RawFileName}".
             Esta referencia no es "CopyLocal" porque existe al menos un elemento de origen con "Private" establecido en "false" y ningún elemento de origen con "Private" establecido en "true".
         Referencia principal "Microsoft.Extensions.Configuration, Version=10.0.0.0, Culture=neutral, PublicKeyToken=adb9793829ddae60".
             La ruta de acceso del archivo resuelta es "C:\Program Files\dotnet\packs\Microsoft.AspNetCore.App.Ref\10.0.3\ref\net10.0\Microsoft.Extensions.Configuration.dll".
             Se encontró una referencia en la ubicación de ruta de acceso de búsqueda "{RawFileName}".
             Esta referencia no es "CopyLocal" porque existe al menos un elemento de origen con "Private" establecido en "false" y ningún elemento de origen con "Private" establecido en "true".
         Referencia principal "Microsoft.Extensions.DependencyInjection.Abstractions, Version=10.0.0.0, Culture=neutral, PublicKeyToken=adb9793829ddae60".
             La ruta de acceso del archivo resuelta es "C:\Program Files\dotnet\packs\Microsoft.AspNetCore.App.Ref\10.0.3\ref\net10.0\Microsoft.Extensions.DependencyInjection.Abstractions.dll".
             Se encontró una referencia en la ubicación de ruta de acceso de búsqueda "{RawFileName}".
             Esta referencia no es "CopyLocal" porque existe al menos un elemento de origen con "Private" establecido en "false" y ningún elemento de origen con "Private" establecido en "true".
         Referencia principal "Microsoft.Extensions.DependencyInjection, Version=10.0.0.0, Culture=neutral, PublicKeyToken=adb9793829ddae60".
             La ruta de acceso del archivo resuelta es "C:\Program Files\dotnet\packs\Microsoft.AspNetCore.App.Ref\10.0.3\ref\net10.0\Microsoft.Extensions.DependencyInjection.dll".
             Se encontró una referencia en la ubicación de ruta de acceso de búsqueda "{RawFileName}".
             Esta referencia no es "CopyLocal" porque existe al menos un elemento de origen con "Private" establecido en "false" y ningún elemento de origen con "Private" establecido en "true".
         Referencia principal "Microsoft.Extensions.Diagnostics.Abstractions, Version=10.0.0.0, Culture=neutral, PublicKeyToken=adb9793829ddae60".
             La ruta de acceso del archivo resuelta es "C:\Program Files\dotnet\packs\Microsoft.AspNetCore.App.Ref\10.0.3\ref\net10.0\Microsoft.Extensions.Diagnostics.Abstractions.dll".
             Se encontró una referencia en la ubicación de ruta de acceso de búsqueda "{RawFileName}".
             Esta referencia no es "CopyLocal" porque existe al menos un elemento de origen con "Private" establecido en "false" y ningún elemento de origen con "Private" establecido en "true".
         Referencia principal "Microsoft.Extensions.Diagnostics.HealthChecks.Abstractions, Version=10.0.0.0, Culture=neutral, PublicKeyToken=adb9793829ddae60".
             La ruta de acceso del archivo resuelta es "C:\Program Files\dotnet\packs\Microsoft.AspNetCore.App.Ref\10.0.3\ref\net10.0\Microsoft.Extensions.Diagnostics.HealthChecks.Abstractions.dll".
             Se encontró una referencia en la ubicación de ruta de acceso de búsqueda "{RawFileName}".
             Esta referencia no es "CopyLocal" porque existe al menos un elemento de origen con "Private" establecido en "false" y ningún elemento de origen con "Private" establecido en "true".
         Referencia principal "Microsoft.Extensions.Diagnostics.HealthChecks, Version=10.0.0.0, Culture=neutral, PublicKeyToken=adb9793829ddae60".
             La ruta de acceso del archivo resuelta es "C:\Program Files\dotnet\packs\Microsoft.AspNetCore.App.Ref\10.0.3\ref\net10.0\Microsoft.Extensions.Diagnostics.HealthChecks.dll".
             Se encontró una referencia en la ubicación de ruta de acceso de búsqueda "{RawFileName}".
             Esta referencia no es "CopyLocal" porque existe al menos un elemento de origen con "Private" establecido en "false" y ningún elemento de origen con "Private" establecido en "true".
         Referencia principal "Microsoft.Extensions.Diagnostics, Version=10.0.0.0, Culture=neutral, PublicKeyToken=adb9793829ddae60".
             La ruta de acceso del archivo resuelta es "C:\Program Files\dotnet\packs\Microsoft.AspNetCore.App.Ref\10.0.3\ref\net10.0\Microsoft.Extensions.Diagnostics.dll".
             Se encontró una referencia en la ubicación de ruta de acceso de búsqueda "{RawFileName}".
             Esta referencia no es "CopyLocal" porque existe al menos un elemento de origen con "Private" establecido en "false" y ningún elemento de origen con "Private" establecido en "true".
         Referencia principal "Microsoft.Extensions.Features, Version=10.0.0.0, Culture=neutral, PublicKeyToken=adb9793829ddae60".
             La ruta de acceso del archivo resuelta es "C:\Program Files\dotnet\packs\Microsoft.AspNetCore.App.Ref\10.0.3\ref\net10.0\Microsoft.Extensions.Features.dll".
             Se encontró una referencia en la ubicación de ruta de acceso de búsqueda "{RawFileName}".
             Esta referencia no es "CopyLocal" porque existe al menos un elemento de origen con "Private" establecido en "false" y ningún elemento de origen con "Private" establecido en "true".
         Referencia principal "Microsoft.Extensions.FileProviders.Abstractions, Version=10.0.0.0, Culture=neutral, PublicKeyToken=adb9793829ddae60".
             La ruta de acceso del archivo resuelta es "C:\Program Files\dotnet\packs\Microsoft.AspNetCore.App.Ref\10.0.3\ref\net10.0\Microsoft.Extensions.FileProviders.Abstractions.dll".
             Se encontró una referencia en la ubicación de ruta de acceso de búsqueda "{RawFileName}".
             Esta referencia no es "CopyLocal" porque existe al menos un elemento de origen con "Private" establecido en "false" y ningún elemento de origen con "Private" establecido en "true".
         Referencia principal "Microsoft.Extensions.FileProviders.Composite, Version=10.0.0.0, Culture=neutral, PublicKeyToken=adb9793829ddae60".
             La ruta de acceso del archivo resuelta es "C:\Program Files\dotnet\packs\Microsoft.AspNetCore.App.Ref\10.0.3\ref\net10.0\Microsoft.Extensions.FileProviders.Composite.dll".
             Se encontró una referencia en la ubicación de ruta de acceso de búsqueda "{RawFileName}".
             Esta referencia no es "CopyLocal" porque existe al menos un elemento de origen con "Private" establecido en "false" y ningún elemento de origen con "Private" establecido en "true".
         Referencia principal "Microsoft.Extensions.FileProviders.Embedded, Version=10.0.0.0, Culture=neutral, PublicKeyToken=adb9793829ddae60".
             La ruta de acceso del archivo resuelta es "C:\Program Files\dotnet\packs\Microsoft.AspNetCore.App.Ref\10.0.3\ref\net10.0\Microsoft.Extensions.FileProviders.Embedded.dll".
             Se encontró una referencia en la ubicación de ruta de acceso de búsqueda "{RawFileName}".
             Esta referencia no es "CopyLocal" porque existe al menos un elemento de origen con "Private" establecido en "false" y ningún elemento de origen con "Private" establecido en "true".
         Referencia principal "Microsoft.Extensions.FileProviders.Physical, Version=10.0.0.0, Culture=neutral, PublicKeyToken=adb9793829ddae60".
             La ruta de acceso del archivo resuelta es "C:\Program Files\dotnet\packs\Microsoft.AspNetCore.App.Ref\10.0.3\ref\net10.0\Microsoft.Extensions.FileProviders.Physical.dll".
             Se encontró una referencia en la ubicación de ruta de acceso de búsqueda "{RawFileName}".
             Esta referencia no es "CopyLocal" porque existe al menos un elemento de origen con "Private" establecido en "false" y ningún elemento de origen con "Private" establecido en "true".
         Referencia principal "Microsoft.Extensions.FileSystemGlobbing, Version=10.0.0.0, Culture=neutral, PublicKeyToken=adb9793829ddae60".
             La ruta de acceso del archivo resuelta es "C:\Program Files\dotnet\packs\Microsoft.AspNetCore.App.Ref\10.0.3\ref\net10.0\Microsoft.Extensions.FileSystemGlobbing.dll".
             Se encontró una referencia en la ubicación de ruta de acceso de búsqueda "{RawFileName}".
             Esta referencia no es "CopyLocal" porque existe al menos un elemento de origen con "Private" establecido en "false" y ningún elemento de origen con "Private" establecido en "true".
         Referencia principal "Microsoft.Extensions.Hosting.Abstractions, Version=10.0.0.0, Culture=neutral, PublicKeyToken=adb9793829ddae60".
             La ruta de acceso del archivo resuelta es "C:\Program Files\dotnet\packs\Microsoft.AspNetCore.App.Ref\10.0.3\ref\net10.0\Microsoft.Extensions.Hosting.Abstractions.dll".
             Se encontró una referencia en la ubicación de ruta de acceso de búsqueda "{RawFileName}".
             Esta referencia no es "CopyLocal" porque existe al menos un elemento de origen con "Private" establecido en "false" y ningún elemento de origen con "Private" establecido en "true".
         Referencia principal "Microsoft.Extensions.Hosting, Version=10.0.0.0, Culture=neutral, PublicKeyToken=adb9793829ddae60".
             La ruta de acceso del archivo resuelta es "C:\Program Files\dotnet\packs\Microsoft.AspNetCore.App.Ref\10.0.3\ref\net10.0\Microsoft.Extensions.Hosting.dll".
             Se encontró una referencia en la ubicación de ruta de acceso de búsqueda "{RawFileName}".
             Esta referencia no es "CopyLocal" porque existe al menos un elemento de origen con "Private" establecido en "false" y ningún elemento de origen con "Private" establecido en "true".
         Referencia principal "Microsoft.Extensions.Http, Version=10.0.0.0, Culture=neutral, PublicKeyToken=adb9793829ddae60".
             La ruta de acceso del archivo resuelta es "C:\Program Files\dotnet\packs\Microsoft.AspNetCore.App.Ref\10.0.3\ref\net10.0\Microsoft.Extensions.Http.dll".
             Se encontró una referencia en la ubicación de ruta de acceso de búsqueda "{RawFileName}".
             Esta referencia no es "CopyLocal" porque existe al menos un elemento de origen con "Private" establecido en "false" y ningún elemento de origen con "Private" establecido en "true".
         Referencia principal "Microsoft.Extensions.Identity.Core, Version=10.0.0.0, Culture=neutral, PublicKeyToken=adb9793829ddae60".
             La ruta de acceso del archivo resuelta es "C:\Program Files\dotnet\packs\Microsoft.AspNetCore.App.Ref\10.0.3\ref\net10.0\Microsoft.Extensions.Identity.Core.dll".
             Se encontró una referencia en la ubicación de ruta de acceso de búsqueda "{RawFileName}".
             Esta referencia no es "CopyLocal" porque existe al menos un elemento de origen con "Private" establecido en "false" y ningún elemento de origen con "Private" establecido en "true".
         Referencia principal "Microsoft.Extensions.Identity.Stores, Version=10.0.0.0, Culture=neutral, PublicKeyToken=adb9793829ddae60".
             La ruta de acceso del archivo resuelta es "C:\Program Files\dotnet\packs\Microsoft.AspNetCore.App.Ref\10.0.3\ref\net10.0\Microsoft.Extensions.Identity.Stores.dll".
             Se encontró una referencia en la ubicación de ruta de acceso de búsqueda "{RawFileName}".
             Esta referencia no es "CopyLocal" porque existe al menos un elemento de origen con "Private" establecido en "false" y ningún elemento de origen con "Private" establecido en "true".
         Referencia principal "Microsoft.Extensions.Localization.Abstractions, Version=10.0.0.0, Culture=neutral, PublicKeyToken=adb9793829ddae60".
             La ruta de acceso del archivo resuelta es "C:\Program Files\dotnet\packs\Microsoft.AspNetCore.App.Ref\10.0.3\ref\net10.0\Microsoft.Extensions.Localization.Abstractions.dll".
             Se encontró una referencia en la ubicación de ruta de acceso de búsqueda "{RawFileName}".
             Esta referencia no es "CopyLocal" porque existe al menos un elemento de origen con "Private" establecido en "false" y ningún elemento de origen con "Private" establecido en "true".
         Referencia principal "Microsoft.Extensions.Localization, Version=10.0.0.0, Culture=neutral, PublicKeyToken=adb9793829ddae60".
             La ruta de acceso del archivo resuelta es "C:\Program Files\dotnet\packs\Microsoft.AspNetCore.App.Ref\10.0.3\ref\net10.0\Microsoft.Extensions.Localization.dll".
             Se encontró una referencia en la ubicación de ruta de acceso de búsqueda "{RawFileName}".
             Esta referencia no es "CopyLocal" porque existe al menos un elemento de origen con "Private" establecido en "false" y ningún elemento de origen con "Private" establecido en "true".
         Referencia principal "Microsoft.Extensions.Logging.Abstractions, Version=10.0.0.0, Culture=neutral, PublicKeyToken=adb9793829ddae60".
             La ruta de acceso del archivo resuelta es "C:\Program Files\dotnet\packs\Microsoft.AspNetCore.App.Ref\10.0.3\ref\net10.0\Microsoft.Extensions.Logging.Abstractions.dll".
             Se encontró una referencia en la ubicación de ruta de acceso de búsqueda "{RawFileName}".
             Esta referencia no es "CopyLocal" porque existe al menos un elemento de origen con "Private" establecido en "false" y ningún elemento de origen con "Private" establecido en "true".
         Referencia principal "Microsoft.Extensions.Logging.Configuration, Version=10.0.0.0, Culture=neutral, PublicKeyToken=adb9793829ddae60".
             La ruta de acceso del archivo resuelta es "C:\Program Files\dotnet\packs\Microsoft.AspNetCore.App.Ref\10.0.3\ref\net10.0\Microsoft.Extensions.Logging.Configuration.dll".
             Se encontró una referencia en la ubicación de ruta de acceso de búsqueda "{RawFileName}".
             Esta referencia no es "CopyLocal" porque existe al menos un elemento de origen con "Private" establecido en "false" y ningún elemento de origen con "Private" establecido en "true".
         Referencia principal "Microsoft.Extensions.Logging.Console, Version=10.0.0.0, Culture=neutral, PublicKeyToken=adb9793829ddae60".
             La ruta de acceso del archivo resuelta es "C:\Program Files\dotnet\packs\Microsoft.AspNetCore.App.Ref\10.0.3\ref\net10.0\Microsoft.Extensions.Logging.Console.dll".
             Se encontró una referencia en la ubicación de ruta de acceso de búsqueda "{RawFileName}".
             Esta referencia no es "CopyLocal" porque existe al menos un elemento de origen con "Private" establecido en "false" y ningún elemento de origen con "Private" establecido en "true".
         Referencia principal "Microsoft.Extensions.Logging.Debug, Version=10.0.0.0, Culture=neutral, PublicKeyToken=adb9793829ddae60".
             La ruta de acceso del archivo resuelta es "C:\Program Files\dotnet\packs\Microsoft.AspNetCore.App.Ref\10.0.3\ref\net10.0\Microsoft.Extensions.Logging.Debug.dll".
             Se encontró una referencia en la ubicación de ruta de acceso de búsqueda "{RawFileName}".
             Esta referencia no es "CopyLocal" porque existe al menos un elemento de origen con "Private" establecido en "false" y ningún elemento de origen con "Private" establecido en "true".
         Referencia principal "Microsoft.Extensions.Logging.EventLog, Version=10.0.0.0, Culture=neutral, PublicKeyToken=adb9793829ddae60".
             La ruta de acceso del archivo resuelta es "C:\Program Files\dotnet\packs\Microsoft.AspNetCore.App.Ref\10.0.3\ref\net10.0\Microsoft.Extensions.Logging.EventLog.dll".
             Se encontró una referencia en la ubicación de ruta de acceso de búsqueda "{RawFileName}".
             Esta referencia no es "CopyLocal" porque existe al menos un elemento de origen con "Private" establecido en "false" y ningún elemento de origen con "Private" establecido en "true".
         Referencia principal "Microsoft.Extensions.Logging.EventSource, Version=10.0.0.0, Culture=neutral, PublicKeyToken=adb9793829ddae60".
             La ruta de acceso del archivo resuelta es "C:\Program Files\dotnet\packs\Microsoft.AspNetCore.App.Ref\10.0.3\ref\net10.0\Microsoft.Extensions.Logging.EventSource.dll".
             Se encontró una referencia en la ubicación de ruta de acceso de búsqueda "{RawFileName}".
             Esta referencia no es "CopyLocal" porque existe al menos un elemento de origen con "Private" establecido en "false" y ningún elemento de origen con "Private" establecido en "true".
         Referencia principal "Microsoft.Extensions.Logging.TraceSource, Version=10.0.0.0, Culture=neutral, PublicKeyToken=adb9793829ddae60".
             La ruta de acceso del archivo resuelta es "C:\Program Files\dotnet\packs\Microsoft.AspNetCore.App.Ref\10.0.3\ref\net10.0\Microsoft.Extensions.Logging.TraceSource.dll".
             Se encontró una referencia en la ubicación de ruta de acceso de búsqueda "{RawFileName}".
             Esta referencia no es "CopyLocal" porque existe al menos un elemento de origen con "Private" establecido en "false" y ningún elemento de origen con "Private" establecido en "true".
         Referencia principal "Microsoft.Extensions.Logging, Version=10.0.0.0, Culture=neutral, PublicKeyToken=adb9793829ddae60".
             La ruta de acceso del archivo resuelta es "C:\Program Files\dotnet\packs\Microsoft.AspNetCore.App.Ref\10.0.3\ref\net10.0\Microsoft.Extensions.Logging.dll".
             Se encontró una referencia en la ubicación de ruta de acceso de búsqueda "{RawFileName}".
             Esta referencia no es "CopyLocal" porque existe al menos un elemento de origen con "Private" establecido en "false" y ningún elemento de origen con "Private" establecido en "true".
         Referencia principal "Microsoft.Extensions.ObjectPool, Version=10.0.0.0, Culture=neutral, PublicKeyToken=adb9793829ddae60".
             La ruta de acceso del archivo resuelta es "C:\Program Files\dotnet\packs\Microsoft.AspNetCore.App.Ref\10.0.3\ref\net10.0\Microsoft.Extensions.ObjectPool.dll".
             Se encontró una referencia en la ubicación de ruta de acceso de búsqueda "{RawFileName}".
             Esta referencia no es "CopyLocal" porque existe al menos un elemento de origen con "Private" establecido en "false" y ningún elemento de origen con "Private" establecido en "true".
         Referencia principal "Microsoft.Extensions.Options.ConfigurationExtensions, Version=10.0.0.0, Culture=neutral, PublicKeyToken=adb9793829ddae60".
             La ruta de acceso del archivo resuelta es "C:\Program Files\dotnet\packs\Microsoft.AspNetCore.App.Ref\10.0.3\ref\net10.0\Microsoft.Extensions.Options.ConfigurationExtensions.dll".
             Se encontró una referencia en la ubicación de ruta de acceso de búsqueda "{RawFileName}".
             Esta referencia no es "CopyLocal" porque existe al menos un elemento de origen con "Private" establecido en "false" y ningún elemento de origen con "Private" establecido en "true".
         Referencia principal "Microsoft.Extensions.Options.DataAnnotations, Version=10.0.0.0, Culture=neutral, PublicKeyToken=adb9793829ddae60".
             La ruta de acceso del archivo resuelta es "C:\Program Files\dotnet\packs\Microsoft.AspNetCore.App.Ref\10.0.3\ref\net10.0\Microsoft.Extensions.Options.DataAnnotations.dll".
             Se encontró una referencia en la ubicación de ruta de acceso de búsqueda "{RawFileName}".
             Esta referencia no es "CopyLocal" porque existe al menos un elemento de origen con "Private" establecido en "false" y ningún elemento de origen con "Private" establecido en "true".
         Referencia principal "Microsoft.Extensions.Options, Version=10.0.0.0, Culture=neutral, PublicKeyToken=adb9793829ddae60".
             La ruta de acceso del archivo resuelta es "C:\Program Files\dotnet\packs\Microsoft.AspNetCore.App.Ref\10.0.3\ref\net10.0\Microsoft.Extensions.Options.dll".
             Se encontró una referencia en la ubicación de ruta de acceso de búsqueda "{RawFileName}".
             Esta referencia no es "CopyLocal" porque existe al menos un elemento de origen con "Private" establecido en "false" y ningún elemento de origen con "Private" establecido en "true".
         Referencia principal "Microsoft.Extensions.Primitives, Version=10.0.0.0, Culture=neutral, PublicKeyToken=adb9793829ddae60".
             La ruta de acceso del archivo resuelta es "C:\Program Files\dotnet\packs\Microsoft.AspNetCore.App.Ref\10.0.3\ref\net10.0\Microsoft.Extensions.Primitives.dll".
             Se encontró una referencia en la ubicación de ruta de acceso de búsqueda "{RawFileName}".
             Esta referencia no es "CopyLocal" porque existe al menos un elemento de origen con "Private" establecido en "false" y ningún elemento de origen con "Private" establecido en "true".
         Referencia principal "Microsoft.Extensions.Validation, Version=10.0.0.0, Culture=neutral, PublicKeyToken=adb9793829ddae60".
             La ruta de acceso del archivo resuelta es "C:\Program Files\dotnet\packs\Microsoft.AspNetCore.App.Ref\10.0.3\ref\net10.0\Microsoft.Extensions.Validation.dll".
             Se encontró una referencia en la ubicación de ruta de acceso de búsqueda "{RawFileName}".
             Esta referencia no es "CopyLocal" porque existe al menos un elemento de origen con "Private" establecido en "false" y ningún elemento de origen con "Private" establecido en "true".
         Referencia principal "Microsoft.Extensions.WebEncoders, Version=10.0.0.0, Culture=neutral, PublicKeyToken=adb9793829ddae60".
             La ruta de acceso del archivo resuelta es "C:\Program Files\dotnet\packs\Microsoft.AspNetCore.App.Ref\10.0.3\ref\net10.0\Microsoft.Extensions.WebEncoders.dll".
             Se encontró una referencia en la ubicación de ruta de acceso de búsqueda "{RawFileName}".
             Esta referencia no es "CopyLocal" porque existe al menos un elemento de origen con "Private" establecido en "false" y ningún elemento de origen con "Private" establecido en "true".
         Referencia principal "Microsoft.JSInterop, Version=10.0.0.0, Culture=neutral, PublicKeyToken=adb9793829ddae60".
             La ruta de acceso del archivo resuelta es "C:\Program Files\dotnet\packs\Microsoft.AspNetCore.App.Ref\10.0.3\ref\net10.0\Microsoft.JSInterop.dll".
             Se encontró una referencia en la ubicación de ruta de acceso de búsqueda "{RawFileName}".
             Esta referencia no es "CopyLocal" porque existe al menos un elemento de origen con "Private" establecido en "false" y ningún elemento de origen con "Private" establecido en "true".
         Referencia principal "Microsoft.Net.Http.Headers, Version=10.0.0.0, Culture=neutral, PublicKeyToken=adb9793829ddae60".
             La ruta de acceso del archivo resuelta es "C:\Program Files\dotnet\packs\Microsoft.AspNetCore.App.Ref\10.0.3\ref\net10.0\Microsoft.Net.Http.Headers.dll".
             Se encontró una referencia en la ubicación de ruta de acceso de búsqueda "{RawFileName}".
             Esta referencia no es "CopyLocal" porque existe al menos un elemento de origen con "Private" establecido en "false" y ningún elemento de origen con "Private" establecido en "true".
         Referencia principal "System.Diagnostics.EventLog, Version=10.0.0.0, Culture=neutral, PublicKeyToken=cc7b13ffcd2ddd51".
             La ruta de acceso del archivo resuelta es "C:\Program Files\dotnet\packs\Microsoft.AspNetCore.App.Ref\10.0.3\ref\net10.0\System.Diagnostics.EventLog.dll".
             Se encontró una referencia en la ubicación de ruta de acceso de búsqueda "{RawFileName}".
             Esta referencia no es "CopyLocal" porque existe al menos un elemento de origen con "Private" establecido en "false" y ningún elemento de origen con "Private" establecido en "true".
         Referencia principal "System.Formats.Cbor, Version=10.0.0.0, Culture=neutral, PublicKeyToken=cc7b13ffcd2ddd51".
             La ruta de acceso del archivo resuelta es "C:\Program Files\dotnet\packs\Microsoft.AspNetCore.App.Ref\10.0.3\ref\net10.0\System.Formats.Cbor.dll".
             Se encontró una referencia en la ubicación de ruta de acceso de búsqueda "{RawFileName}".
             Esta referencia no es "CopyLocal" porque existe al menos un elemento de origen con "Private" establecido en "false" y ningún elemento de origen con "Private" establecido en "true".
         Referencia principal "System.Security.Cryptography.Xml, Version=10.0.0.0, Culture=neutral, PublicKeyToken=cc7b13ffcd2ddd51".
             La ruta de acceso del archivo resuelta es "C:\Program Files\dotnet\packs\Microsoft.AspNetCore.App.Ref\10.0.3\ref\net10.0\System.Security.Cryptography.Xml.dll".
             Se encontró una referencia en la ubicación de ruta de acceso de búsqueda "{RawFileName}".
             Esta referencia no es "CopyLocal" porque existe al menos un elemento de origen con "Private" establecido en "false" y ningún elemento de origen con "Private" establecido en "true".
         Referencia principal "System.Threading.RateLimiting, Version=10.0.0.0, Culture=neutral, PublicKeyToken=cc7b13ffcd2ddd51".
             La ruta de acceso del archivo resuelta es "C:\Program Files\dotnet\packs\Microsoft.AspNetCore.App.Ref\10.0.3\ref\net10.0\System.Threading.RateLimiting.dll".
             Se encontró una referencia en la ubicación de ruta de acceso de búsqueda "{RawFileName}".
             Esta referencia no es "CopyLocal" porque existe al menos un elemento de origen con "Private" establecido en "false" y ningún elemento de origen con "Private" establecido en "true".
       Ejecución de la tarea "ResolveAssemblyReference" terminada.
   1:7>Compilación terminada del destino "ResolveAssemblyReferences" en el proyecto "Spherical.csproj".
   1:7>Destino "AfterResolveReferences" en el archivo "C:\Program Files\dotnet\sdk\10.0.103\Microsoft.Common.CurrentVersion.targets" del proyecto "e:\Documentos\Proyectos\Spherikal\Spherical\src\Spherical\Spherical.csproj" (el destino "ResolveReferences" depende de él):
   1:7>Compilación terminada del destino "AfterResolveReferences" en el proyecto "Spherical.csproj".
   1:7>Destino "ResolveReferences" en el archivo "C:\Program Files\dotnet\sdk\10.0.103\Microsoft.Common.CurrentVersion.targets" del proyecto "e:\Documentos\Proyectos\Spherikal\Spherical\src\Spherical\Spherical.csproj" (el destino "_BlockWinMDsOnUnsupportedTFMs" depende de él):
   1:7>Compilación terminada del destino "ResolveReferences" en el proyecto "Spherical.csproj".
   1:7>Destino "_BlockWinMDsOnUnsupportedTFMs" en el archivo "C:\Program Files\dotnet\sdk\10.0.103\Sdks\Microsoft.NET.Sdk\targets\Microsoft.NET.Sdk.targets" del proyecto "e:\Documentos\Proyectos\Spherikal\Spherical\src\Spherical\Spherical.csproj" (el destino "CoreBuild" depende de él):
       Usando la tarea "CheckForUnsupportedWinMDReferences" del ensamblado "C:\Program Files\dotnet\sdk\10.0.103\Sdks\Microsoft.NET.Sdk\targets\..\tools\net10.0\Microsoft.NET.Build.Tasks.dll".
       Tarea "CheckForUnsupportedWinMDReferences"
       Ejecución de la tarea "CheckForUnsupportedWinMDReferences" terminada.
   1:7>Compilación terminada del destino "_BlockWinMDsOnUnsupportedTFMs" en el proyecto "Spherical.csproj".
       Se omitió el destino "ResolveReferences". Compilado previamente de forma correcta.
       Se omitió el destino "ResolvePackageDependenciesForBuild". Compilado previamente de forma correcta.
       Se omitió el destino "_HandlePackageFileConflicts". Compilado previamente de forma correcta.
   1:7>Destino "CopyAdditionalFiles" en el archivo "C:\Program Files\dotnet\sdk\10.0.103\Roslyn\Microsoft.Managed.Core.targets" del proyecto "e:\Documentos\Proyectos\Spherikal\Spherical\src\Spherical\Spherical.csproj" (el destino "AssignTargetPaths" depende de él):
   1:7>Compilación terminada del destino "CopyAdditionalFiles" en el proyecto "Spherical.csproj".
       Se omitió el destino "ResolvePackageAssets". Compilado previamente de forma correcta.
       Se omitió el destino "ResolveFrameworkReferences". Compilado previamente de forma correcta.
   1:7>Destino "_GetAppHostPaths" en el archivo "C:\Program Files\dotnet\sdk\10.0.103\Sdks\Microsoft.NET.Sdk\targets\Microsoft.NET.Sdk.targets" del proyecto "e:\Documentos\Proyectos\Spherikal\Spherical\src\Spherical\Spherical.csproj" (el destino "_ComputeNETCoreBuildOutputFiles" depende de él):
   1:7>Compilación terminada del destino "_GetAppHostPaths" en el proyecto "Spherical.csproj".
   1:7>Destino "_GetAppHostCreationConfiguration" en el archivo "C:\Program Files\dotnet\sdk\10.0.103\Sdks\Microsoft.NET.Sdk\targets\Microsoft.NET.Sdk.targets" del proyecto "e:\Documentos\Proyectos\Spherikal\Spherical\src\Spherical\Spherical.csproj" (el destino "_ComputeNETCoreBuildOutputFiles" depende de él):
   1:7>Compilación terminada del destino "_GetAppHostCreationConfiguration" en el proyecto "Spherical.csproj".
   1:7>Destino "_ComputeNETCoreBuildOutputFiles" en el archivo "C:\Program Files\dotnet\sdk\10.0.103\Sdks\Microsoft.NET.Sdk\targets\Microsoft.NET.Sdk.targets" del proyecto "e:\Documentos\Proyectos\Spherikal\Spherical\src\Spherical\Spherical.csproj" (el destino "AssignTargetPaths" depende de él):
   1:7>Compilación terminada del destino "_ComputeNETCoreBuildOutputFiles" en el proyecto "Spherical.csproj".
   1:7>Destino "ResolveStaticWebAssetsConfiguration" en el archivo "C:\Program Files\dotnet\sdk\10.0.103\Sdks\Microsoft.NET.Sdk.StaticWebAssets\targets\Microsoft.NET.Sdk.StaticWebAssets.targets" del proyecto "e:\Documentos\Proyectos\Spherikal\Spherical\src\Spherical\Spherical.csproj" (el destino "ResolveProjectStaticWebAssets" depende de él):
   1:7>Compilación terminada del destino "ResolveStaticWebAssetsConfiguration" en el proyecto "Spherical.csproj".
   1:7>Destino "UpdateExistingPackageStaticWebAssets" en el archivo "C:\Program Files\dotnet\sdk\10.0.103\Sdks\Microsoft.NET.Sdk.StaticWebAssets\targets\Microsoft.NET.Sdk.StaticWebAssets.targets" del proyecto "e:\Documentos\Proyectos\Spherikal\Spherical\src\Spherical\Spherical.csproj" (el destino "ResolveProjectStaticWebAssets" depende de él):
       Usando la tarea "UpdatePackageStaticWebAssets" del ensamblado "C:\Program Files\dotnet\sdk\10.0.103\Sdks\Microsoft.NET.Sdk.StaticWebAssets\targets\..\tasks\net10.0\Microsoft.NET.Sdk.StaticWebAssets.Tasks.dll".
       Tarea "UpdatePackageStaticWebAssets"
       Ejecución de la tarea "UpdatePackageStaticWebAssets" terminada.
       Usando la tarea "DefineStaticWebAssetEndpoints" del ensamblado "C:\Program Files\dotnet\sdk\10.0.103\Sdks\Microsoft.NET.Sdk.StaticWebAssets\targets\..\tasks\net10.0\Microsoft.NET.Sdk.StaticWebAssets.Tasks.dll".
       Tarea "DefineStaticWebAssetEndpoints"
       Ejecución de la tarea "DefineStaticWebAssetEndpoints" terminada.
   1:7>Compilación terminada del destino "UpdateExistingPackageStaticWebAssets" en el proyecto "Spherical.csproj".
   1:7>Destino "ResolveProjectStaticWebAssets" en el archivo "C:\Program Files\dotnet\sdk\10.0.103\Sdks\Microsoft.NET.Sdk.StaticWebAssets\targets\Microsoft.NET.Sdk.StaticWebAssets.targets" del proyecto "e:\Documentos\Proyectos\Spherikal\Spherical\src\Spherical\Spherical.csproj" (el destino "AssignTargetPaths" depende de él):
       Usando la tarea "DefineStaticWebAssets" del ensamblado "C:\Program Files\dotnet\sdk\10.0.103\Sdks\Microsoft.NET.Sdk.StaticWebAssets\targets\..\tasks\net10.0\Microsoft.NET.Sdk.StaticWebAssets.Tasks.dll".
       Tarea "DefineStaticWebAssets"
         Updating cache completely.
         TargetPath 'BuildHost-net472\Microsoft.Build.Locator.dll' found for candidate 'D:\Usuarios\german.alvarez\.nuget\packages\microsoft.codeanalysis.workspaces.msbuild\4.14.0\contentFiles\any\any\BuildHost-net472\Microsoft.Build.Locator.dll' and will be used for matching.
         Rejected asset 'BuildHost-net472\Microsoft.Build.Locator.dll' for pattern 'wwwroot/**'
         TargetPath 'BuildHost-net472\Microsoft.CodeAnalysis.Workspaces.MSBuild.BuildHost.exe' found for candidate 'D:\Usuarios\german.alvarez\.nuget\packages\microsoft.codeanalysis.workspaces.msbuild\4.14.0\contentFiles\any\any\BuildHost-net472\Microsoft.CodeAnalysis.Workspaces.MSBuild.BuildHost.exe' and will be used for matching.
         Rejected asset 'BuildHost-net472\Microsoft.CodeAnalysis.Workspaces.MSBuild.BuildHost.exe' for pattern 'wwwroot/**'
         TargetPath 'BuildHost-net472\Microsoft.CodeAnalysis.Workspaces.MSBuild.BuildHost.exe.config' found for candidate 'D:\Usuarios\german.alvarez\.nuget\packages\microsoft.codeanalysis.workspaces.msbuild\4.14.0\contentFiles\any\any\BuildHost-net472\Microsoft.CodeAnalysis.Workspaces.MSBuild.BuildHost.exe.config' and will be used for matching.
         Rejected asset 'BuildHost-net472\Microsoft.CodeAnalysis.Workspaces.MSBuild.BuildHost.exe.config' for pattern 'wwwroot/**'
         TargetPath 'BuildHost-net472\Microsoft.IO.Redist.dll' found for candidate 'D:\Usuarios\german.alvarez\.nuget\packages\microsoft.codeanalysis.workspaces.msbuild\4.14.0\contentFiles\any\any\BuildHost-net472\Microsoft.IO.Redist.dll' and will be used for matching.
         Rejected asset 'BuildHost-net472\Microsoft.IO.Redist.dll' for pattern 'wwwroot/**'
         TargetPath 'BuildHost-net472\Newtonsoft.Json.dll' found for candidate 'D:\Usuarios\german.alvarez\.nuget\packages\microsoft.codeanalysis.workspaces.msbuild\4.14.0\contentFiles\any\any\BuildHost-net472\Newtonsoft.Json.dll' and will be used for matching.
         Rejected asset 'BuildHost-net472\Newtonsoft.Json.dll' for pattern 'wwwroot/**'
         TargetPath 'BuildHost-net472\System.Buffers.dll' found for candidate 'D:\Usuarios\german.alvarez\.nuget\packages\microsoft.codeanalysis.workspaces.msbuild\4.14.0\contentFiles\any\any\BuildHost-net472\System.Buffers.dll' and will be used for matching.
         Rejected asset 'BuildHost-net472\System.Buffers.dll' for pattern 'wwwroot/**'
         TargetPath 'BuildHost-net472\System.Collections.Immutable.dll' found for candidate 'D:\Usuarios\german.alvarez\.nuget\packages\microsoft.codeanalysis.workspaces.msbuild\4.14.0\contentFiles\any\any\BuildHost-net472\System.Collections.Immutable.dll' and will be used for matching.
         Rejected asset 'BuildHost-net472\System.Collections.Immutable.dll' for pattern 'wwwroot/**'
         TargetPath 'BuildHost-net472\System.CommandLine.dll' found for candidate 'D:\Usuarios\german.alvarez\.nuget\packages\microsoft.codeanalysis.workspaces.msbuild\4.14.0\contentFiles\any\any\BuildHost-net472\System.CommandLine.dll' and will be used for matching.
         Rejected asset 'BuildHost-net472\System.CommandLine.dll' for pattern 'wwwroot/**'
         TargetPath 'BuildHost-net472\System.Memory.dll' found for candidate 'D:\Usuarios\german.alvarez\.nuget\packages\microsoft.codeanalysis.workspaces.msbuild\4.14.0\contentFiles\any\any\BuildHost-net472\System.Memory.dll' and will be used for matching.
         Rejected asset 'BuildHost-net472\System.Memory.dll' for pattern 'wwwroot/**'
         TargetPath 'BuildHost-net472\System.Numerics.Vectors.dll' found for candidate 'D:\Usuarios\german.alvarez\.nuget\packages\microsoft.codeanalysis.workspaces.msbuild\4.14.0\contentFiles\any\any\BuildHost-net472\System.Numerics.Vectors.dll' and will be used for matching.
         Rejected asset 'BuildHost-net472\System.Numerics.Vectors.dll' for pattern 'wwwroot/**'
         TargetPath 'BuildHost-net472\System.Runtime.CompilerServices.Unsafe.dll' found for candidate 'D:\Usuarios\german.alvarez\.nuget\packages\microsoft.codeanalysis.workspaces.msbuild\4.14.0\contentFiles\any\any\BuildHost-net472\System.Runtime.CompilerServices.Unsafe.dll' and will be used for matching.
         Rejected asset 'BuildHost-net472\System.Runtime.CompilerServices.Unsafe.dll' for pattern 'wwwroot/**'
         TargetPath 'BuildHost-net472\System.Threading.Tasks.Extensions.dll' found for candidate 'D:\Usuarios\german.alvarez\.nuget\packages\microsoft.codeanalysis.workspaces.msbuild\4.14.0\contentFiles\any\any\BuildHost-net472\System.Threading.Tasks.Extensions.dll' and will be used for matching.
         Rejected asset 'BuildHost-net472\System.Threading.Tasks.Extensions.dll' for pattern 'wwwroot/**'
         TargetPath 'BuildHost-net472\cs\System.CommandLine.resources.dll' found for candidate 'D:\Usuarios\german.alvarez\.nuget\packages\microsoft.codeanalysis.workspaces.msbuild\4.14.0\contentFiles\any\any\BuildHost-net472\cs\System.CommandLine.resources.dll' and will be used for matching.
         Rejected asset 'BuildHost-net472\cs\System.CommandLine.resources.dll' for pattern 'wwwroot/**'
         TargetPath 'BuildHost-net472\de\System.CommandLine.resources.dll' found for candidate 'D:\Usuarios\german.alvarez\.nuget\packages\microsoft.codeanalysis.workspaces.msbuild\4.14.0\contentFiles\any\any\BuildHost-net472\de\System.CommandLine.resources.dll' and will be used for matching.
         Rejected asset 'BuildHost-net472\de\System.CommandLine.resources.dll' for pattern 'wwwroot/**'
         TargetPath 'BuildHost-net472\es\System.CommandLine.resources.dll' found for candidate 'D:\Usuarios\german.alvarez\.nuget\packages\microsoft.codeanalysis.workspaces.msbuild\4.14.0\contentFiles\any\any\BuildHost-net472\es\System.CommandLine.resources.dll' and will be used for matching.
         Rejected asset 'BuildHost-net472\es\System.CommandLine.resources.dll' for pattern 'wwwroot/**'
         TargetPath 'BuildHost-net472\fr\System.CommandLine.resources.dll' found for candidate 'D:\Usuarios\german.alvarez\.nuget\packages\microsoft.codeanalysis.workspaces.msbuild\4.14.0\contentFiles\any\any\BuildHost-net472\fr\System.CommandLine.resources.dll' and will be used for matching.
         Rejected asset 'BuildHost-net472\fr\System.CommandLine.resources.dll' for pattern 'wwwroot/**'
         TargetPath 'BuildHost-net472\it\System.CommandLine.resources.dll' found for candidate 'D:\Usuarios\german.alvarez\.nuget\packages\microsoft.codeanalysis.workspaces.msbuild\4.14.0\contentFiles\any\any\BuildHost-net472\it\System.CommandLine.resources.dll' and will be used for matching.
         Rejected asset 'BuildHost-net472\it\System.CommandLine.resources.dll' for pattern 'wwwroot/**'
         TargetPath 'BuildHost-net472\ja\System.CommandLine.resources.dll' found for candidate 'D:\Usuarios\german.alvarez\.nuget\packages\microsoft.codeanalysis.workspaces.msbuild\4.14.0\contentFiles\any\any\BuildHost-net472\ja\System.CommandLine.resources.dll' and will be used for matching.
         Rejected asset 'BuildHost-net472\ja\System.CommandLine.resources.dll' for pattern 'wwwroot/**'
         TargetPath 'BuildHost-net472\ko\System.CommandLine.resources.dll' found for candidate 'D:\Usuarios\german.alvarez\.nuget\packages\microsoft.codeanalysis.workspaces.msbuild\4.14.0\contentFiles\any\any\BuildHost-net472\ko\System.CommandLine.resources.dll' and will be used for matching.
         Rejected asset 'BuildHost-net472\ko\System.CommandLine.resources.dll' for pattern 'wwwroot/**'
         TargetPath 'BuildHost-net472\pl\System.CommandLine.resources.dll' found for candidate 'D:\Usuarios\german.alvarez\.nuget\packages\microsoft.codeanalysis.workspaces.msbuild\4.14.0\contentFiles\any\any\BuildHost-net472\pl\System.CommandLine.resources.dll' and will be used for matching.
         Rejected asset 'BuildHost-net472\pl\System.CommandLine.resources.dll' for pattern 'wwwroot/**'
         TargetPath 'BuildHost-net472\pt-BR\System.CommandLine.resources.dll' found for candidate 'D:\Usuarios\german.alvarez\.nuget\packages\microsoft.codeanalysis.workspaces.msbuild\4.14.0\contentFiles\any\any\BuildHost-net472\pt-BR\System.CommandLine.resources.dll' and will be used for matching.
         Rejected asset 'BuildHost-net472\pt-BR\System.CommandLine.resources.dll' for pattern 'wwwroot/**'
         TargetPath 'BuildHost-net472\ru\System.CommandLine.resources.dll' found for candidate 'D:\Usuarios\german.alvarez\.nuget\packages\microsoft.codeanalysis.workspaces.msbuild\4.14.0\contentFiles\any\any\BuildHost-net472\ru\System.CommandLine.resources.dll' and will be used for matching.
         Rejected asset 'BuildHost-net472\ru\System.CommandLine.resources.dll' for pattern 'wwwroot/**'
         TargetPath 'BuildHost-net472\tr\System.CommandLine.resources.dll' found for candidate 'D:\Usuarios\german.alvarez\.nuget\packages\microsoft.codeanalysis.workspaces.msbuild\4.14.0\contentFiles\any\any\BuildHost-net472\tr\System.CommandLine.resources.dll' and will be used for matching.
         Rejected asset 'BuildHost-net472\tr\System.CommandLine.resources.dll' for pattern 'wwwroot/**'
         TargetPath 'BuildHost-net472\zh-Hans\System.CommandLine.resources.dll' found for candidate 'D:\Usuarios\german.alvarez\.nuget\packages\microsoft.codeanalysis.workspaces.msbuild\4.14.0\contentFiles\any\any\BuildHost-net472\zh-Hans\System.CommandLine.resources.dll' and will be used for matching.
         Rejected asset 'BuildHost-net472\zh-Hans\System.CommandLine.resources.dll' for pattern 'wwwroot/**'
         TargetPath 'BuildHost-net472\zh-Hant\System.CommandLine.resources.dll' found for candidate 'D:\Usuarios\german.alvarez\.nuget\packages\microsoft.codeanalysis.workspaces.msbuild\4.14.0\contentFiles\any\any\BuildHost-net472\zh-Hant\System.CommandLine.resources.dll' and will be used for matching.
         Rejected asset 'BuildHost-net472\zh-Hant\System.CommandLine.resources.dll' for pattern 'wwwroot/**'
         TargetPath 'BuildHost-netcore\Microsoft.Build.Locator.dll' found for candidate 'D:\Usuarios\german.alvarez\.nuget\packages\microsoft.codeanalysis.workspaces.msbuild\4.14.0\contentFiles\any\any\BuildHost-netcore\Microsoft.Build.Locator.dll' and will be used for matching.
         Rejected asset 'BuildHost-netcore\Microsoft.Build.Locator.dll' for pattern 'wwwroot/**'
         TargetPath 'BuildHost-netcore\Microsoft.CodeAnalysis.Workspaces.MSBuild.BuildHost.deps.json' found for candidate 'D:\Usuarios\german.alvarez\.nuget\packages\microsoft.codeanalysis.workspaces.msbuild\4.14.0\contentFiles\any\any\BuildHost-netcore\Microsoft.CodeAnalysis.Workspaces.MSBuild.BuildHost.deps.json' and will be used for matching.
         Rejected asset 'BuildHost-netcore\Microsoft.CodeAnalysis.Workspaces.MSBuild.BuildHost.deps.json' for pattern 'wwwroot/**'
         TargetPath 'BuildHost-netcore\Microsoft.CodeAnalysis.Workspaces.MSBuild.BuildHost.dll' found for candidate 'D:\Usuarios\german.alvarez\.nuget\packages\microsoft.codeanalysis.workspaces.msbuild\4.14.0\contentFiles\any\any\BuildHost-netcore\Microsoft.CodeAnalysis.Workspaces.MSBuild.BuildHost.dll' and will be used for matching.
         Rejected asset 'BuildHost-netcore\Microsoft.CodeAnalysis.Workspaces.MSBuild.BuildHost.dll' for pattern 'wwwroot/**'
         TargetPath 'BuildHost-netcore\Microsoft.CodeAnalysis.Workspaces.MSBuild.BuildHost.dll.config' found for candidate 'D:\Usuarios\german.alvarez\.nuget\packages\microsoft.codeanalysis.workspaces.msbuild\4.14.0\contentFiles\any\any\BuildHost-netcore\Microsoft.CodeAnalysis.Workspaces.MSBuild.BuildHost.dll.config' and will be used for matching.
         Rejected asset 'BuildHost-netcore\Microsoft.CodeAnalysis.Workspaces.MSBuild.BuildHost.dll.config' for pattern 'wwwroot/**'
         TargetPath 'BuildHost-netcore\Microsoft.CodeAnalysis.Workspaces.MSBuild.BuildHost.runtimeconfig.json' found for candidate 'D:\Usuarios\german.alvarez\.nuget\packages\microsoft.codeanalysis.workspaces.msbuild\4.14.0\contentFiles\any\any\BuildHost-netcore\Microsoft.CodeAnalysis.Workspaces.MSBuild.BuildHost.runtimeconfig.json' and will be used for matching.
         Rejected asset 'BuildHost-netcore\Microsoft.CodeAnalysis.Workspaces.MSBuild.BuildHost.runtimeconfig.json' for pattern 'wwwroot/**'
         TargetPath 'BuildHost-netcore\Newtonsoft.Json.dll' found for candidate 'D:\Usuarios\german.alvarez\.nuget\packages\microsoft.codeanalysis.workspaces.msbuild\4.14.0\contentFiles\any\any\BuildHost-netcore\Newtonsoft.Json.dll' and will be used for matching.
         Rejected asset 'BuildHost-netcore\Newtonsoft.Json.dll' for pattern 'wwwroot/**'
         TargetPath 'BuildHost-netcore\System.Collections.Immutable.dll' found for candidate 'D:\Usuarios\german.alvarez\.nuget\packages\microsoft.codeanalysis.workspaces.msbuild\4.14.0\contentFiles\any\any\BuildHost-netcore\System.Collections.Immutable.dll' and will be used for matching.
         Rejected asset 'BuildHost-netcore\System.Collections.Immutable.dll' for pattern 'wwwroot/**'
         TargetPath 'BuildHost-netcore\System.CommandLine.dll' found for candidate 'D:\Usuarios\german.alvarez\.nuget\packages\microsoft.codeanalysis.workspaces.msbuild\4.14.0\contentFiles\any\any\BuildHost-netcore\System.CommandLine.dll' and will be used for matching.
         Rejected asset 'BuildHost-netcore\System.CommandLine.dll' for pattern 'wwwroot/**'
         TargetPath 'BuildHost-netcore\cs\System.CommandLine.resources.dll' found for candidate 'D:\Usuarios\german.alvarez\.nuget\packages\microsoft.codeanalysis.workspaces.msbuild\4.14.0\contentFiles\any\any\BuildHost-netcore\cs\System.CommandLine.resources.dll' and will be used for matching.
         Rejected asset 'BuildHost-netcore\cs\System.CommandLine.resources.dll' for pattern 'wwwroot/**'
         TargetPath 'BuildHost-netcore\de\System.CommandLine.resources.dll' found for candidate 'D:\Usuarios\german.alvarez\.nuget\packages\microsoft.codeanalysis.workspaces.msbuild\4.14.0\contentFiles\any\any\BuildHost-netcore\de\System.CommandLine.resources.dll' and will be used for matching.
         Rejected asset 'BuildHost-netcore\de\System.CommandLine.resources.dll' for pattern 'wwwroot/**'
         TargetPath 'BuildHost-netcore\es\System.CommandLine.resources.dll' found for candidate 'D:\Usuarios\german.alvarez\.nuget\packages\microsoft.codeanalysis.workspaces.msbuild\4.14.0\contentFiles\any\any\BuildHost-netcore\es\System.CommandLine.resources.dll' and will be used for matching.
         Rejected asset 'BuildHost-netcore\es\System.CommandLine.resources.dll' for pattern 'wwwroot/**'
         TargetPath 'BuildHost-netcore\fr\System.CommandLine.resources.dll' found for candidate 'D:\Usuarios\german.alvarez\.nuget\packages\microsoft.codeanalysis.workspaces.msbuild\4.14.0\contentFiles\any\any\BuildHost-netcore\fr\System.CommandLine.resources.dll' and will be used for matching.
         Rejected asset 'BuildHost-netcore\fr\System.CommandLine.resources.dll' for pattern 'wwwroot/**'
         TargetPath 'BuildHost-netcore\it\System.CommandLine.resources.dll' found for candidate 'D:\Usuarios\german.alvarez\.nuget\packages\microsoft.codeanalysis.workspaces.msbuild\4.14.0\contentFiles\any\any\BuildHost-netcore\it\System.CommandLine.resources.dll' and will be used for matching.
         Rejected asset 'BuildHost-netcore\it\System.CommandLine.resources.dll' for pattern 'wwwroot/**'
         TargetPath 'BuildHost-netcore\ja\System.CommandLine.resources.dll' found for candidate 'D:\Usuarios\german.alvarez\.nuget\packages\microsoft.codeanalysis.workspaces.msbuild\4.14.0\contentFiles\any\any\BuildHost-netcore\ja\System.CommandLine.resources.dll' and will be used for matching.
         Rejected asset 'BuildHost-netcore\ja\System.CommandLine.resources.dll' for pattern 'wwwroot/**'
         TargetPath 'BuildHost-netcore\ko\System.CommandLine.resources.dll' found for candidate 'D:\Usuarios\german.alvarez\.nuget\packages\microsoft.codeanalysis.workspaces.msbuild\4.14.0\contentFiles\any\any\BuildHost-netcore\ko\System.CommandLine.resources.dll' and will be used for matching.
         Rejected asset 'BuildHost-netcore\ko\System.CommandLine.resources.dll' for pattern 'wwwroot/**'
         TargetPath 'BuildHost-netcore\pl\System.CommandLine.resources.dll' found for candidate 'D:\Usuarios\german.alvarez\.nuget\packages\microsoft.codeanalysis.workspaces.msbuild\4.14.0\contentFiles\any\any\BuildHost-netcore\pl\System.CommandLine.resources.dll' and will be used for matching.
         Rejected asset 'BuildHost-netcore\pl\System.CommandLine.resources.dll' for pattern 'wwwroot/**'
         TargetPath 'BuildHost-netcore\pt-BR\System.CommandLine.resources.dll' found for candidate 'D:\Usuarios\german.alvarez\.nuget\packages\microsoft.codeanalysis.workspaces.msbuild\4.14.0\contentFiles\any\any\BuildHost-netcore\pt-BR\System.CommandLine.resources.dll' and will be used for matching.
         Rejected asset 'BuildHost-netcore\pt-BR\System.CommandLine.resources.dll' for pattern 'wwwroot/**'
         TargetPath 'BuildHost-netcore\ru\System.CommandLine.resources.dll' found for candidate 'D:\Usuarios\german.alvarez\.nuget\packages\microsoft.codeanalysis.workspaces.msbuild\4.14.0\contentFiles\any\any\BuildHost-netcore\ru\System.CommandLine.resources.dll' and will be used for matching.
         Rejected asset 'BuildHost-netcore\ru\System.CommandLine.resources.dll' for pattern 'wwwroot/**'
         TargetPath 'BuildHost-netcore\tr\System.CommandLine.resources.dll' found for candidate 'D:\Usuarios\german.alvarez\.nuget\packages\microsoft.codeanalysis.workspaces.msbuild\4.14.0\contentFiles\any\any\BuildHost-netcore\tr\System.CommandLine.resources.dll' and will be used for matching.
         Rejected asset 'BuildHost-netcore\tr\System.CommandLine.resources.dll' for pattern 'wwwroot/**'
         TargetPath 'BuildHost-netcore\zh-Hans\System.CommandLine.resources.dll' found for candidate 'D:\Usuarios\german.alvarez\.nuget\packages\microsoft.codeanalysis.workspaces.msbuild\4.14.0\contentFiles\any\any\BuildHost-netcore\zh-Hans\System.CommandLine.resources.dll' and will be used for matching.
         Rejected asset 'BuildHost-netcore\zh-Hans\System.CommandLine.resources.dll' for pattern 'wwwroot/**'
         TargetPath 'BuildHost-netcore\zh-Hant\System.CommandLine.resources.dll' found for candidate 'D:\Usuarios\german.alvarez\.nuget\packages\microsoft.codeanalysis.workspaces.msbuild\4.14.0\contentFiles\any\any\BuildHost-netcore\zh-Hant\System.CommandLine.resources.dll' and will be used for matching.
         Rejected asset 'BuildHost-netcore\zh-Hant\System.CommandLine.resources.dll' for pattern 'wwwroot/**'
         Accepted asset 'wwwroot\app.css' for pattern 'wwwroot/**' with relative path 'app.css'
         Computing fingerprint and integrity for asset 'wwwroot\app.css'
         Ensamblado cargado durante TaskRun (Microsoft.AspNetCore.StaticWebAssets.Tasks.DefineStaticWebAssets): System.Runtime.Intrinsics, Version=10.0.0.0, Culture=neutral, PublicKeyToken=cc7b13ffcd2ddd51(ubicación: C:\Program Files\dotnet\shared\Microsoft.NETCore.App\10.0.3\System.Runtime.Intrinsics.dll, MVID: 9f5af1ce-aa80-4680-b03a-60771503d33f, AssemblyLoadContext: Default)
         Fingerprinting asset 'app.css' as 'app#[.{fingerprint}]?.css' because it didn't match any pattern
         Accepted asset 'wwwroot\favicon.ico' for pattern 'wwwroot/**' with relative path 'favicon.ico'
         Computing fingerprint and integrity for asset 'wwwroot\favicon.ico'
         Fingerprinting asset 'favicon.ico' as 'favicon#[.{fingerprint}]?.ico' because it didn't match any pattern
         Accepted asset 'wwwroot\js\download.js' for pattern 'wwwroot/**' with relative path 'js/download.js'
         Computing fingerprint and integrity for asset 'wwwroot\js\download.js'
         Fingerprinting asset 'js/download.js' as 'js\download#[.{fingerprint}]?.js' because it didn't match any pattern
         Accepted asset 'wwwroot\js\preventEnterSubmit.js' for pattern 'wwwroot/**' with relative path 'js/preventEnterSubmit.js'
         Computing fingerprint and integrity for asset 'wwwroot\js\preventEnterSubmit.js'
         Fingerprinting asset 'js/preventEnterSubmit.js' as 'js\preventEnterSubmit#[.{fingerprint}]?.js' because it didn't match any pattern
         Accepted asset 'wwwroot\plantillas\MovimientoInventario.xlsx' for pattern 'wwwroot/**' with relative path 'plantillas/MovimientoInventario.xlsx'
         Computing fingerprint and integrity for asset 'wwwroot\plantillas\MovimientoInventario.xlsx'
         Fingerprinting asset 'plantillas/MovimientoInventario.xlsx' as 'plantillas\MovimientoInventario#[.{fingerprint}]?.xlsx' because it didn't match any pattern
         Rejected asset 'appsettings.Development.json' for pattern 'wwwroot/**'
         Rejected asset 'appsettings.json' for pattern 'wwwroot/**'
         Rejected asset 'Pages\Error.cshtml' for pattern 'wwwroot/**'
         Rejected asset 'App.razor' for pattern 'wwwroot/**'
         Rejected asset 'Areas\Login\Login.razor' for pattern 'wwwroot/**'
         Rejected asset 'Components\ConfirmDeleteDialog.razor' for pattern 'wwwroot/**'
         Rejected asset 'Components\PageBase.razor' for pattern 'wwwroot/**'
         Rejected asset 'Components\SphAutentication.razor' for pattern 'wwwroot/**'
         Rejected asset 'Components\SphCargueMasivoElementos.razor' for pattern 'wwwroot/**'
         Rejected asset 'Components\SphDashboard.razor' for pattern 'wwwroot/**'
         Rejected asset 'Components\SphElementoModal.razor' for pattern 'wwwroot/**'
         Rejected asset 'Components\SphGestionElemento.razor' for pattern 'wwwroot/**'
         Rejected asset 'Components\SphGestionMovimientoInventario.razor' for pattern 'wwwroot/**'
         Rejected asset 'Components\SphLayout.razor' for pattern 'wwwroot/**'
         Rejected asset 'Components\SphMenu.razor' for pattern 'wwwroot/**'
         Rejected asset 'Components\SphMovimientoInventarioModal.razor' for pattern 'wwwroot/**'
         Rejected asset 'Pages\GestionElementos.razor' for pattern 'wwwroot/**'
         Rejected asset 'Pages\GestionMovimientoInventario.razor' for pattern 'wwwroot/**'
         Rejected asset 'Pages\Index.razor' for pattern 'wwwroot/**'
         Rejected asset 'Routes.razor' for pattern 'wwwroot/**'
         Rejected asset 'Shared\MainLayout.razor' for pattern 'wwwroot/**'
         Rejected asset 'Shared\SurveyPrompt.razor' for pattern 'wwwroot/**'
         Rejected asset '_Imports.razor' for pattern 'wwwroot/**'
         Ensamblado cargado durante TaskRun (Microsoft.AspNetCore.StaticWebAssets.Tasks.DefineStaticWebAssets): System.IO.Pipelines, Version=10.0.0.0, Culture=neutral, PublicKeyToken=cc7b13ffcd2ddd51(ubicación: C:\Program Files\dotnet\shared\Microsoft.NETCore.App\10.0.3\System.IO.Pipelines.dll, MVID: 47531204-037a-4e5d-8cf9-b7a73083f638, AssemblyLoadContext: Default)
       Ejecución de la tarea "DefineStaticWebAssets" terminada.
       Tarea "DefineStaticWebAssetEndpoints"
         Matched js/download.js to text/javascript using pattern *.js
         Matched plantillas/MovimientoInventario.xlsx to application/vnd.openxmlformats-officedocument.spreadsheetml.sheet using pattern *.xlsx
         Matched favicon.ico to image/x-icon using pattern *.ico
         Matched app.css to text/css using pattern *.css
         Matched js/preventEnterSubmit.js to text/javascript using pattern *.js
         Adding endpoint app.css for asset e:\Documentos\Proyectos\Spherikal\Spherical\src\Spherical\wwwroot\app.css.
         Adding endpoint favicon.ico for asset e:\Documentos\Proyectos\Spherikal\Spherical\src\Spherical\wwwroot\favicon.ico.
         Adding endpoint js/download.js for asset e:\Documentos\Proyectos\Spherikal\Spherical\src\Spherical\wwwroot\js\download.js.
         Adding endpoint plantillas/MovimientoInventario.xlsx for asset e:\Documentos\Proyectos\Spherikal\Spherical\src\Spherical\wwwroot\plantillas\MovimientoInventario.xlsx.
         Adding endpoint js/preventEnterSubmit.js for asset e:\Documentos\Proyectos\Spherikal\Spherical\src\Spherical\wwwroot\js\preventEnterSubmit.js.
         Matched js/preventEnterSubmit.js to text/javascript using pattern *.js
         Matched favicon.ico to image/x-icon using pattern *.ico
         Matched js/download.js to text/javascript using pattern *.js
         Matched plantillas/MovimientoInventario.xlsx to application/vnd.openxmlformats-officedocument.spreadsheetml.sheet using pattern *.xlsx
         Matched app.css to text/css using pattern *.css
         Adding endpoint js/preventEnterSubmit.um5jrdtdf0.js for asset e:\Documentos\Proyectos\Spherikal\Spherical\src\Spherical\wwwroot\js\preventEnterSubmit.js.
         Adding endpoint app.nj0ng14ttn.css for asset e:\Documentos\Proyectos\Spherikal\Spherical\src\Spherical\wwwroot\app.css.
         Adding endpoint plantillas/MovimientoInventario.chfvmjxa2k.xlsx for asset e:\Documentos\Proyectos\Spherikal\Spherical\src\Spherical\wwwroot\plantillas\MovimientoInventario.xlsx.
         Adding endpoint favicon.vt5ps4yweq.ico for asset e:\Documentos\Proyectos\Spherikal\Spherical\src\Spherical\wwwroot\favicon.ico.
         Adding endpoint js/download.cm0sxn2of0.js for asset e:\Documentos\Proyectos\Spherikal\Spherical\src\Spherical\wwwroot\js\download.js.
       Ejecución de la tarea "DefineStaticWebAssetEndpoints" terminada.
   1:7>Compilación terminada del destino "ResolveProjectStaticWebAssets" en el proyecto "Spherical.csproj".
   1:7>Destino "AssignTargetPaths" en el archivo "C:\Program Files\dotnet\sdk\10.0.103\Microsoft.Common.CurrentVersion.targets" del proyecto "e:\Documentos\Proyectos\Spherikal\Spherical\src\Spherical\Spherical.csproj" (el destino "PrepareResourceNames" depende de él):
       Usando la tarea "AssignTargetPath" del ensamblado "Microsoft.Build.Tasks.Core, Version=15.1.0.0, Culture=neutral, PublicKeyToken=b03f5f7f11d50a3a".
       Tarea "AssignTargetPath"
       Ejecución de la tarea "AssignTargetPath" terminada.
       Tarea "AssignTargetPath"
       Ejecución de la tarea "AssignTargetPath" terminada.
       Tarea "AssignTargetPath"
       Ejecución de la tarea "AssignTargetPath" terminada.
       Tarea "AssignTargetPath"
       Ejecución de la tarea "AssignTargetPath" terminada.
   1:7>Compilación terminada del destino "AssignTargetPaths" en el proyecto "Spherical.csproj".
       Se omitió el destino "AssignTargetPaths". Compilado previamente de forma correcta.
   1:7>Destino "SplitResourcesByCulture" en el archivo "C:\Program Files\dotnet\sdk\10.0.103\Microsoft.Common.CurrentVersion.targets" del proyecto "e:\Documentos\Proyectos\Spherikal\Spherical\src\Spherical\Spherical.csproj" (el destino "PrepareResourceNames" depende de él):
       Usando la tarea "AssignCulture" del ensamblado "Microsoft.Build.Tasks.Core, Version=15.1.0.0, Culture=neutral, PublicKeyToken=b03f5f7f11d50a3a".
       Tarea "AssignCulture"
       Ejecución de la tarea "AssignCulture" terminada.
   1:7>Compilación terminada del destino "SplitResourcesByCulture" en el proyecto "Spherical.csproj".
   1:7>Destino "CreateCustomManifestResourceNames" en el archivo "C:\Program Files\dotnet\sdk\10.0.103\Microsoft.Common.CurrentVersion.targets" del proyecto "e:\Documentos\Proyectos\Spherikal\Spherical\src\Spherical\Spherical.csproj" (el destino "PrepareResourceNames" depende de él):
   1:7>Compilación terminada del destino "CreateCustomManifestResourceNames" en el proyecto "Spherical.csproj".
   1:7>Destino "PrepareResourceNames" en el archivo "C:\Program Files\dotnet\sdk\10.0.103\Microsoft.Common.CurrentVersion.targets" del proyecto "e:\Documentos\Proyectos\Spherikal\Spherical\src\Spherical\Spherical.csproj" (el destino "PrepareResources" depende de él):
   1:7>Compilación terminada del destino "PrepareResourceNames" en el proyecto "Spherical.csproj".
       Se omitió el destino "ResolveAssemblyReferences". Compilado previamente de forma correcta.
       Se omitió el destino "SplitResourcesByCulture". Compilado previamente de forma correcta.
   1:7>Destino "BeforeResGen" en el archivo "C:\Program Files\dotnet\sdk\10.0.103\Microsoft.Common.CurrentVersion.targets" del proyecto "e:\Documentos\Proyectos\Spherikal\Spherical\src\Spherical\Spherical.csproj" (el destino "ResGen" depende de él):
   1:7>Compilación terminada del destino "BeforeResGen" en el proyecto "Spherical.csproj".
       Se omitió el destino "ResolveReferences". Compilado previamente de forma correcta.
   1:7>Destino "FindReferenceAssembliesForReferences" en el archivo "C:\Program Files\dotnet\sdk\10.0.103\Microsoft.Common.CurrentVersion.targets" del proyecto "e:\Documentos\Proyectos\Spherikal\Spherical\src\Spherical\Spherical.csproj" (el destino "CoreResGen" depende de él):
   1:7>Compilación terminada del destino "FindReferenceAssembliesForReferences" en el proyecto "Spherical.csproj".
   1:7>Destino "CoreResGen" en el archivo "C:\Program Files\dotnet\sdk\10.0.103\Microsoft.Common.CurrentVersion.targets" del proyecto "e:\Documentos\Proyectos\Spherikal\Spherical\src\Spherical\Spherical.csproj" (el destino "ResGen" depende de él):
   1:7>Compilación terminada del destino "CoreResGen" en el proyecto "Spherical.csproj".
   1:7>Destino "AfterResGen" en el archivo "C:\Program Files\dotnet\sdk\10.0.103\Microsoft.Common.CurrentVersion.targets" del proyecto "e:\Documentos\Proyectos\Spherikal\Spherical\src\Spherical\Spherical.csproj" (el destino "ResGen" depende de él):
   1:7>Compilación terminada del destino "AfterResGen" en el proyecto "Spherical.csproj".
   1:7>Destino "ResGen" en el archivo "C:\Program Files\dotnet\sdk\10.0.103\Microsoft.Common.CurrentVersion.targets" del proyecto "e:\Documentos\Proyectos\Spherikal\Spherical\src\Spherical\Spherical.csproj" (el destino "PrepareResources" depende de él):
   1:7>Compilación terminada del destino "ResGen" en el proyecto "Spherical.csproj".
   1:7>Destino "PrepareResources" en el archivo "C:\Program Files\dotnet\sdk\10.0.103\Microsoft.Common.CurrentVersion.targets" del proyecto "e:\Documentos\Proyectos\Spherikal\Spherical\src\Spherical\Spherical.csproj" (el destino "CoreBuild" depende de él):
   1:7>Compilación terminada del destino "PrepareResources" en el proyecto "Spherical.csproj".
       Se omitió el destino "ResolveReferences". Compilado previamente de forma correcta.
   1:7>Destino "_SetEmbeddedWin32ManifestProperties" en el archivo "C:\Program Files\dotnet\sdk\10.0.103\Microsoft.Common.CurrentVersion.targets" del proyecto "e:\Documentos\Proyectos\Spherikal\Spherical\src\Spherical\Spherical.csproj" (el destino "SetWin32ManifestProperties" depende de él):
       Usando la tarea "GetFrameworkPath" del ensamblado "Microsoft.Build.Tasks.Core, Version=15.1.0.0, Culture=neutral, PublicKeyToken=b03f5f7f11d50a3a".
       Tarea "GetFrameworkPath"
       Ejecución de la tarea "GetFrameworkPath" terminada.
   1:7>Compilación terminada del destino "_SetEmbeddedWin32ManifestProperties" en el proyecto "Spherical.csproj".
   1:7>Destino "SetWin32ManifestProperties" en el archivo "C:\Program Files\dotnet\sdk\10.0.103\Microsoft.Common.CurrentVersion.targets" del proyecto "e:\Documentos\Proyectos\Spherikal\Spherical\src\Spherical\Spherical.csproj" (el destino "Compile" depende de él):
   1:7>Compilación terminada del destino "SetWin32ManifestProperties" en el proyecto "Spherical.csproj".
       Se omitió el destino "FindReferenceAssembliesForReferences". Compilado previamente de forma correcta.
   1:7>Destino "_GenerateCompileInputs" en el archivo "C:\Program Files\dotnet\sdk\10.0.103\Microsoft.Common.CurrentVersion.targets" del proyecto "e:\Documentos\Proyectos\Spherikal\Spherical\src\Spherical\Spherical.csproj" (el destino "Compile" depende de él):
   1:7>Compilación terminada del destino "_GenerateCompileInputs" en el proyecto "Spherical.csproj".
       Se omitió el destino "PrepareForBuild". Compilado previamente de forma correcta.
   1:7>Destino "ResolveRazorConfiguration" en el archivo "C:\Program Files\dotnet\sdk\10.0.103\Sdks\Microsoft.NET.Sdk.Razor\targets\Sdk.Razor.CurrentVersion.targets" del proyecto "e:\Documentos\Proyectos\Spherikal\Spherical\src\Spherical\Spherical.csproj" (el destino "PrepareForRazorGenerate" depende de él):
       Usando la tarea "FindInList" del ensamblado "Microsoft.Build.Tasks.Core, Version=15.1.0.0, Culture=neutral, PublicKeyToken=b03f5f7f11d50a3a".
       Tarea "FindInList"
         Se encontró "MVC-3.0".
       Ejecución de la tarea "FindInList" terminada.
   1:7>Compilación terminada del destino "ResolveRazorConfiguration" en el proyecto "Spherical.csproj".
       Se omitió el destino "ResolveRazorGenerateInputs". Compilado previamente de forma correcta.
   1:7>Destino "ResolveScopedCssInputs" en el archivo "C:\Program Files\dotnet\sdk\10.0.103\Sdks\Microsoft.NET.Sdk.StaticWebAssets\targets\Microsoft.NET.Sdk.StaticWebAssets.ScopedCss.targets" del proyecto "e:\Documentos\Proyectos\Spherikal\Spherical\src\Spherical\Spherical.csproj" (el destino "ComputeCssScope" depende de él):
       Usando la tarea "DiscoverDefaultScopedCssItems" del ensamblado "C:\Program Files\dotnet\sdk\10.0.103\Sdks\Microsoft.NET.Sdk.StaticWebAssets\targets\..\tasks\net10.0\Microsoft.NET.Sdk.StaticWebAssets.Tasks.dll".
       Tarea "DiscoverDefaultScopedCssItems"
       Ejecución de la tarea "DiscoverDefaultScopedCssItems" terminada.
   1:7>Compilación terminada del destino "ResolveScopedCssInputs" en el proyecto "Spherical.csproj" -- ERROR.
   1:7>Compilación del proyecto terminada "e:\Documentos\Proyectos\Spherikal\Spherical\src\Spherical\Spherical.csproj" (Rebuild destinos) -- ERROR.

ERROR al compilar.
    0 Advertencia(s)
    0 Errores

Tiempo transcurrido 00:00:01.31
